ts,t1,t2,stateByte,timeSinceBoot,relayStatusByte,timeSinceCalibration
1717880525978664,0,-112,4,805792943,0,231841267
1717880526131088,0,-112,4,805945426,0,231993750
1717880526283089,0,-112,4,806097426,0,232145750
1717880526435085,0,-168,4,806249423,0,232297747
1717880526586674,0,-168,4,806400952,0,232449276
1717880526744138,0,-168,4,806558476,0,232606800
1717880526948100,0,-168,4,806762439,0,232810763
1717880527050211,0,-168,4,806864498,0,232912822
1717880527201343,0,-168,4,807015636,0,233063960
1717880527358225,0,-168,4,807172561,0,233220885
1717880527511079,54,-168,4,807325418,0,233373742
1717880527663079,0,-168,4,807477418,0,233525742
1717880527820214,0,-168,4,807634551,0,233682875
1717880527973097,0,-168,4,807787434,0,233835758
1717880528179225,0,-168,4,807993558,0,234041882
1717880528335096,0,-112,4,808149434,0,234197758
1717880528492261,0,-112,4,808306545,0,234354869
1717880528593130,0,-112,4,808407469,0,234455793
1717880528754343,0,-112,4,808568640,0,234616964
1717880528906162,0,-112,4,808720500,0,234768824
1717880529109399,0,-168,4,808923686,0,234972010
1717880529215451,0,-168,4,809029790,0,235078114
1717880529368231,0,-168,4,809182521,0,235230845
1717880529519611,0,-168,4,809333898,0,235382222
1717880529671480,0,-168,4,809485817,0,235534141
1717880529823083,0,-168,4,809637422,0,235685746
1717880529975135,0,-168,4,809789472,0,235837796
1717880530132188,0,-168,4,809946525,0,235994849
1717880530234083,0,-168,4,810048422,0,236096746
1717880530386135,0,-168,4,810200472,0,236248796
1717880530539080,0,-168,4,810353419,0,236401743
1717880530695079,0,-112,4,810509418,0,236557742
1717880530846097,0,-168,4,810660435,0,236708759
1717880530997121,0,-168,4,810811459,0,236859783
1717880531214245,0,-168,4,811028583,0,237076907
1717880531315251,54,-168,4,811129588,0,237177912
1717880531476120,0,-168,4,811290458,0,237338782
1717880531633092,0,-168,4,811447422,0,237495746
1717880531738196,0,-168,4,811552533,0,237600857
1717880531890264,0,-168,4,811704600,0,237752924
1717880532041308,0,-168,4,811855646,0,237903970
1717880532194099,0,-168,4,812008437,0,238056761
1717880532347114,0,-112,4,812161418,0,238209742
1717880532452576,0,-168,4,812266911,0,238315235
1717880532605431,54,-168,4,812419769,0,238468093
1717880532757226,0,-168,4,812571508,0,238619832
1717880532858242,0,-168,4,812672542,0,238720866
1717880533060431,0,-168,4,812874768,0,238923092
1717880533219251,0,-168,4,813033553,0,239081877
1717880533321328,54,-168,4,813135614,0,239183938
1717880533474140,0,-168,4,813288478,0,239336802
1717880533626079,0,-168,4,813440418,0,239488742
1717880533778218,0,-168,4,813592555,0,239640879
1717880533939145,0,-168,4,813753483,0,239801807
1717880534094276,0,-168,4,813908612,0,239956936
1717880534250220,0,-168,4,814064558,0,240112882
1717880534402221,0,-168,4,814216557,0,240264881
1717880534563214,0,-168,4,814377551,0,240425875
1717880534714216,0,-168,4,814528553,0,240576877
1717880534870079,0,-168,4,814684418,0,240732742
1717880534971137,0,-168,4,814785475,0,240833799
1717880535123116,0,-168,4,814937455,0,240985779
1717880535275144,0,-168,4,815089482,0,241137806
1717880535432097,0,-168,4,815246434,0,241294758
1717880535588390,0,-112,4,815402728,0,241451052
1717880535690532,0,-112,4,815504857,0,241553181
1717880535843136,0,-112,4,815657474,0,241705798
1717880535996185,0,-112,4,815810524,0,241858848
1717880536204080,0,-112,4,816018419,0,242066743
1717880536304208,0,-168,4,816118546,0,242166870
1717880536461213,54,-112,4,816275550,0,242323874
1717880536617216,0,-112,4,816431554,0,242479878
1717880536768207,0,-168,4,816582544,0,242630868
1717880536920218,0,-112,4,816734555,0,242782879
1717880537076209,0,-168,4,816890547,0,242938871
1717880537178227,0,-168,4,816992564,0,243040888
1717880537390096,0,-168,4,817204434,0,243252758
1717880537541233,0,-168,4,817355571,0,243403895
1717880537694227,0,-168,4,817508561,0,243556885
1717880537850079,0,-112,4,817664418,0,243712742
1717880538002097,0,-168,4,817816436,0,243864760
1717880538154219,54,-112,4,817968555,0,244016879
1717880538260397,0,-112,4,818074680,0,244123004
1717880538414085,-54,-168,4,818228423,0,244276747
1717880538516102,0,-168,4,818330439,0,244378763
1717880538673495,0,-112,4,818487829,0,244536153
1717880538826397,54,-168,4,818640735,0,244689059
1717880538984223,0,-168,4,818798560,0,244846884
1717880539090376,0,-168,4,818904669,0,244952993
1717880539248212,0,-168,4,819062550,0,245110874
1717880539409225,0,-168,4,819223559,0,245271883
1717880539515143,0,-168,4,819329480,0,245377804
1717880539672218,0,-168,4,819486551,0,245534875
1717880539833412,0,-168,4,819647749,0,245696073
1717880539986385,0,-168,4,819800724,0,245849048
1717880540139488,0,-168,4,819953825,0,246002149
1717880540241753,-54,-168,4,820056069,0,246104393
1717880540445142,0,-168,4,820259479,0,246307803
1717880540547217,0,-168,4,820361555,0,246409879
1717880540704189,0,-168,4,820518527,0,246566851
1717880540856134,0,-168,4,820670472,0,246718796
1717880541012221,0,-168,4,820826506,0,246874830
1717880541165162,0,-168,4,820979500,0,247027824
1717880541321304,0,-168,4,821135629,0,247183953
1717880541477370,0,-168,4,821291669,0,247339993
1717880541631262,54,-168,4,821445543,0,247493867
1717880541738223,0,-168,4,821552561,0,247600885
1717880541889185,0,-168,4,821703523,0,247751847
1717880542041187,0,-168,4,821855524,0,247903848
1717880542193081,0,-168,4,822007419,0,248055743
1717880542295245,0,-168,4,822109543,0,248157867
1717880542448240,0,-168,4,822262560,0,248310884
1717880542600118,0,-168,4,822414457,0,248462781
1717880542751096,0,-168,4,822565434,0,248613758
1717880542907228,54,-168,4,822721561,0,248769885
1717880543059083,0,-168,4,822873419,0,248921743
1717880543159353,0,-112,4,822973635,0,249021959
1717880543312135,0,-112,4,823126473,0,249174797
1717880543472213,0,-168,4,823286550,0,249334874
1717880543578499,0,-112,4,823392830,0,249441154
1717880543731480,0,-168,4,823545816,0,249594140
1717880543884085,0,-168,4,823698423,0,249746747
1717880543985740,-54,-112,4,823800044,0,249848368
1717880544138101,54,-112,4,823952439,0,250000763
1717880544295096,0,-168,4,824109434,0,250157758
1717880544452096,0,-168,4,824266434,0,250314758
1717880544558345,0,-168,4,824372649,0,250420973
1717880544711326,0,-168,4,824525643,0,250573967
1717880544864081,0,-168,4,824678420,0,250726744
1717880545018136,0,-168,4,824832474,0,250880798
1717880545169113,0,-168,4,824983452,0,251031776
1717880545330223,-54,-168,4,825144560,0,251192884
1717880545487214,0,-168,4,825301552,0,251349876
1717880545588145,0,-168,4,825402482,0,251450806
1717880545744225,0,-168,4,825558563,0,251606887
1717880545905364,0,-168,4,825719701,0,251768025
1717880546058485,0,-168,4,825872822,0,251921146
1717880546161221,0,-168,4,825975558,0,252023882
1717880546373079,0,-168,4,826187418,0,252235742
1717880546529084,0,-168,4,826343420,0,252391744
1717880546685213,0,-225,4,826499549,0,252547873
1717880546841144,0,-225,4,826655481,0,252703805
1717880546992177,0,-225,4,826806480,0,252854804
1717880547144165,0,-225,4,826958504,0,253006828
1717880547303218,0,-225,4,827117555,0,253165879
1717880547461229,0,-168,4,827275560,0,253323884
1717880547563365,0,-168,4,827377656,0,253425980
1717880547715202,0,-168,4,827529499,0,253577823
1717880547867115,0,-168,4,827681454,0,253729778
1717880548078412,-54,-168,4,827892749,0,253941073
1717880548231485,0,-168,4,828045821,0,254094145
1717880548384406,0,-168,4,828198743,0,254247067
1717880548537388,0,-168,4,828351717,0,254400041
1717880548689485,0,-168,4,828503823,0,254552147
1717880548842189,0,-168,4,828656526,0,254704850
1717880548948215,0,-168,4,828762554,0,254810878
1717880549104213,0,-168,4,828918551,0,254966875
1717880549210227,0,-112,4,829024564,0,255072888
1717880549371079,0,-112,4,829185418,0,255233742
1717880549529112,0,-112,4,829343450,0,255391774
1717880549631256,0,-112,4,829445586,0,255493910
1717880549835178,0,-112,4,829649516,0,255697840
1717880549990289,0,-112,4,829804626,0,255852950
1717880550147142,0,-112,4,829961480,0,256009804
1717880550304370,0,-112,4,830118709,0,256167033
1717880550457438,0,-112,4,830271775,0,256320099
1717880550559608,0,-112,4,830373903,0,256422227
1717880550712430,0,-168,4,830526765,0,256575089
1717880550914377,0,-168,4,830728716,0,256777040
1717880551017225,0,-168,4,830831563,0,256879887
1717880551174136,0,-168,4,830988474,0,257036798
1717880551325166,0,-168,4,831139502,0,257187826
1717880551426222,0,-168,4,831240559,0,257288883
1717880551583079,0,-168,4,831397418,0,257445742
1717880551740209,-54,-168,4,831554547,0,257602871
1717880551892202,0,-225,4,831706539,0,257754863
1717880552044277,0,-225,4,831858563,0,257906887
1717880552195212,0,-225,4,832009550,0,258057874
1717880552352083,54,-225,4,832166419,0,258214743
1717880552453216,0,-225,4,832267553,0,258315877
1717880552610175,0,-168,4,832424513,0,258472837
1717880552771382,-54,-168,4,832585671,0,258633995
1717880552926096,0,-168,4,832740434,0,258788758
1717880553083124,0,-168,4,832897462,0,258945786
1717880553236080,54,-168,4,833050419,0,259098743
1717880553391371,0,-168,4,833205708,0,259254032
1717880553493437,0,-168,4,833307776,0,259356100
1717880553646432,0,-112,4,833460769,0,259509093
1717880553798085,0,-112,4,833612423,0,259660747
1717880553949486,0,-112,4,833763823,0,259812147
1717880554101435,0,-112,4,833915773,0,259964097
1717880554263101,0,-112,4,834077439,0,260125763
1717880554415085,0,-112,4,834229423,0,260277747
1717880554517362,-54,-112,4,834331672,0,260379996
1717880554669327,0,-112,4,834483630,0,260531954
1717880554821381,0,-112,4,834635684,0,260684008
1717880554978185,0,-112,4,834792524,0,260840848
1717880555134212,-54,-112,4,834948528,0,260996852
1717880555290224,0,-112,4,835104562,0,261152886
1717880555396284,0,-112,4,835210622,0,261258946
1717880555554312,54,-112,4,835368619,0,261416943
1717880555707210,0,-112,4,835521547,0,261569871
1717880555812218,0,-112,4,835626555,0,261674879
1717880556020499,0,-168,4,835834831,0,261883155
1717880556173623,0,-168,4,835987960,0,262036284
1717880556326485,0,-112,4,836140823,0,262189147
1717880556429356,0,-112,4,836243638,0,262291962
1717880556586162,0,-112,4,836400475,0,262448799
1717880556743225,0,-112,4,836557563,0,262605887
1717880556896224,54,-168,4,836710558,0,262758882
1717880557053083,0,-112,4,836867419,0,262915743
1717880557209353,0,-168,4,837023690,0,263072014
1717880557310337,0,-168,4,837124637,0,263172961
1717880557467112,0,-168,4,837281451,0,263329775
1717880557619147,0,-168,4,837433485,0,263481809
1717880557832217,0,-168,4,837646554,0,263694878
1717880557989221,-54,-168,4,837803554,0,263851878
1717880558146361,0,-168,4,837960699,0,264009023
1717880558299401,0,-168,4,838113740,0,264162064
1717880558452151,0,-168,4,838266488,0,264314812
1717880558609168,0,-112,4,838423503,0,264471827
1717880558761222,0,-112,4,838575559,0,264623883
1717880558922139,0,-112,4,838736477,0,264784801
1717880559024143,0,-112,4,838838479,0,264886803
1717880559180220,0,-112,4,838994515,0,265042839
1717880559333126,0,-112,4,839147465,0,265195789
1717880559485129,0,-112,4,839299468,0,265347792
1717880559637096,0,-112,4,839451434,0,265499758
1717880559789101,-54,-112,4,839603439,0,265651763
1717880559942159,0,-112,4,839756498,0,265804822
1717880560100389,0,-112,4,839914677,0,265963001
1717880560307271,0,-112,4,840121563,0,266169887
1717880560459220,0,-112,4,840273558,0,266321882
1717880560565138,0,-168,4,840379476,0,266427800
1717880560717338,0,-168,4,840531660,0,266579984
1717880560926486,-54,-168,4,840740824,0,266789148
1717880561079393,0,-168,4,840893721,0,266942045
1717880561232363,0,-168,4,841046700,0,267095024
1717880561334485,0,-168,4,841148823,0,267197147
1717880561492218,0,-168,4,841306555,0,267354879
1717880561644162,0,-168,4,841458500,0,267506824
1717880561797110,0,-112,4,841611441,0,267659765
1717880561948225,0,-112,4,841762561,0,267810885
1717880562104213,0,-112,4,841918550,0,267966874
1717880562256201,0,-112,4,842070492,0,268118816
1717880562408096,-54,-168,4,842222434,0,268270758
1717880562561129,0,-168,4,842375468,0,268423792
1717880562717215,0,-168,4,842531551,0,268579875
1717880562869176,0,-168,4,842683514,0,268731838
1717880563024224,0,-168,4,842838557,0,268886881
1717880563177206,0,-168,4,842991544,0,269039868
1717880563282379,0,-168,4,843096672,0,269144996
1717880563434163,0,-168,4,843248501,0,269296825
1717880563591218,0,-168,4,843405555,0,269453879
1717880563701162,0,-168,4,843515441,0,269563765
1717880563852144,0,-168,4,843666481,0,269714805
1717880564009080,0,-168,4,843823419,0,269871743
1717880564114732,-54,-168,4,843929027,0,269977351
1717880564267568,0,-168,4,844081903,0,270130227
1717880564421136,0,-168,4,844235474,0,270283798
1717880564582111,0,-112,4,844396448,0,270444772
1717880564683369,0,-112,4,844497652,0,270545976
1717880564840098,0,-168,4,844654436,0,270702760
1717880565050214,0,-168,4,844864551,0,270912875
1717880565155394,0,-112,4,844969686,0,271018010
1717880565363087,0,-112,4,845177421,0,271225745
1717880565464369,0,-112,4,845278688,0,271327012
1717880565616218,0,-112,4,845430556,0,271478880
1717880565773217,0,-168,4,845587554,0,271635878
1717880565930218,-54,-112,4,845744556,0,271792880
1717880566087485,0,-168,4,845901822,0,271950146
1717880566240599,0,-168,4,846054937,0,272103261
1717880566341788,0,-168,4,846156071,0,272204395
1717880566493721,54,-168,4,846308021,0,272356345
1717880566647220,0,-168,4,846461501,0,272509825
1717880566799143,0,-168,4,846613476,0,272661800
1717880566956109,0,-168,4,846770447,0,272818771
1717880567112084,0,-168,4,846926423,0,272974747
1717880567268097,0,-168,4,847082435,0,273130759
1717880567419227,0,-168,4,847233555,0,273281879
1717880567572097,0,-168,4,847386436,0,273434760
1717880567728220,0,-168,4,847542558,0,273590882
1717880567888226,0,-168,4,847702561,0,273750885
1717880568046102,0,-168,4,847860440,0,273908764
1717880568197226,0,-112,4,848011555,0,274059879
1717880568350079,0,-112,4,848164418,0,274212742
1717880568506083,-54,-112,4,848320422,0,274368746
1717880568658097,-54,-112,4,848472434,0,274520758
1717880568811222,0,-112,4,848625559,0,274673883
1717880568917446,0,-112,4,848731785,0,274780109
1717880569070585,0,-112,4,848884887,0,274933211
1717880569223379,0,-168,4,849037715,0,275086039
1717880569376534,0,-112,4,849190860,0,275239184
1717880569479246,0,-112,4,849293549,0,275341873
1717880569640080,-54,-112,4,849454418,0,275502742
1717880569792223,0,-168,4,849606560,0,275654884
1717880569945214,0,-168,4,849759551,0,275807875
1717880570103218,0,-168,4,849917554,0,275965878
1717880570254289,0,-168,4,850068628,0,276116952
1717880570411097,0,-168,4,850225434,0,276273758
1717880570562096,0,-112,4,850376434,0,276424758
1717880570718210,0,-112,4,850532548,0,276580872
1717880570874225,0,-112,4,850688555,0,276736879
1717880571031205,0,-168,4,850845543,0,276893867
1717880571183264,0,-168,4,850997556,0,277045880
1717880571340223,0,-112,4,851154560,0,277202884
1717880571497367,0,-112,4,851311705,0,277360029
1717880571599493,0,-112,4,851413828,0,277462152
1717880571752400,-54,-112,4,851566737,0,277615061
1717880571905429,0,-112,4,851719767,0,277768091
1717880572062167,0,-112,4,851876503,0,277924827
1717880572214289,0,-112,4,852028583,0,278076907
1717880572367224,-54,-112,4,852181561,0,278229885
1717880572520100,0,-112,4,852334439,0,278382763
1717880572676081,0,-112,4,852490420,0,278538744
1717880572833096,0,-112,4,852647434,0,278695758
1717880572988096,0,-168,4,852802434,0,278850758
1717880573140096,0,-168,4,852954434,0,279002758
1717880573245270,0,-168,4,853059589,0,279107913
1717880573450223,0,-168,4,853264560,0,279312884
1717880573610115,0,-168,4,853424453,0,279472777
1717880573762112,0,-168,4,853576449,0,279624773
1717880573868079,54,-168,4,853682418,0,279730742
1717880574020227,0,-168,4,853834563,0,279882887
1717880574171381,0,-168,4,853985668,0,280033992
1717880574328588,0,-168,4,854142865,0,280191189
1717880574430562,-54,-112,4,854244861,0,280293185
1717880574583366,0,-112,4,854397703,0,280446027
1717880574736492,0,-168,4,854550824,0,280599148
1717880574838723,0,-112,4,854653011,0,280701335
1717880574990484,0,-112,4,854804820,0,280853144
1717880575143088,0,-168,4,854957427,0,281005751
1717880575297144,0,-168,4,855111483,0,281159807
1717880575458343,0,-168,4,855272641,0,281320965
1717880575615096,0,-168,4,855429434,0,281477758
1717880575766096,0,-168,4,855580434,0,281628758
1717880575922096,0,-168,4,855736434,0,281784758
1717880576079079,0,-168,4,855893418,0,281941742
1717880576229281,0,-168,4,856043567,0,282091891
1717880576382322,0,-168,4,856196621,0,282244945
1717880576534291,0,-168,4,856348629,0,282396953
1717880576690298,0,-168,4,856504609,0,282552933
1717880576792142,0,-168,4,856606479,0,282654803
1717880576944160,0,-168,4,856758499,0,282806823
1717880577100214,0,-168,4,856914552,0,282962876
1717880577260272,-54,-168,4,857074555,0,283122879
1717880577417364,0,-168,4,857231701,0,283280025
1717880577569442,54,-168,4,857383778,0,283432102
1717880577670795,0,-168,4,857485075,0,283533399
1717880577873140,0,-168,4,857687478,0,283735802
1717880578025136,0,-168,4,857839474,0,283887798
1717880578176486,0,-168,4,857990823,0,284039147
1717880578328487,0,-168,4,858142824,0,284191148
1717880578431224,0,-168,4,858245563,0,284293887
1717880578587195,0,-112,4,858401533,0,284449857
1717880578743139,0,-112,4,858557477,0,284605801
1717880578900079,0,-112,4,858714418,0,284762742
1717880579053137,0,-112,4,858867474,0,284915798
1717880579204216,0,-112,4,859018553,0,285066877
1717880579310138,0,-112,4,859124476,0,285172800
1717880579467096,0,-168,4,859281434,0,285329758
1717880579623130,-54,-168,4,859437469,0,285485793
1717880579777097,0,-168,4,859591435,0,285639759
1717880579928339,-54,-168,4,859742657,0,285790981
1717880580080135,-54,-225,4,859894472,0,285942796
1717880580287078,0,-168,4,860101417,0,286149741
1717880580440079,0,-168,4,860254418,0,286302742
1717880580592079,0,-168,4,860406418,0,286454742
1717880580748208,0,-168,4,860562547,0,286610871
1717880580899079,0,-168,4,860713418,0,286761742
1717880581051210,0,-168,4,860865543,0,286913867
1717880581204096,0,-168,4,861018434,0,287066758
1717880581358484,0,-168,4,861172821,0,287221145
1717880581460485,0,-112,4,861274823,0,287323147
1717880581613736,0,-112,4,861428019,0,287476343
1717880581766417,-54,-112,4,861580756,0,287629080
1717880581868586,0,-168,4,861682921,0,287731245
1717880582020488,0,-168,4,861834824,0,287883148
1717880582174110,-54,-168,4,861988449,0,288036773
1717880582275228,0,-168,4,862089565,0,288137889
1717880582487272,0,-112,4,862301563,0,288349887
1717880582590173,0,-112,4,862404486,0,288452810
1717880582746228,0,-112,4,862560562,0,288608886
1717880582898272,0,-112,4,862712609,0,288760933
1717880582999187,54,-112,4,862813485,0,288861809
1717880583159192,0,-112,4,862973530,0,289021854
1717880583311122,0,-112,4,863125460,0,289173784
1717880583466163,0,-112,4,863280501,0,289328825
1717880583618183,0,-112,4,863432521,0,289480845
1717880583774257,0,-112,4,863588594,0,289636918
1717880583935096,0,-112,4,863749434,0,289797758
1717880584090365,0,-112,4,863904702,0,289953026
1717880584243433,0,-168,4,864057770,0,290106094
1717880584396469,0,-168,4,864210807,0,290259131
1717880584549662,0,-168,4,864363959,0,290412283
1717880584650580,0,-168,4,864464902,0,290513226
1717880584852421,0,-168,4,864666760,0,290715084
1717880585004371,0,-168,4,864818708,0,290867032
1717880585158217,0,-225,4,864972555,0,291020879
1717880585314079,0,-225,4,865128418,0,291176742
1717880585466110,0,-225,4,865280448,0,291328772
1717880585619136,0,-225,4,865433474,0,291481798
1717880585775082,0,-225,4,865589420,0,291637744
1717880585880217,0,-168,4,865694555,0,291742879
1717880586036215,0,-168,4,865850554,0,291898878
1717880586193096,0,-168,4,866007434,0,292055758
1717880586344140,0,-168,4,866158479,0,292206803
1717880586496142,-54,-168,4,866310479,0,292358803
1717880586649317,0,-168,4,866463655,0,292511979
1717880586805084,0,-168,4,866619423,0,292667747
1717880586965097,0,-168,4,866779434,0,292827758
1717880587116138,-54,-168,4,866930475,0,292978799
1717880587277484,0,-168,4,867091821,0,293140145
1717880587430379,54,-112,4,867244718,0,293293042
1717880587583365,0,-112,4,867397702,0,293446026
1717880587735433,0,-112,4,867549770,0,293598094
1717880587887392,0,-112,4,867701730,0,293750054
1717880588042143,-54,-112,4,867856480,0,293904804
1717880588148327,0,-112,4,867962664,0,294010988
1717880588304079,0,-112,4,868118418,0,294166742
1717880588459323,-54,-112,4,868273644,0,294321968
1717880588561384,0,-112,4,868375665,0,294423989
1717880588714096,0,-112,4,868528434,0,294576758
1717880588866376,0,-112,4,868680658,0,294728982
1717880589023109,0,-168,4,868837447,0,294885771
1717880589176079,0,-168,4,868990418,0,295038742
1717880589328085,0,-168,4,869142419,0,295190743
1717880589481205,0,-168,4,869295542,0,295343866
1717880589639117,0,-168,4,869453454,0,295501778
1717880589745186,0,-168,4,869559524,0,295607848
1717880589896213,0,-168,4,869710551,0,295758875
1717880590049303,0,-168,4,869863586,0,295911910
1717880590208092,0,-112,4,870022427,0,296070751
1717880590360209,0,-112,4,870174547,0,296222871
1717880590466732,0,-112,4,870281013,0,296329337
1717880590624096,0,-112,4,870438434,0,296486758
1717880590826338,0,-112,4,870640635,0,296688959
1717880590928317,0,-112,4,870742620,0,296790944
1717880591080171,-54,-168,4,870894501,0,296942825
1717880591237079,0,-168,4,871051418,0,297099742
1717880591397222,0,-168,4,871211559,0,297259883
1717880591549207,0,-168,4,871363544,0,297411868
1717880591709143,0,-168,4,871523481,0,297571805
1717880591916311,0,-168,4,871730611,0,297778935
1717880592017354,0,-168,4,871831651,0,297879975
1717880592174221,0,-168,4,871988524,0,298036848
1717880592326217,0,-168,4,872140554,0,298188878
1717880592487400,-54,-168,4,872301737,0,298350061
1717880592589668,0,-168,4,872403983,0,298452307
1717880592742694,0,-168,4,872556985,0,298605309
1717880592895143,0,-168,4,872709480,0,298757804
1717880592996779,0,-168,4,872811059,0,298859383
1717880593158166,-54,-168,4,872972468,0,299020792
1717880593359136,0,-168,4,873173474,0,299221798
1717880593519223,0,-168,4,873333560,0,299381884
1717880593671227,-54,-168,4,873485564,0,299533888
1717880593828285,0,-168,4,873642607,0,299690931
1717880593980137,0,-168,4,873794474,0,299842798
1717880594131079,0,-168,4,873945418,0,299993742
1717880594284096,0,-168,4,874098434,0,300146758
1717880594437217,0,-168,4,874251550,0,300299874
1717880594538213,0,-168,4,874352551,0,300400875
1717880594694399,-54,-168,4,874508683,0,300557007
1717880594847100,0,-168,4,874661438,0,300709762
1717880595000248,0,-168,4,874814548,0,300862872
1717880595156230,0,-168,4,874970563,0,301018887
1717880595266316,0,-168,4,875080597,0,301128921
1717880595471364,0,-168,4,875285701,0,301334025
1717880595573655,0,-168,4,875387990,0,301436314
1717880595726508,0,-168,4,875540834,0,301589158
1717880595879093,0,-168,4,875693432,0,301741756
1717880596031090,0,-168,4,875845424,0,301893748
1717880596132719,-54,-168,4,875946997,0,301995321
1717880596284187,-54,-168,4,876098471,0,302146795
1717880596435439,-54,-168,4,876249778,0,302298102
1717880596587406,0,-168,4,876401742,0,302450066
1717880596740163,0,-168,4,876554500,0,302602824
1717880596893227,0,-168,4,876707559,0,302755883
1717880597045088,-54,-168,4,876859427,0,302907751
1717880597147216,-54,-168,4,876961553,0,303009877
1717880597355165,0,-112,4,877169504,0,303217828
1717880597512101,-54,-112,4,877326439,0,303374763
1717880597614370,-54,-112,4,877428666,0,303476990
1717880597766097,0,-112,4,877580436,0,303628760
1717880597867133,0,-112,4,877681472,0,303729796
1717880598025226,0,-112,4,877839564,0,303887888
1717880598183302,0,-112,4,877997614,0,304045938
1717880598341253,-54,-112,4,878155557,0,304203881
1717880598448103,0,-112,4,878262441,0,304310765
1717880598603401,0,-112,4,878417682,0,304466006
1717880598756096,0,-112,4,878570434,0,304618758
1717880598907371,0,-112,4,878721671,0,304769995
1717880599060134,-54,-168,4,878874472,0,304922796
1717880599213366,0,-168,4,879027703,0,305076027
1717880599315774,-54,-168,4,879130054,0,305178378
1717880599519466,0,-168,4,879333804,0,305382128
1717880599621488,0,-168,4,879435824,0,305484148
1717880599775336,0,-168,4,879589650,0,305637974
1717880599982222,0,-168,4,879796556,0,305844880
1717880600135122,0,-168,4,879949461,0,305997785
1717880600288217,0,-168,4,880102554,0,306150878
1717880600440097,-54,-168,4,880254434,0,306302758
1717880600542380,0,-168,4,880356679,0,306405003
1717880600699079,0,-168,4,880513418,0,306561742
1717880600851311,0,-168,4,880665633,0,306713957
1717880600953224,0,-168,4,880767561,0,306815885
1717880601108224,0,-168,4,880922559,0,306970883
1717880601259216,0,-168,4,881073553,0,307121877
1717880601365142,0,-168,4,881179479,0,307227803
1717880601521096,0,-168,4,881335434,0,307383758
1717880601674260,0,-168,4,881488597,0,307536921
1717880601776323,0,-168,4,881590653,0,307638977
1717880601937081,0,-225,4,881751419,0,307799743
1717880602088214,54,-168,4,881902552,0,307950876
1717880602198375,0,-168,4,882012712,0,308061036
1717880602351370,0,-168,4,882165707,0,308214031
1717880602453580,0,-168,4,882267915,0,308316239
1717880602606450,0,-225,4,882420787,0,308469111
1717880602810194,-54,-168,4,882624532,0,308672856
1717880602970322,0,-168,4,882784645,0,308832969
1717880603123079,0,-168,4,882937418,0,308985742
1717880603223210,0,-168,4,883037492,0,309085816
1717880603375374,0,-168,4,883189670,0,309237994
1717880603528126,0,-168,4,883342464,0,309390788
1717880603684096,0,-168,4,883498435,0,309546759
1717880603790308,0,-168,4,883604645,0,309652969
1717880603943162,0,-168,4,883757500,0,309805824
1717880604099221,0,-168,4,883913556,0,309961880
1717880604251083,0,-168,4,884065420,0,310113744
1717880604402372,-54,-112,4,884216665,0,310264989
1717880604559096,0,-168,4,884373434,0,310421758
1717880604711096,0,-168,4,884525434,0,310573758
1717880604864162,0,-168,4,884678500,0,310726824
1717880605016224,0,-168,4,884830561,0,310878885
1717880605177079,-54,-168,4,884991418,0,311039742
1717880605333679,0,-168,4,885147975,0,311196299
1717880605435805,0,-168,4,885250089,0,311298413
1717880605588464,0,-168,4,885402803,0,311451127
1717880605741463,0,-168,4,885555801,0,311604125
1717880605843674,0,-168,4,885657950,0,311706274
1717880605995369,0,-168,4,885809705,0,311858029
1717880606154217,0,-168,4,885968551,0,312016875
1717880606311211,-54,-168,4,886125548,0,312173872
1717880606468134,0,-168,4,886282472,0,312330796
1717880606573312,0,-168,4,886387593,0,312435917
1717880606726081,0,-168,4,886540420,0,312588744
1717880606879096,0,-168,4,886693434,0,312741758
1717880607030090,0,-225,4,886844423,0,312892747
1717880607132153,0,-225,4,886946490,0,312994814
1717880607283355,0,-225,4,887097656,0,313145980
1717880607436145,0,-225,4,887250483,0,313298807
1717880607592321,0,-225,4,887406624,0,313454948
1717880607699285,0,-225,4,887513579,0,313561903
1717880607907096,0,-281,4,887721434,0,313769758
1717880608060245,0,-225,4,887874580,0,313922904
1717880608217450,0,-281,4,888031788,0,314080112
1717880608319798,0,-281,4,888134084,0,314182408
1717880608472481,0,-225,4,888286819,0,314335143
1717880608625513,0,-225,4,888439834,0,314488158
1717880608728219,0,-225,4,888542556,0,314590880
1717880608880129,0,-225,4,888694467,0,314742791
1717880609040218,0,-168,4,888854556,0,314902880
1717880609192216,0,-168,4,889006554,0,315054878
1717880609298163,0,-168,4,889112501,0,315160825
1717880609463216,0,-168,4,889277553,0,315325877
1717880609616225,0,-168,4,889430558,0,315478882
1717880609768224,0,-112,4,889582561,0,315630885
1717880609870376,-54,-168,4,889684659,0,315732983
1717880610023096,0,-168,4,889837434,0,315885758
1717880610179084,0,-168,4,889993422,0,316041746
1717880610331223,-54,-168,4,890145561,0,316193885
1717880610437142,0,-168,4,890251479,0,316299803
1717880610593399,-54,-168,4,890407736,0,316456060
1717880610746377,0,-168,4,890560715,0,316609039
1717880610899778,-54,-168,4,890714076,0,316762400
1717880611052397,-54,-168,4,890866734,0,316915058
1717880611204541,-54,-168,4,891018858,0,317067182
1717880611356483,0,-168,4,891170820,0,317219144
1717880611508546,-54,-168,4,891322859,0,317371183
1717880611660089,0,-168,4,891474428,0,317522752
1717880611811507,0,-168,4,891625834,0,317674158
1717880611914213,-54,-168,4,891728551,0,317776875
1717880612075153,0,-168,4,891889450,0,317937774
1717880612227136,0,-168,4,892041475,0,318089799
1717880612380212,0,-168,4,892194549,0,318242873
1717880612532217,-54,-112,4,892346554,0,318394878
1717880612689079,0,-168,4,892503418,0,318551742
1717880612841086,0,-168,4,892655424,0,318703748
1717880612994215,0,-168,4,892808553,0,318856877
1717880613150218,-54,-112,4,892964556,0,319012880
1717880613307278,-54,-168,4,893121568,0,319169892
1717880613462118,0,-168,4,893276456,0,319324780
1717880613613221,0,-168,4,893427555,0,319475879
1717880613714387,-54,-168,4,893528685,0,319577009
1717880613867097,-54,-168,4,893681436,0,319729760
1717880614019079,0,-168,4,893833418,0,319881742
1717880614221096,0,-168,4,894035434,0,320083758
1717880614376091,-54,-168,4,894190430,0,320238754
1717880614529126,-54,-168,4,894343461,0,320391785
1717880614681265,0,-168,4,894495585,0,320543909
1717880614893365,0,-168,4,894707703,0,320756027
1717880615097369,0,-168,4,894911706,0,320960030
1717880615250378,0,-112,4,895064715,0,321113039
1717880615403136,0,-168,4,895217474,0,321265798
1717880615554439,0,-168,4,895368778,0,321417102
1717880615706489,0,-168,4,895520826,0,321569150
1717880615807446,0,-168,4,895621784,0,321670108
1717880615959457,0,-168,4,895773794,0,321822118
1717880616112086,-54,-168,4,895926424,0,321974748
1717880616272162,-54,-168,4,896086500,0,322134824
1717880616428219,0,-168,4,896242556,0,322290880
1717880616585215,-54,-168,4,896399553,0,322447877
1717880616746213,0,-168,4,896560550,0,322608874
1717880616899114,-54,-168,4,896713452,0,322761776
1717880617004081,0,-168,4,896818420,0,322866744
1717880617161162,0,-168,4,896975500,0,323023824
1717880617322367,0,-168,4,897136705,0,323185029
1717880617475398,-54,-168,4,897289735,0,323338059
1717880617628400,-54,-225,4,897442737,0,323491061
1717880617730144,0,-225,4,897544439,0,323592763
1717880617884322,0,-225,4,897698646,0,323746970
1717880618045096,0,-168,4,897859434,0,323907758
1717880618196208,0,-168,4,898010545,0,324058869
1717880618303216,0,-225,4,898117554,0,324165878
1717880618463228,-54,-168,4,898277560,0,324325884
1717880618624116,-54,-225,4,898438453,0,324486777
1717880618725295,0,-225,4,898539594,0,324587918
1717880618878214,-54,-225,4,898692551,0,324740875
1717880619030215,0,-225,4,898844550,0,324892874
1717880619183219,0,-225,4,898997556,0,325045880
1717880619344395,0,-225,4,899158734,0,325207058
1717880619497484,0,-225,4,899311821,0,325360145
1717880619650433,-54,-168,4,899464772,0,325513096
1717880619853526,-54,-168,4,899667851,0,325716175
1717880619956307,0,-168,4,899770604,0,325818928
1717880620108168,0,-168,4,899922506,0,325970830
1717880620265079,0,-168,4,900079418,0,326127742
1717880620422081,0,-168,4,900236419,0,326284743
1717880620583216,0,-168,4,900397552,0,326445876
1717880620688402,0,-168,4,900502690,0,326551014
1717880620844225,-54,-112,4,900658563,0,326706887
1717880621056096,0,-112,4,900870434,0,326918758
1717880621258081,0,-112,4,901072419,0,327120743
1717880621413214,0,-168,4,901227552,0,327275876
1717880621615375,0,-112,4,901429681,0,327478005
1717880621769125,0,-112,4,901583462,0,327631786
1717880621870354,0,-168,4,901684660,0,327732984
1717880622027397,0,-112,4,901841735,0,327890059
1717880622180670,0,-112,4,901995005,0,328043329
1717880622397096,0,-168,4,902211434,0,328259758
1717880622550184,0,-168,4,902364523,0,328412847
1717880622712079,0,-168,4,902526418,0,328574742
1717880622869104,0,-168,4,902683443,0,328731767
1717880623022096,0,-168,4,902836434,0,328884758
1717880623173379,0,-168,4,902987671,0,329035995
1717880623324228,0,-112,4,903138565,0,329186889
1717880623482105,-54,-168,4,903296443,0,329344767
1717880623640166,0,-168,4,903454505,0,329502829
1717880623792191,0,-168,4,903606524,0,329654848
1717880623945109,0,-168,4,903759447,0,329807771
1717880624098368,0,-168,4,903912706,0,329961030
1717880624251481,0,-168,4,904065819,0,330114143
1717880624404540,-54,-168,4,904218868,0,330267192
1717880624557388,0,-168,4,904371725,0,330420049
1717880624710115,0,-168,4,904524448,0,330572772
1717880624870223,0,-168,4,904684561,0,330732885
1717880625026183,0,-168,4,904840521,0,330888845
1717880625179096,-54,-168,4,904993434,0,331041758
1717880625331382,0,-168,4,905145665,0,331193989
1717880625484096,0,-168,4,905298434,0,331346758
1717880625635138,0,-168,4,905449475,0,331497799
1717880625790096,0,-168,4,905604434,0,331652758
1717880625947224,-54,-225,4,905761555,0,331809879
1717880626103088,0,-225,4,905917419,0,331965743
1717880626260213,0,-168,4,906074550,0,332122874
1717880626415258,0,-168,4,906229553,0,332277877
1717880626568120,0,-168,4,906382457,0,332430781
1717880626678381,0,-168,4,906492719,0,332541043
1717880626831400,-54,-168,4,906645737,0,332694061
1717880626984527,-54,-168,4,906798847,0,332847171
1717880627137618,0,-168,4,906951916,0,333000240
1717880627289700,0,-168,4,907103998,0,333152322
1717880627441140,-54,-168,4,907255478,0,333303802
1717880627592553,0,-168,4,907406887,0,333455211
1717880627795371,0,-225,4,907609709,0,333658033
1717880628007222,0,-225,4,907821559,0,333869883
1717880628168079,0,-225,4,907982418,0,334030742
1717880628373365,0,-225,4,908187651,0,334235975
1717880628636096,0,-168,4,908450434,0,334498758
1717880628791287,-54,-168,4,908605571,0,334653895
1717880629052210,0,-168,4,908866548,0,334914872
1717880629209405,-54,-112,4,909023741,0,335072065
1717880629362441,0,-112,4,909176777,0,335225101
1717880629516239,0,-112,4,909330578,0,335378902
1717880629673326,0,-112,4,909487618,0,335535942
1717880629825394,-54,-112,4,909639679,0,335688003
1717880630032209,0,-112,4,909846546,0,335894870
1717880630197083,0,-112,4,910011421,0,336059745
1717880630507096,0,-112,4,910321434,0,336369758
1717880630668079,0,-112,4,910482418,0,336530742
1717880630821210,-54,-168,4,910635548,0,336683872
1717880630975096,0,-168,4,910789434,0,336837758
1717880631126097,0,-168,4,910940434,0,336988758
1717880631278079,0,-168,4,911092418,0,337140742
1717880631430293,0,-168,4,911244595,0,337292919
1717880631584470,54,-168,4,911398808,0,337447132
1717880631686481,0,-168,4,911500817,0,337549141
1717880631839494,0,-168,4,911653828,0,337702152
1717880631992567,0,-168,4,911806860,0,337855184
1717880632146332,0,-168,4,911960630,0,338008954
1717880632308226,0,-168,4,912122560,0,338170884
1717880632413183,0,-168,4,912227513,0,338275837
1717880632569326,0,-168,4,912383642,0,338431966
1717880632721117,0,-168,4,912535456,0,338583780
1717880632878138,0,-168,4,912692475,0,338740799
1717880633030218,0,-168,4,912844556,0,338892880
1717880633181207,0,-168,4,912995544,0,339043868
1717880633282124,0,-168,4,913096463,0,339144787
1717880633437138,0,-225,4,913251475,0,339299799
1717880633590295,0,-168,4,913404588,0,339452912
1717880633693223,0,-168,4,913507562,0,339555886
1717880633844213,0,-168,4,913658551,0,339706875
1717880634001121,0,-168,4,913815459,0,339863783
1717880634106390,0,-168,4,913920684,0,339969008
1717880634314262,-54,-168,4,914128544,0,340176868
1717880634467401,-54,-168,4,914281739,0,340330063
1717880634569692,0,-168,4,914383969,0,340432293
1717880634722484,0,-168,4,914536821,0,340585145
1717880634875564,-54,-168,4,914689860,0,340738184
1717880635029216,0,-168,4,914843553,0,340891877
1717880635185219,0,-168,4,914999556,0,341047880
1717880635341166,0,-168,4,915155503,0,341203827
1717880635493171,0,-168,4,915307504,0,341355828
1717880635646388,-54,-168,4,915460675,0,341508999
1717880635804211,0,-168,4,915618550,0,341666874
1717880635961096,0,-168,4,915775434,0,341823758
1717880636118085,0,-168,4,915932423,0,341980747
1717880636274265,-54,-168,4,916088548,0,342136872
1717880636430111,-54,-168,4,916244449,0,342292773
1717880636582214,0,-168,4,916396552,0,342444876
1717880636685081,0,-112,4,916499419,0,342547743
1717880636840224,0,-112,4,916654561,0,342702885
1717880636991375,-54,-112,4,916805685,0,342854009
1717880637143239,0,-112,4,916957523,0,343005847
1717880637295219,0,-112,4,917109555,0,343157879
1717880637452623,0,-112,4,917266915,0,343315239
1717880637605366,0,-112,4,917419703,0,343468027
1717880637707812,0,-112,4,917522089,0,343570413
1717880637860736,0,-112,4,917675019,0,343723343
1717880638013385,-54,-112,4,917827675,0,343875999
1717880638171215,0,-112,4,917985553,0,344033877
1717880638322217,0,-112,4,918136554,0,344184878
1717880638423212,0,-112,4,918237549,0,344285873
1717880638580135,-54,-112,4,918394472,0,344442796
1717880638786210,0,-112,4,918600548,0,344648872
1717880638888079,-54,-112,4,918702418,0,344750742
1717880639039149,-54,-112,4,918853488,0,344901812
1717880639195088,0,-112,4,919009427,0,345057751
1717880639347111,0,-112,4,919161449,0,345209773
1717880639509118,0,-112,4,919323455,0,345371779
1717880639711124,0,-112,4,919525463,0,345573787
1717880639867299,0,-112,4,919681590,0,345729914
1717880640019207,0,-112,4,919833545,0,345881869
1717880640121358,0,-112,4,919935662,0,345983986
1717880640325129,0,-112,4,920139468,0,346187792
1717880640478096,0,-112,4,920292435,0,346340759
1717880640638490,0,-112,4,920452826,0,346501150
1717880640791328,0,-112,4,920605667,0,346653991
1717880640893636,-54,-112,4,920707970,0,346756294
1717880641046368,0,-168,4,920860705,0,346909029
1717880641204163,-54,-168,4,921018500,0,347066824
1717880641306224,0,-112,4,921120561,0,347168885
1717880641463213,-54,-112,4,921277550,0,347325874
1717880641615081,0,-168,4,921429419,0,347477743
1717880641771097,0,-168,4,921585434,0,347633758
1717880641928081,-54,-112,4,921742419,0,347790743
1717880642079094,0,-112,4,921893433,0,347941757
1717880642285097,0,-112,4,922099436,0,348147760
1717880642445204,-54,-168,4,922259541,0,348307865
1717880642606084,-54,-168,4,922420419,0,348468743
1717880642758083,0,-168,4,922572419,0,348620743
1717880642859139,-54,-168,4,922673478,0,348721802
1717880643016536,-54,-168,4,922830853,0,348879177
1717880643169457,0,-168,4,922983795,0,349032119
1717880643322481,0,-168,4,923136818,0,349185142
1717880643474086,0,-168,4,923288425,0,349336749
1717880643626143,0,-168,4,923440480,0,349488804
1717880643777489,0,-168,4,923591825,0,349640149
1717880643880170,0,-168,4,923694507,0,349742831
1717880644041236,0,-168,4,923855573,0,349903897
1717880644198210,0,-168,4,924012548,0,350060872
1717880644300226,0,-168,4,924114563,0,350162887
1717880644461220,0,-168,4,924275554,0,350323878
1717880644613096,0,-112,4,924427434,0,350475758
1717880644765277,0,-112,4,924579575,0,350627899
1717880644867230,0,-112,4,924681567,0,350729891
1717880645025141,-54,-112,4,924839433,0,350887757
1717880645236227,-54,-112,4,925050560,0,351098884
1717880645393488,0,-112,4,925207825,0,351256149
1717880645495398,-54,-112,4,925309736,0,351358060
1717880645648528,-54,-112,4,925462848,0,351511172
1717880645751156,0,-112,4,925565494,0,351613818
1717880645963222,-54,-112,4,925777559,0,351825883
1717880646065220,0,-112,4,925879557,0,351927881
1717880646226080,0,-112,4,926040418,0,352088742
1717880646377271,0,-112,4,926191608,0,352239932
1717880646538138,0,-112,4,926352475,0,352400799
1717880646690096,0,-112,4,926504434,0,352552758
1717880646842223,0,-112,4,926656557,0,352704881
1717880646993161,-54,-112,4,926807499,0,352855823
1717880647145368,0,-112,4,926959649,0,353007973
1717880647302104,0,-112,4,927116434,0,353164758
1717880647458207,0,-112,4,927272546,0,353320870
1717880647613296,0,-112,4,927427634,0,353475958
1717880647770370,0,-112,4,927584707,0,353633031
1717880647923458,0,-112,4,927737796,0,353786120
1717880648076366,0,-112,4,927890703,0,353939027
1717880648230143,54,-112,4,928044480,0,354092804
1717880648332340,0,-112,4,928146647,0,354194971
1717880648488131,0,-112,4,928302470,0,354350794
1717880648645208,0,-112,4,928459545,0,354507869
1717880648751215,-54,-112,4,928565554,0,354613878
1717880648903155,0,-112,4,928717494,0,354765818
1717880649064096,0,-112,4,928878434,0,354926758
1717880649221203,0,-112,4,929035541,0,355083865
1717880649323173,0,-112,4,929137512,0,355185836
1717880649476096,0,-112,4,929290434,0,355338758
1717880649632109,0,-112,4,929446447,0,355494771
1717880649734151,0,-112,4,929548489,0,355596813
1717880649885225,0,-112,4,929699561,0,355747885
1717880650041082,0,-112,4,929855420,0,355903744
1717880650142201,0,-112,4,929956538,0,356004862
1717880650299444,-54,-112,4,930113783,0,356162107
1717880650452648,0,-112,4,930266943,0,356315267
1717880650554523,-54,-112,4,930368849,0,356417173
1717880650708146,0,-112,4,930522483,0,356570807
1717880650864138,0,-112,4,930678477,0,356726801
1717880650966362,0,-112,4,930780644,0,356828968
1717880651124348,-54,-112,4,930938638,0,356986962
1717880651277218,0,-112,4,931091555,0,357139879
1717880651433251,0,-112,4,931247589,0,357295913
1717880651591096,0,-112,4,931405435,0,357453759
1717880651743360,0,-112,4,931557664,0,357605988
1717880651895372,0,-112,4,931709679,0,357758003
1717880652098079,0,-112,4,931912418,0,357960742
1717880652250091,0,-112,4,932064429,0,358112753
1717880652350136,0,-112,4,932164474,0,358212798
1717880652507154,0,-112,4,932321449,0,358369773
1717880652659082,0,-112,4,932473419,0,358521743
1717880652810244,-54,-112,4,932624582,0,358672906
1717880652963103,0,-112,4,932777441,0,358825765
1717880653120087,0,-112,4,932934425,0,358982749
1717880653276211,0,-112,4,933090550,0,359138874
1717880653433368,0,-112,4,933247705,0,359296029
1717880653535744,0,-112,4,933350024,0,359398348
1717880653688810,0,-112,4,933503090,0,359551414
1717880653841395,-54,-112,4,933655733,0,359704057
1717880653994382,0,-112,4,933808721,0,359857045
1717880654148139,0,-112,4,933962478,0,360010802
1717880654305104,0,-56,4,934119443,0,360167767
1717880654457120,-54,-56,4,934271458,0,360319782
1717880654609096,0,-56,4,934423434,0,360471758
1717880654769096,0,-112,4,934583434,0,360631758
1717880654921189,0,-56,4,934735527,0,360783851
1717880655077096,0,-112,4,934891434,0,360939758
1717880655229097,-54,-112,4,935043435,0,361091759
1717880655385105,-54,-112,4,935199444,0,361247768
1717880655537216,0,-112,4,935351554,0,361399878
1717880655694079,-54,-56,4,935508418,0,361556742
1717880655800096,-54,-56,4,935614434,0,361662758
1717880655952300,-54,-56,4,935766601,0,361814925
1717880656114466,-54,-112,4,935928802,0,361977126
1717880656216758,0,-112,4,936031050,0,362079374
1717880656369461,0,-112,4,936183798,0,362232122
1717880656522373,0,-112,4,936336709,0,362385033
1717880656624590,-54,-112,4,936438890,0,362487214
1717880656776485,0,-112,4,936590822,0,362639146
1717880656930199,0,-112,4,936744536,0,362792860
1717880657035237,0,-112,4,936849563,0,362897887
1717880657191096,0,-112,4,937005434,0,363053758
1717880657343210,0,-112,4,937157547,0,363205871
1717880657503238,0,-112,4,937317576,0,363365900
1717880657606346,0,-112,4,937420635,0,363468959
1717880657759126,-54,-112,4,937573464,0,363621788
1717880657915217,0,-112,4,937729503,0,363777827
1717880658076081,0,-112,4,937890420,0,363938744
1717880658227222,0,-112,4,938041558,0,364089882
1717880658328374,-54,-112,4,938142656,0,364190980
1717880658485079,-54,-112,4,938299418,0,364347742
1717880658638096,0,-112,4,938452434,0,364500758
1717880658794096,0,-112,4,938608434,0,364656758
1717880658949476,0,-112,4,938763813,0,364812137
1717880659102389,0,-112,4,938916722,0,364965046
1717880659254456,0,-112,4,939068793,0,365117117
1717880659357211,0,-112,4,939171548,0,365219872
1717880659514358,0,-112,4,939328638,0,365376962
1717880659672219,0,-112,4,939486556,0,365534880
1717880659823220,0,-56,4,939637554,0,365685878
1717880659975177,0,-56,4,939789497,0,365837821
1717880660126085,0,-56,4,939940424,0,365988748
1717880660277219,0,-112,4,940091554,0,366139878
1717880660383087,-54,-112,4,940197426,0,366245750
1717880660535302,0,-112,4,940349583,0,366397907
1717880660692210,0,-112,4,940506548,0,366554872
1717880660793281,-54,-112,4,940607618,0,366655942
1717880660954220,0,-112,4,940768554,0,366816878
1717880661114086,0,-112,4,940928419,0,366976743
1717880661266096,-54,-112,4,941080434,0,367128758
1717880661419096,0,-112,4,941233434,0,367281758
1717880661571228,0,-112,4,941385558,0,367433882
1717880661671537,0,-112,4,941485826,0,367534150
1717880661824225,-54,-112,4,941638562,0,367686886
1717880661977280,-54,-112,4,941791593,0,367839917
1717880662134458,0,-112,4,941948796,0,367997120
1717880662287458,0,-112,4,942101794,0,368150118
1717880662440483,0,-112,4,942254820,0,368303144
1717880662592370,0,-112,4,942406708,0,368455032
1717880662746142,0,-112,4,942560479,0,368608803
1717880662856170,0,-112,4,942670471,0,368718795
1717880663012218,0,-112,4,942826552,0,368874876
1717880663119365,0,-112,4,942933652,0,368981976
1717880663276096,0,-112,4,943090434,0,369138758
1717880663428215,0,-112,4,943242552,0,369290876
1717880663585310,0,-112,4,943399606,0,369447930
1717880663687338,0,-112,4,943501634,0,369549958
1717880663840096,-54,-112,4,943654434,0,369702758
1717880663994267,0,-112,4,943808553,0,369856877
1717880664148215,-54,-112,4,943962553,0,370010877
1717880664258410,0,-112,4,944072747,0,370121071
1717880664411387,0,-112,4,944225725,0,370274049
1717880664564483,0,-112,4,944378821,0,370427145
1717880664717158,0,-112,4,944531495,0,370579819
1717880664868370,0,-112,4,944682707,0,370731031
1717880664972376,0,-112,4,944786676,0,370835000
1717880665125376,0,-112,4,944939659,0,370987983
1717880665283135,0,-112,4,945097472,0,371145796
1717880665439085,-54,-112,4,945253424,0,371301748
1717880665595081,0,-112,4,945409419,0,371457743
1717880665696515,0,-112,4,945510814,0,371559138
1717880665854214,0,-112,4,945668552,0,371716876
1717880666006145,0,-112,4,945820479,0,371868803
1717880666162213,0,-112,4,945976550,0,372024874
1717880666272360,-54,-112,4,946086651,0,372134975
1717880666425158,-54,-112,4,946239496,0,372287820
1717880666585395,-54,-112,4,946399732,0,372448056
1717880666738472,0,-112,4,946552770,0,372601094
1717880666891365,0,-112,4,946705701,0,372754025
1717880667094674,-54,-112,4,946908966,0,372957290
1717880667247120,0,-112,4,947061459,0,373109783
1717880667352362,0,-112,4,947166654,0,373214978
1717880667504328,0,-112,4,947318666,0,373366990
1717880667660215,0,-112,4,947474552,0,373522876
1717880667812322,0,-112,4,947626632,0,373674956
1717880667967288,0,-168,4,947781574,0,373829898
1717880668118227,0,-168,4,947932563,0,373980887
1717880668271210,0,-168,4,948085548,0,374133872
1717880668373361,0,-168,4,948187658,0,374235982
1717880668534319,0,-168,4,948348619,0,374396943
1717880668692219,0,-168,4,948506555,0,374554879
1717880668844096,0,-112,4,948658434,0,374706758
1717880668946220,-54,-112,4,948760538,0,374808862
1717880669108096,0,-112,4,948922434,0,374970758
1717880669260081,-54,-112,4,949074420,0,375122744
1717880669366536,-54,-112,4,949180853,0,375229177
1717880669519414,0,-168,4,949333753,0,375382077
1717880669824400,-54,-112,4,949638736,0,375687060
1717880669977127,0,-112,4,949791464,0,375839788
1717880670129086,0,-112,4,949943424,0,375991748
1717880670280395,-54,-168,4,950094733,0,376143057
1717880670382231,0,-168,4,950196526,0,376244850
1717880670543097,-54,-168,4,950357435,0,376405759
1717880670750079,0,-168,4,950564418,0,376612742
1717880670852378,0,-168,4,950666675,0,376714999
1717880671006097,0,-112,4,950820435,0,376868759
1717880671159273,0,-168,4,950973563,0,377021887
1717880671261143,0,-168,4,951075480,0,377123804
1717880671422272,0,-168,4,951236610,0,377284934
1717880671578280,0,-168,4,951392565,0,377440889
1717880671735094,0,-112,4,951549433,0,377597757
1717880671887097,0,-112,4,951701435,0,377749759
1717880671988363,0,-168,4,951802655,0,377850979
1717880672142212,0,-168,4,951956550,0,378004874
1717880672299405,0,-168,4,952113743,0,378162067
1717880672452395,-54,-168,4,952266732,0,378315056
1717880672605461,0,-168,4,952419800,0,378468124
1717880672707806,0,-168,4,952522089,0,378570413
1717880672861170,0,-168,4,952675508,0,378723832
1717880673018163,0,-112,4,952832501,0,378880825
1717880673174079,-54,-112,4,952988418,0,379036742
1717880673275364,0,-112,4,953089659,0,379137983
1717880673428112,0,-112,4,953242450,0,379290774
1717880673584096,0,-112,4,953398434,0,379446758
1717880673736395,0,-112,4,953550703,0,379599027
1717880673890168,0,-112,4,953704457,0,379752781
1717880673991384,0,-112,4,953805665,0,379853989
1717880674145217,0,-112,4,953959554,0,380007878
1717880674296212,0,-112,4,954110550,0,380158874
1717880674453359,0,-112,4,954267642,0,380315966
1717880674611185,0,-112,4,954425523,0,380473847
1717880674767096,-54,-112,4,954581434,0,380629758
1717880674918084,0,-112,4,954732422,0,380780746
1717880675071096,0,-112,4,954885434,0,380933758
1717880675222222,0,-112,4,955036558,0,381084882
1717880675327332,0,-112,4,955141636,0,381189960
1717880675479291,0,-168,4,955293628,0,381341952
1717880675631222,-54,-168,4,955445560,0,381493884
1717880675792731,0,-112,4,955607029,0,381655353
1717880675945085,0,-112,4,955759423,0,381807747
1717880676096368,0,-112,4,955910705,0,381959029
1717880676248401,-54,-112,4,956062739,0,382111063
1717880676402144,0,-112,4,956216476,0,382264800
1717880676559101,0,-112,4,956373439,0,382421763
1717880676659217,0,-112,4,956473554,0,382521878
1717880676811080,0,-112,4,956625419,0,382673743
1717880676964081,0,-112,4,956778420,0,382826744
1717880677067150,0,-56,4,956881479,0,382929803
1717880677219168,0,-112,4,957033450,0,383081774
1717880677372396,0,-112,4,957186684,0,383235008
1717880677524163,-54,-112,4,957338501,0,383386825
1717880677680115,-54,-112,4,957494452,0,383542776
1717880677780364,-54,-112,4,957594659,0,383642983
1717880677936370,0,-112,4,957750655,0,383798979
1717880678088097,0,-112,4,957902435,0,383950759
1717880678240086,0,-112,4,958054424,0,384102748
1717880678395085,-54,-112,4,958209424,0,384257748
1717880678548406,-54,-112,4,958362688,0,384411012
1717880678701157,0,-112,4,958515495,0,384563819
1717880678854109,0,-112,4,958668447,0,384716771
1717880679010213,0,-112,4,958824550,0,384872874
1717880679116271,0,-112,4,958930608,0,384978932
1717880679272186,0,-112,4,959086524,0,385134848
1717880679424224,-54,-112,4,959238560,0,385286884
1717880679526226,-54,-112,4,959340563,0,385388887
1717880679683417,0,-112,4,959497754,0,385546078
1717880679836368,0,-112,4,959650706,0,385699030
1717880679989430,0,-112,4,959803768,0,385852092
1717880680142487,0,-112,4,959956824,0,386005148
1717880680245212,-54,-112,4,960059550,0,386107874
1717880680402360,0,-112,4,960216642,0,386264966
1717880680559327,0,-112,4,960373610,0,386421934
1717880680713217,0,-112,4,960527555,0,386575879
1717880680870079,0,-112,4,960684418,0,386732742
1717880681027210,0,-112,4,960841547,0,386889871
1717880681183111,0,-112,4,960997450,0,387045774
1717880681289153,-54,-112,4,961103491,0,387151815
1717880681441356,0,-112,4,961255655,0,387303979
1717880681597218,0,-112,4,961411555,0,387459879
1717880681703341,0,-112,4,961517663,0,387565987
1717880681858507,-54,-112,4,961672837,0,387721161
1717880682011485,0,-112,4,961825822,0,387874146
1717880682113492,0,-112,4,961927827,0,387976151
1717880682266717,-54,-112,4,962080991,0,388129315
1717880682419149,-54,-112,4,962233443,0,388281767
1717880682570395,0,-112,4,962384730,0,388433054
1717880682673219,0,-112,4,962487557,0,388535881
1717880682829219,0,-112,4,962643556,0,388691880
1717880682986136,0,-112,4,962800474,0,388848798
1717880683137203,0,-112,4,962951535,0,388999859
1717880683290101,-54,-112,4,963104436,0,389152760
1717880683392370,-54,-112,4,963206663,0,389254987
1717880683546158,-54,-112,4,963360497,0,389408821
1717880683703079,0,-112,4,963517418,0,389565742
1717880683860096,-54,-112,4,963674434,0,389722758
1717880684017224,-54,-112,4,963831562,0,389879886
1717880684174215,0,-112,4,963988553,0,390036877
1717880684331228,0,-112,4,964145563,0,390193887
1717880684488383,0,-112,4,964302712,0,390351036
1717880684641466,-54,-112,4,964455802,0,390504126
1717880684794428,0,-112,4,964608765,0,390657089
1717880684947222,0,-112,4,964761500,0,390809824
1717880685104224,0,-168,4,964918561,0,390966885
1717880685206409,-54,-168,4,965020691,0,391069015
1717880685363097,0,-112,4,965177435,0,391225759
1717880685515220,0,-112,4,965329556,0,391377880
1717880685671096,0,-112,4,965485434,0,391533758
1717880685824096,-54,-112,4,965638434,0,391686758
1717880685977096,0,-112,4,965791435,0,391839759
1717880686080223,0,-112,4,965894561,0,391942885
1717880686238299,0,-112,4,966052608,0,392100932
1717880686397121,-54,-112,4,966211459,0,392259783
1717880686498159,0,-112,4,966312498,0,392360822
1717880686658118,0,-112,4,966472457,0,392520781
1717880686814395,-54,-112,4,966628732,0,392677056
1717880686967521,0,-112,4,966781846,0,392830170
1717880687120514,0,-112,4,966934842,0,392983166
1717880687273511,0,-112,4,967087840,0,393136164
1717880687427142,-54,-112,4,967241479,0,393289803
1717880687585162,-54,-112,4,967399500,0,393447824
1717880687686221,0,-112,4,967500557,0,393548881
1717880687842083,-54,-112,4,967656421,0,393704745
1717880687994136,0,-112,4,967808474,0,393856798
1717880688150126,0,-112,4,967964458,0,394012782
1717880688301212,-54,-112,4,968115550,0,394163874
1717880688407191,0,-112,4,968221529,0,394269853
1717880688564096,0,-112,4,968378434,0,394426758
1717880688715223,-54,-112,4,968529560,0,394577884
1717880688817399,-54,-112,4,968631681,0,394680005
1717880689020219,-54,-112,4,968834556,0,394882880
1717880689176215,0,-112,4,968990553,0,395038877
1717880689327081,-54,-112,4,969141419,0,395189743
1717880689482096,0,-112,4,969296434,0,395344758
1717880689639162,0,-112,4,969453454,0,395501778
1717880689791215,0,-112,4,969605553,0,395653877
1717880689898226,0,-112,4,969712563,0,395760887
1717880690055364,0,-112,4,969869703,0,395918027
1717880690208139,0,-112,4,970022476,0,396070800
1717880690369223,0,-112,4,970183560,0,396231884
1717880690529352,-54,-168,4,970343650,0,396391974
1717880690631257,0,-168,4,970445594,0,396493918
1717880690789099,0,-112,4,970603438,0,396651762
1717880690891336,0,-112,4,970705657,0,396753981
1717880691045241,0,-112,4,970859537,0,396907861
1717880691252220,0,-112,4,971066557,0,397114881
1717880691353217,0,-112,4,971167499,0,397215823
1717880691505096,-54,-112,4,971319435,0,397367759
1717880691605349,0,-56,4,971419645,0,397467969
1717880691758136,0,-56,4,971572474,0,397620798
1717880691911085,-54,-56,4,971725421,0,397773745
1717880692067230,0,-56,4,971881560,0,397929884
1717880692220084,0,-112,4,972034423,0,398082747
1717880692371139,0,-112,4,972185478,0,398233802
1717880692529385,0,-112,4,972343724,0,398392048
1717880692682363,0,-112,4,972496700,0,398545024
1717880692835485,0,-112,4,972649821,0,398698145
1717880692988486,0,-112,4,972802824,0,398851148
1717880693142141,0,-112,4,972956478,0,399004802
1717880693243377,0,-112,4,973057663,0,399105987
1717880693399215,0,-112,4,973213553,0,399261877
1717880693610222,0,-112,4,973424559,0,399472883
1717880693766107,-54,-112,4,973580445,0,399628769
1717880693868162,0,-112,4,973682500,0,399730824
1717880694019131,0,-112,4,973833469,0,399881793
1717880694172079,0,-112,4,973986418,0,400034742
1717880694278202,0,-112,4,974092541,0,400140865
1717880694438235,0,-112,4,974252519,0,400300843
1717880694591216,0,-112,4,974405554,0,400453878
1717880694745083,0,-112,4,974559420,0,400607744
1717880694902217,0,-168,4,974716554,0,400764878
1717880695008453,0,-112,4,974822791,0,400871115
1717880695161372,0,-112,4,974975709,0,401024033
1717880695314368,0,-112,4,975128705,0,401177029
1717880695467486,0,-112,4,975281823,0,401330147
1717880695619371,0,-112,4,975433707,0,401482031
1717880695771701,0,-112,4,975585999,0,401634323
1717880695878380,0,-112,4,975692665,0,401740989
1717880696030187,54,-112,4,975844526,0,401892850
1717880696182136,0,-112,4,975996473,0,402044797
1717880696338081,0,-112,4,976152420,0,402200744
1717880696439250,0,-112,4,976253529,0,402301853
1717880696595352,0,-112,4,976409651,0,402457975
1717880696806375,0,-112,4,976620682,0,402669006
1717880696908302,0,-112,4,976722639,0,402770963
1717880697066082,-54,-112,4,976880421,0,402928745
1717880697218223,-54,-112,4,977032559,0,403080883
1717880697328311,0,-112,4,977142600,0,403190924
1717880697480096,0,-112,4,977294434,0,403342758
1717880697632090,0,-112,4,977446429,0,403494753
1717880697787214,0,-112,4,977601552,0,403649876
1717880697943398,-54,-112,4,977757734,0,403806058
1717880698096427,-54,-112,4,977910765,0,403959089
1717880698198815,-54,-112,4,978013101,0,404061425
1717880698351086,-54,-112,4,978165424,0,404213748
1717880698503261,-54,-112,4,978317551,0,404365875
1717880698665079,0,-112,4,978479418,0,404527742
1717880698822125,0,-112,4,978636463,0,404684787
1717880698923107,0,-112,4,978737438,0,404785762
1717880699078228,0,-168,4,978892561,0,404940885
1717880699231215,-54,-112,4,979045553,0,405093877
1717880699382222,-54,-112,4,979196559,0,405244883
1717880699487358,0,-112,4,979301667,0,405349991
1717880699641138,-54,-112,4,979455475,0,405503799
1717880699792143,0,-112,4,979606481,0,405654805
1717880699948259,0,-112,4,979762589,0,405810913
1717880700102221,0,-112,4,979916555,0,405964879
1717880700207371,0,-112,4,980021651,0,406069975
1717880700360224,0,-112,4,980174561,0,406222885
1717880700516096,0,-112,4,980330434,0,406378758
1717880700669079,-54,-112,4,980483418,0,406531742
1717880700821213,-54,-112,4,980635551,0,406683875
1717880700974079,0,-112,4,980788418,0,406836742
1717880701127130,0,-112,4,980941468,0,406989792
1717880701280365,0,-112,4,981094702,0,407143026
1717880701433421,-54,-112,4,981247759,0,407296083
1717880701586651,0,-112,4,981400960,0,407449284
1717880701739530,-54,-112,4,981553852,0,407602176
1717880701894139,0,-112,4,981708476,0,407756800
1717880701999245,0,-112,4,981813562,0,407861886
1717880702151164,0,-112,4,981965503,0,408013827
1717880702304220,0,-112,4,982118556,0,408166880
1717880702456079,-54,-112,4,982270418,0,408318742
1717880702607215,0,-112,4,982421552,0,408469876
1717880702709143,-54,-112,4,982523480,0,408571804
1717880702860387,-54,-112,4,982674671,0,408722995
1717880703021079,-54,-112,4,982835418,0,408883742
1717880703178222,-54,-112,4,982992557,0,409040881
1717880703331291,0,-112,4,983145575,0,409193899
1717880703488101,0,-112,4,983302439,0,409350763
1717880703641215,-54,-112,4,983455552,0,409503876
1717880703794156,-54,-112,4,983608489,0,409656813
1717880703895303,-54,-112,4,983709639,0,409757963
1717880704049235,0,-112,4,983863517,0,409911841
1717880704202079,0,-112,4,984016418,0,410064742
1717880704304144,0,-112,4,984118481,0,410166805
1717880704455354,-54,-112,4,984269674,0,410317998
1717880704609096,0,-112,4,984423434,0,410471758
1717880704760223,-54,-112,4,984574560,0,410622884
1717880704861217,0,-112,4,984675556,0,410723880
1717880705014096,0,-112,4,984828434,0,410876758
1717880705170136,-54,-112,4,984984474,0,411032798
1717880705326512,0,-112,4,985140837,0,411189161
1717880705479606,0,-112,4,985293916,0,411342240
1717880705683430,-54,-112,4,985497764,0,411546088
1717880705785486,0,-112,4,985599824,0,411648148
1717880705937378,0,-112,4,985751717,0,411800041
1717880706089456,-54,-112,4,985903793,0,411952117
1717880706247101,0,-112,4,986061439,0,412109763
1717880706403096,0,-168,4,986217434,0,412265758
1717880706560205,-54,-112,4,986374543,0,412422867
1717880706712223,-54,-168,4,986526560,0,412574884
1717880706865079,0,-112,4,986679418,0,412727742
1717880706967366,-54,-112,4,986781656,0,412829980
1717880707120138,-54,-112,4,986934475,0,412982799
1717880707272097,-54,-112,4,987086434,0,413134758
1717880707423182,0,-112,4,987237521,0,413285845
1717880707579084,0,-112,4,987393419,0,413441743
1717880707731265,0,-112,4,987545558,0,413593882
1717880707882224,-54,-112,4,987696561,0,413744885
1717880707984392,0,-112,4,987798684,0,413847008
1717880708141184,-54,-112,4,987955523,0,414003847
1717880708247356,0,-112,4,988061650,0,414109974
1717880708403224,0,-112,4,988217562,0,414265886
1717880708560163,-54,-112,4,988374500,0,414422824
1717880708713206,-54,-168,4,988527544,0,414575868
1717880708814274,-54,-112,4,988628611,0,414676935
1717880708971368,0,-168,4,988785705,0,414834029
1717880709124090,-54,-168,4,988938425,0,414986749
1717880709276148,-54,-168,4,989090479,0,415138803
1717880709433158,-54,-225,4,989247497,0,415295821
1717880709534216,-54,-225,4,989348554,0,415396878
1717880709691080,-54,-225,4,989505419,0,415553743
1717880709846096,0,-168,4,989660434,0,415708758
1717880709998216,0,-225,4,989812552,0,415860876
1717880710151081,-54,-168,4,989965420,0,416013744
1717880710252177,0,-168,4,990066515,0,416114839
1717880710410218,-54,-225,4,990224556,0,416272880
1717880710562235,-54,-225,4,990376573,0,416424897
1717880710672390,-54,-168,4,990486681,0,416535005
1717880710826136,-54,-168,4,990640475,0,416688799
1717880710982097,0,-168,4,990796435,0,416844759
1717880711137318,0,-168,4,990951620,0,416999944
1717880711291079,-54,-168,4,991105418,0,417153742
1717880711443223,0,-168,4,991257560,0,417305884
1717880711595110,0,-168,4,991409447,0,417457771
1717880711695224,0,-168,4,991509561,0,417557885
1717880711848096,-54,-168,4,991662434,0,417710758
1717880712001214,-54,-168,4,991815552,0,417863876
1717880712158762,0,-168,4,991973045,0,418021369
1717880712311215,0,-112,4,992125553,0,418173877
1717880712468224,0,-112,4,992282560,0,418330884
1717880712625222,-54,-112,4,992439559,0,418487883
1717880712782082,-54,-168,4,992596420,0,418644744
1717880712882278,0,-168,4,992696558,0,418744882
1717880713034121,-54,-168,4,992848459,0,418896783
1717880713186082,-54,-168,4,993000419,0,419048743
1717880713337314,-54,-112,4,993151611,0,419199935
1717880713444372,0,-112,4,993258656,0,419306980
1717880713597144,0,-168,4,993411482,0,419459806
1717880713799218,0,-168,4,993613555,0,419661879
1717880713952085,-54,-112,4,993766421,0,419814745
1717880714104081,-54,-112,4,993918419,0,419966743
1717880714256215,0,-112,4,994070552,0,420118876
1717880714412097,-54,-112,4,994226436,0,420274760
1717880714563088,0,-112,4,994377422,0,420425746
1717880714715099,0,-112,4,994529434,0,420577758
1717880714815382,-54,-112,4,994629678,0,420678002
1717880715023253,-54,-168,4,994837591,0,420885915
1717880715179079,-54,-168,4,994993418,0,421041742
1717880715332223,-54,-168,4,995146560,0,421194884
1717880715438136,-54,-168,4,995252474,0,421300798
1717880715591199,-54,-168,4,995405538,0,421453862
1717880715745509,-54,-168,4,995559841,0,421608165
1717880715847664,-54,-168,4,995661995,0,421710319
1717880716000534,-54,-112,4,995814852,0,421863176
1717880716153410,-54,-112,4,995967747,0,422016071
1717880716306086,-54,-112,4,996120423,0,422168747
1717880716457411,0,-112,4,996271750,0,422320074
1717880716610090,0,-112,4,996424427,0,422472751
1717880716767222,-54,-112,4,996581509,0,422629833
1717880716926223,0,-112,4,996740560,0,422788884
1717880717032225,-54,-112,4,996846513,0,422894837
1717880717188096,-54,-168,4,997002434,0,423050758
1717880717344216,-54,-112,4,997158554,0,423206878
1717880717496096,0,-112,4,997310434,0,423358758
1717880717648335,-54,-112,4,997462633,0,423510957
1717880717801136,-54,-112,4,997615474,0,423663798
1717880717953118,-54,-112,4,997767456,0,423815780
1717880718105224,0,-112,4,997919559,0,423967883
1717880718257266,-54,-112,4,998071553,0,424119877
1717880718411224,0,-112,4,998225559,0,424273883
1717880718567216,-54,-168,4,998381554,0,424429878
1717880718673299,-54,-168,4,998487636,0,424535960
1717880718831532,-54,-112,4,998645851,0,424694175
1717880718984398,-54,-112,4,998798735,0,424847059
1717880719137523,-54,-112,4,998951847,0,425000171
1717880719291377,0,-112,4,999105663,0,425153987
1717880719448181,0,-112,4,999262520,0,425310844
1717880719609119,-54,-112,4,999423457,0,425471781
1717880719761113,-54,-112,4,999575451,0,425623775
1717880719912079,-54,-112,4,999726418,0,425774742
1717880720012273,-54,-112,4,999826611,0,425874935
1717880720164138,-54,-112,4,999978476,0,426026800
1717880720317163,0,-112,4,1000131501,0,426179825
1717880720469096,0,-112,4,1000283434,0,426331758
1717880720571250,0,-112,4,1000385587,0,426433911
1717880720723236,-54,-112,4,1000537562,0,426585886
1717880720875150,-54,-112,4,1000689489,0,426737813
1717880721028096,-54,-112,4,1000842434,0,426890758
1717880721128209,-54,-112,4,1000942547,0,426990871
1717880721280243,-54,-112,4,1001094525,0,427142849
1717880721432357,-54,-112,4,1001246654,0,427294978
1717880721588097,0,-112,4,1001402436,0,427450760
1717880721746265,-54,-168,4,1001560547,0,427608871
1717880721847383,0,-168,4,1001661665,0,427709989
1717880722001094,0,-168,4,1001815433,0,427863757
1717880722153079,0,-112,4,1001967418,0,428015742
1717880722306096,0,-168,4,1002120434,0,428168758
1717880722459149,0,-168,4,1002273486,0,428321810
1717880722612079,-54,-112,4,1002426418,0,428474742
1717880722763096,-54,-168,4,1002577434,0,428625758
1717880722919096,0,-168,4,1002733434,0,428781758
1717880723075096,-54,-112,4,1002889434,0,428937758
1717880723227219,0,-112,4,1003041555,0,429089879
1717880723384523,0,-168,4,1003198847,0,429247171
1717880723537366,0,-168,4,1003351705,0,429400029
1717880723690524,-54,-168,4,1003504854,0,429553178
1717880723844093,-54,-112,4,1003658432,0,429706756
1717880723996138,-54,-112,4,1003810475,0,429858799
1717880724147213,-54,-112,4,1003961533,0,430009857
1717880724304100,-54,-112,4,1004118439,0,430166763
1717880724461218,-54,-112,4,1004275555,0,430323879
1717880724566308,0,-112,4,1004380644,0,430428968
1717880724723222,0,-112,4,1004537555,0,430585879
1717880724885222,-54,-112,4,1004699559,0,430747883
1717880725037128,-54,-112,4,1004851465,0,430899789
1717880725138365,-54,-112,4,1004952663,0,431000987
1717880725290140,-54,-112,4,1005104478,0,431152802
1717880725455080,0,-112,4,1005269418,0,431317742
1717880725611388,0,-112,4,1005425727,0,431474051
1717880725764526,-54,-112,4,1005578850,0,431627174
1717880725871328,-54,-112,4,1005685620,0,431733944
1717880726025079,-54,-112,4,1005839418,0,431887742
1717880726177136,0,-112,4,1005991474,0,432039798
1717880726330079,-54,-112,4,1006144418,0,432192742
1717880726482138,-54,-112,4,1006296475,0,432344799
1717880726685140,0,-112,4,1006499477,0,432547801
1717880726837104,-54,-112,4,1006651443,0,432699767
1717880726998259,-54,-112,4,1006812542,0,432860866
1717880727155218,-54,-112,4,1006969555,0,433017879
1717880727311212,0,-112,4,1007125550,0,433173874
1717880727416392,-54,-112,4,1007230682,0,433279006
1717880727569079,0,-112,4,1007383418,0,433431742
1717880727720365,-54,-112,4,1007534647,0,433582971
1717880727877176,-54,-112,4,1007691513,0,433739837
1717880728030218,0,-112,4,1007844555,0,433892879
1717880728183096,-54,-112,4,1007997434,0,434045758
1717880728334216,-54,-112,4,1008148554,0,434196878
1717880728492424,0,-112,4,1008306762,0,434355086
1717880728645537,-54,-112,4,1008459869,0,434508193
1717880728798371,0,-112,4,1008612708,0,434661032
1717880728951718,-54,-112,4,1008766046,0,434814370
1717880729105177,-54,-112,4,1008919513,0,434967837
1717880729211235,0,-112,4,1009025563,0,435073887
1717880729368170,0,-112,4,1009182507,0,435230831
1717880729524096,-54,-112,4,1009338434,0,435386758
1717880729681224,-54,-112,4,1009495556,0,435543880
1717880729837096,-54,-112,4,1009651434,0,435699758
1717880729990221,-54,-112,4,1009804556,0,435852880
1717880730096142,0,-112,4,1009910479,0,435958803
1717880730249379,-54,-112,4,1010063661,0,436111985
1717880730405119,-54,-112,4,1010219458,0,436267782
1717880730818595,-54,-168,4,1010632879,0,436681203
1717880730920662,-54,-168,4,1010734956,0,436783280
1717880731073484,0,-168,4,1010887821,0,436936145
1717880731226401,-54,-225,4,1011040739,0,437089063
1717880731379092,-54,-225,4,1011193430,0,437241754
1717880731530652,-54,-168,4,1011344955,0,437393279
1717880731684219,-54,-168,4,1011498499,0,437546823
1717880731790122,0,-168,4,1011604459,0,437652783
1717880731942132,-54,-168,4,1011756469,0,437804793
1717880732098221,0,-168,4,1011912557,0,437960881
1717880732250214,-54,-112,4,1012064545,0,438112869
1717880732351350,0,-112,4,1012165651,0,438213975
1717880732504100,0,-112,4,1012318438,0,438366762
1717880732660096,-54,-112,4,1012474434,0,438522758
1717880732812104,-54,-112,4,1012626442,0,438674766
1717880732963121,-54,-112,4,1012777459,0,438825783
1717880733120223,-54,-112,4,1012934560,0,438982884
1717880733276223,-54,-112,4,1013090560,0,439138884
1717880733382167,-54,-112,4,1013196481,0,439244805
1717880733533138,-54,-112,4,1013347475,0,439395799
1717880733742096,0,-112,4,1013556434,0,439604758
1717880733848240,-54,-112,4,1013662578,0,439710902
1717880734005493,0,-112,4,1013819828,0,439868152
1717880734158706,-54,-168,4,1013972987,0,440021311
1717880734311429,-54,-168,4,1014125766,0,440174090
1717880734464462,-54,-168,4,1014278801,0,440327125
1717880734666452,0,-168,4,1014480790,0,440529114
1717880734768222,-54,-168,4,1014582521,0,440630845
1717880734925169,-54,-168,4,1014739503,0,440787827
1717880735081101,-54,-168,4,1014895440,0,440943764
1717880735187216,-54,-168,4,1015001553,0,441049877
1717880735343227,0,-168,4,1015157565,0,441205889
1717880735505096,-54,-168,4,1015319434,0,441367758
1717880735608362,0,-168,4,1015422686,0,441471010
1717880735812097,-54,-168,4,1015626435,0,441674759
1717880735970210,0,-168,4,1015784547,0,441832871
1717880736076343,-54,-168,4,1015890660,0,441938984
1717880736233483,0,-225,4,1016047820,0,442096144
1717880736386135,0,-225,4,1016200472,0,442248796
1717880736538088,-54,-225,4,1016352426,0,442400750
1717880736639143,0,-225,4,1016453480,0,442501804
1717880736791138,0,-225,4,1016605475,0,442653799
1717880736942540,-54,-225,4,1016756873,0,442805197
1717880737094412,0,-168,4,1016908750,0,442957074
1717880737197144,0,-168,4,1017011481,0,443059805
1717880737353082,0,-168,4,1017167420,0,443215744
1717880737506209,0,-168,4,1017320546,0,443368870
1717880737662213,-54,-168,4,1017476550,0,443524874
1717880737768216,0,-168,4,1017582553,0,443630877
1717880737930119,-54,-168,4,1017744457,0,443792781
1717880738082354,-54,-168,4,1017896649,0,443944973
1717880738235098,0,-168,4,1018049436,0,444097760
1717880738336361,0,-168,4,1018150671,0,444198995
1717880738494097,-54,-168,4,1018308435,0,444356759
1717880738650223,0,-168,4,1018464560,0,444512884
1717880738755143,-54,-168,4,1018569480,0,444617804
1717880738907096,-54,-168,4,1018721434,0,444769758
1717880739060109,0,-168,4,1018874447,0,444922771
1717880739211122,-54,-168,4,1019025461,0,445073785
1717880739367418,-54,-168,4,1019181750,0,445230074
1717880739520402,-54,-168,4,1019334738,0,445383062
1717880739673660,0,-168,4,1019487940,0,445536264
1717880739775826,-54,-225,4,1019590104,0,445638428
1717880739928282,-54,-168,4,1019742564,0,445790888
1717880740084353,-54,-168,4,1019898690,0,445947014
1717880740237300,0,-225,4,1020051637,0,446099961
1717880740394135,-54,-225,4,1020208441,0,446256765
1717880740549096,0,-225,4,1020363434,0,446411758
1717880740704083,0,-225,4,1020518419,0,446566743
1717880740805226,-54,-225,4,1020619551,0,446667875
1717880740962085,0,-225,4,1020776424,0,446824748
1717880741119082,0,-225,4,1020933421,0,446981745
1717880741271104,-54,-225,4,1021085434,0,447133758
1717880741423224,-54,-225,4,1021237561,0,447285885
1717880741575258,-54,-225,4,1021389538,0,447437862
1717880741727218,-54,-225,4,1021541556,0,447589880
1717880741885121,-54,-225,4,1021699459,0,447747783
1717880742036096,-54,-225,4,1021850434,0,447898758
1717880742187163,-54,-225,4,1022001501,0,448049825
1717880742338138,-54,-225,4,1022152475,0,448200799
1717880742498163,-54,-225,4,1022312500,0,448360824
1717880742649108,-54,-225,4,1022463446,0,448511770
1717880742800109,-54,-225,4,1022614447,0,448662771
1717880742952220,0,-225,4,1022766557,0,448814881
1717880743053305,0,-225,4,1022867629,0,448915953
1717880743207224,-54,-225,4,1023021562,0,449069886
1717880743415420,-54,-225,4,1023229748,0,449278072
1717880743518302,0,-225,4,1023332586,0,449380910
1717880743671352,-54,-225,4,1023485652,0,449533976
1717880743828080,0,-225,4,1023642419,0,449690743
1717880743980136,-54,-225,4,1023794474,0,449842798
1717880744137083,-54,-225,4,1023951422,0,449999746
1717880744290206,-54,-225,4,1024104544,0,450152868
1717880744391372,-54,-225,4,1024205673,0,450253997
1717880744542213,-54,-225,4,1024356550,0,450404874
1717880744695133,-54,-225,4,1024509471,0,450557795
1717880744846374,-54,-168,4,1024660675,0,450708999
1717880744953214,-54,-168,4,1024767552,0,450815876
1717880745113122,-54,-168,4,1024927460,0,450975784
1717880745264208,0,-168,4,1025078545,0,451126869
1717880745420301,-54,-225,4,1025234591,0,451282915
1717880745521363,0,-225,4,1025335652,0,451383976
1717880745723214,0,-225,4,1025537552,0,451585876
1717880745828160,0,-225,4,1025642499,0,451690823
1717880745985079,-54,-225,4,1025799418,0,451847742
1717880746136213,-54,-225,4,1025950551,0,451998875
1717880746287216,0,-225,4,1026101555,0,452149879
1717880746442219,0,-225,4,1026256557,0,452304881
1717880746599481,0,-281,4,1026413818,0,452462142
1717880746752599,-54,-225,4,1026566931,0,452615255
1717880746905416,-54,-225,4,1026719755,0,452768079
1717880747063134,-54,-168,4,1026877440,0,452925764
1717880747164250,0,-225,4,1026978587,0,453026911
1717880747317138,-54,-225,4,1027131476,0,453179800
1717880747528079,0,-168,4,1027342418,0,453390742
1717880747685223,0,-168,4,1027499560,0,453547884
1717880747792362,-54,-168,4,1027606671,0,453654995
1717880747946080,-54,-168,4,1027760418,0,453808742
1717880748102206,-54,-168,4,1027916544,0,453964868
1717880748207223,-54,-168,4,1028021562,0,454069886
1717880748358121,-54,-168,4,1028172459,0,454220783
1717880748512079,-54,-168,4,1028326418,0,454374742
1717880748617224,-54,-168,4,1028431562,0,454479886
1717880748770167,-54,-168,4,1028584506,0,454632830
1717880748923096,-54,-168,4,1028737434,0,454785758
1717880749076636,0,-168,4,1028890962,0,454939286
1717880749229453,0,-225,4,1029043791,0,455092115
1717880749382454,0,-168,4,1029196773,0,455245097
1717880749535408,-54,-225,4,1029349740,0,455398064
1717880749687397,-54,-225,4,1029501734,0,455550058
1717880749841096,0,-225,4,1029655425,0,455703749
1717880749996232,-54,-225,4,1029810570,0,455858894
1717880750106093,0,-225,4,1029920432,0,455968756
1717880750309220,-54,-225,4,1030123558,0,456171882
1717880750411216,0,-225,4,1030225554,0,456273878
1717880750568217,-54,-225,4,1030382555,0,456430879
1717880750728096,-54,-168,4,1030542434,0,456590758
1717880750881079,0,-168,4,1030695418,0,456743742
1717880751041221,-54,-168,4,1030855559,0,456903883
1717880751147322,-54,-168,4,1030961637,0,457009961
1717880751349224,-54,-168,4,1031163562,0,457211886
1717880751450208,-54,-168,4,1031264518,0,457312842
1717880751607615,-54,-225,4,1031421948,0,457470272
1717880751760531,-54,-168,4,1031574849,0,457623173
1717880751913136,0,-168,4,1031727474,0,457775798
1717880752065239,-54,-225,4,1031879516,0,457927840
1717880752226160,0,-225,4,1032040499,0,458088823
1717880752378220,-54,-225,4,1032192556,0,458240880
1717880752539223,-54,-225,4,1032353560,0,458401884
1717880752641278,-54,-225,4,1032455615,0,458503939
1717880752844216,-54,-225,4,1032658554,0,458706878
1717880753047096,-54,-281,4,1032861434,0,458909758
1717880753158156,-54,-281,4,1032962651,0,459010975
1717880753360881,-54,-281,4,1033165418,0,459213742
1717880753515932,-54,-281,4,1033320467,0,459368791
1717880753616995,-54,-281,4,1033421483,0,459469807
1717880753773063,-54,-281,4,1033577546,0,459625870
1717880753875029,-54,-281,4,1033679564,0,459727888
1717880754035920,-54,-281,4,1033840456,0,459888780
1717880754142201,-54,-281,4,1033946685,0,459995009
1717880754298029,-54,-281,4,1034102564,0,460150888
1717880754458885,-54,-281,4,1034263419,0,460311743
1717880754559944,-54,-281,4,1034364479,0,460412803
1717880754711012,-54,-281,4,1034515547,0,460563871
1717880754866888,-54,-281,4,1034671422,0,460719746
1717880754966986,-54,-281,4,1034771486,0,460819810
1717880755127898,-54,-281,4,1034932434,0,460980758
1717880755279886,-54,-281,4,1035084420,0,461132744
1717880755380946,-54,-281,4,1035185424,0,461233748
1717880755536079,-54,-281,4,1035340570,0,461388894
1717880755693017,-54,-281,4,1035497553,0,461545877
1717880755848956,-54,-281,4,1035653492,0,461701816
1717880756005018,-54,-281,4,1035809553,0,461857877
1717880756114993,-54,-281,4,1035919529,0,461967853
1717880756276127,-54,-281,4,1036080606,0,462128930
1717880756428923,0,0,4,1036233458,0,146762
1717880756581885,0,0,4,1036386421,0,299725
1717880756734252,54,0,4,1036538788,0,452092
1717880756887258,0,0,4,1036691785,0,605089
1717880756989445,0,0,4,1036793950,0,707254
1717880757142211,0,0,4,1036946748,0,860052
1717880757294936,54,0,4,1037099472,0,1012776
1717880757446920,0,0,4,1037251456,0,1164760
1717880757598441,54,0,4,1037402916,0,1316220
1717880757755898,54,0,4,1037560434,0,1473738
1717880757911021,0,0,4,1037715556,0,1628860
1717880758067885,0,0,4,1037872421,0,1785725
1717880758224016,0,0,4,1038028552,0,1941856
1717880758330035,0,56,4,1038134525,0,2047829
1717880758486887,54,56,4,1038291423,0,2204727
1717880758641977,0,56,4,1038446481,0,2359785
1717880758801910,54,0,4,1038606446,0,2519750
1717880759003001,54,0,4,1038807537,0,2720841
1717880759107964,0,0,4,1038912501,0,2825805
1717880759265272,54,0,4,1039069782,0,2983086
1717880759418343,0,0,4,1039222870,0,3136174
1717880759570150,0,0,4,1039374686,0,3287990
1717880759722136,54,0,4,1039526672,0,3439976
1717880759874944,0,0,4,1039679479,0,3592783
1717880760031148,0,0,4,1039835637,0,3748941
1717880760188083,54,0,4,1039992573,0,3905877
1717880760289979,54,0,4,1040094514,0,4007818
1717880760446168,0,0,4,1040250655,0,4163959
1717880760599153,0,0,4,1040403653,0,4316957
1717880760752066,0,0,4,1040556602,0,4469906
1717880760904018,0,0,4,1040708553,0,4621857
1717880761064883,0,0,4,1040869419,0,4782723
1717880761219021,54,-56,4,1041023556,0,4936860
1717880761321169,0,0,4,1041125668,0,5038972
1717880761471945,0,0,4,1041276480,0,5189784
1717880761627898,0,0,4,1041432434,0,5345738
1717880761782935,54,0,4,1041587471,0,5500775
1717880761938019,54,0,4,1041742554,0,5655858
1717880762091024,0,0,4,1041895541,0,5808845
1717880762197375,54,0,4,1042001910,0,5915214
1717880762350244,0,0,4,1042154779,0,6068083
1717880762503186,0,0,4,1042307722,0,6221026
1717880762661020,54,0,4,1042465555,0,6378859
1717880762816969,54,0,4,1042621503,0,6534807
1717880762978013,54,0,4,1042782548,0,6695852
1717880763088018,0,0,4,1042892553,0,6805857
1717880763241965,54,0,4,1043046502,0,6959806
1717880763394018,0,0,4,1043198554,0,7111858
1717880763544928,54,0,4,1043349464,0,7262768
1717880763697901,54,0,4,1043502437,0,7415741
1717880763854014,0,0,4,1043658550,0,7571854
1717880764007027,0,0,4,1043811563,0,7724867
1717880764117334,0,0,4,1043921810,0,7835114
1717880764321165,0,0,4,1044125700,0,8039004
1717880764423550,54,-56,4,1044228028,0,8141332
1717880764576180,0,-56,4,1044380717,0,8294021
1717880764779273,0,-56,4,1044583808,0,8497112
1717880764931233,0,-56,4,1044735768,0,8649072
1717880765082895,0,-56,4,1044887423,0,8800727
1717880765185030,0,-56,4,1044989565,0,8902869
1717880765345882,54,-56,4,1045150418,0,9063722
1717880765501882,0,-56,4,1045306418,0,9219722
1717880765653914,0,-56,4,1045458449,0,9371753
1717880765759941,0,-56,4,1045564478,0,9477782
1717880765911081,54,-56,4,1045715617,0,9628921
1717880766062921,0,-56,4,1045867457,0,9780761
1717880766213898,54,-56,4,1046018434,0,9931738
1717880766370067,0,-56,4,1046174548,0,10087852
1717880766522072,54,-56,4,1046326608,0,10239912
1717880766623018,0,-56,4,1046427554,0,10340858
1717880766778935,0,-56,4,1046583472,0,10496776
1717880766985108,54,-56,4,1046789644,0,10702948
1717880767087137,0,-56,4,1046891641,0,10804945
1717880767243957,0,-112,4,1047048494,0,10961798
1717880767398899,0,-56,4,1047203435,0,11116739
1717880767550191,54,-112,4,1047354670,0,11267974
1717880767707023,54,-56,4,1047511554,0,11424858
1717880767863270,0,-56,4,1047667807,0,11581111
1717880767965392,54,-56,4,1047769899,0,11683203
1717880768117946,0,-56,4,1047922482,0,11835786
1717880768269192,0,0,4,1048073729,0,11987033
1717880768420887,0,0,4,1048225423,0,12138727
1717880768572899,0,0,4,1048377436,0,12290740
1717880768724145,54,0,4,1048528682,0,12441986
1717880768885898,54,0,4,1048690434,0,12603738
1717880769038022,0,0,4,1048842554,0,12755858
1717880769195026,54,0,4,1048999562,0,12912866
1717880769298182,54,-56,4,1049102674,0,13015978
1717880769449941,0,-56,4,1049254429,0,13167733
1717880769602898,54,-56,4,1049407434,0,13320738
1717880769754005,54,0,4,1049558540,0,13471844
1717880769855020,0,0,4,1049659555,0,13572859
1717880770008151,54,-56,4,1049812653,0,13725957
1717880770164017,0,-56,4,1049968552,0,13881856
1717880770266024,0,0,4,1050070559,0,13983863
1717880770422899,0,-56,4,1050227434,0,14140738
1717880770575898,0,-56,4,1050380434,0,14293738
1717880770727898,0,-56,4,1050532434,0,14445738
1717880770829047,0,-56,4,1050633583,0,14546887
1717880770993888,0,0,4,1050798425,0,14711729
1717880771145929,0,-56,4,1050950465,0,14863769
1717880771302280,54,-56,4,1051106815,0,15020119
1717880771455169,54,-56,4,1051259704,0,15173008
1717880771556976,54,0,4,1051361454,0,15274758
1717880771762001,54,-56,4,1051566537,0,15479841
1717880771867026,0,-56,4,1051671561,0,15584865
1717880772028016,0,-56,4,1051832551,0,15745855
1717880772184898,0,-56,4,1051989434,0,15902738
1717880772337881,54,-56,4,1052142418,0,16055722
1717880772489031,0,-56,4,1052293549,0,16206853
1717880772640069,54,-56,4,1052444548,0,16357852
1717880772743178,54,-56,4,1052547667,0,16460971
1717880772894946,0,-56,4,1052699480,0,16612784
1717880773046987,54,-56,4,1052851523,0,16764827
1717880773153026,0,-56,4,1052957561,0,16870865
1717880773308881,0,-56,4,1053113418,0,17026722
1717880773462022,54,-56,4,1053266556,0,17179860
1717880773567945,0,-56,4,1053372480,0,17285784
1717880773719962,0,-56,4,1053524499,0,17437803
1717880773871945,0,-56,4,1053676480,0,17589784
1717880774027167,0,-56,4,1053831683,0,17744987
1717880774178898,0,-56,4,1053983434,0,17896738
1717880774336256,54,0,4,1054140790,0,18054094
1717880774489142,0,0,4,1054293668,0,18206972
1717880774641946,0,0,4,1054446477,0,18359781
1717880774793997,0,-56,4,1054598505,0,18511809
1717880774946025,0,-56,4,1054750535,0,18663839
1717880775097466,54,-56,4,1054901959,0,18815263
1717880775199020,0,-56,4,1055003517,0,18916821
1717880775350244,0,0,4,1055154779,0,19068083
1717880775552942,54,0,4,1055357478,0,19270782
1717880775704923,0,0,4,1055509458,0,19422762
1717880775856136,54,0,4,1055660671,0,19573975
1717880776013965,54,-56,4,1055818502,0,19731806
1717880776165881,54,0,4,1055970418,0,19883722
1717880776322083,0,0,4,1056126618,0,20039922
1717880776478015,0,0,4,1056282551,0,20195855
1717880776583028,0,0,4,1056387563,0,20300867
1717880776739014,0,0,4,1056543549,0,20456853
1717880776897127,54,-56,4,1056701636,0,20614940
1717880777053150,0,-56,4,1056857657,0,20770961
1717880777154968,0,-56,4,1056959504,0,20872808
1717880777314965,0,-56,4,1057119500,0,21032804
1717880777472182,0,-56,4,1057276718,0,21190022
1717880777574307,0,-56,4,1057378835,0,21292139
1717880777727183,54,-56,4,1057531718,0,21445022
1717880777879270,0,-56,4,1057683805,0,21597109
1717880778038020,0,-56,4,1057842556,0,21755860
1717880778190903,54,-56,4,1057995438,0,21908742
1717880778294124,54,-56,4,1058098611,0,22011915
1717880778445895,0,-56,4,1058250431,0,22163735
1717880778600090,54,-56,4,1058404626,0,22317930
1717880778760898,0,-56,4,1058565435,0,22478739
1717880778921016,54,-112,4,1058725552,0,22638856
1717880779077888,0,-56,4,1058882425,0,22795729
1717880779179145,0,-56,4,1058983652,0,22896956
1717880779335937,54,-56,4,1059140473,0,23053777
1717880779544150,0,-56,4,1059348684,0,23261988
1717880779697270,0,-56,4,1059501805,0,23415109
1717880779850162,0,-56,4,1059654697,0,23568001
1717880780003267,0,-56,4,1059807802,0,23721106
1717880780155270,0,-56,4,1059959806,0,23873110
1717880780357925,0,-56,4,1060162461,0,24075765
1717880780509889,54,-56,4,1060314424,0,24227728
1717880780610945,0,-56,4,1060415480,0,24328784
1717880780762524,0,-56,4,1060567033,0,24480337
1717880780914151,0,-56,4,1060718687,0,24631991
1717880781070899,54,-56,4,1060875435,0,24788739
1717880781228069,54,-56,4,1061032561,0,24945865
1717880781330965,0,-56,4,1061135500,0,25048804
1717880781533034,0,-56,4,1061337543,0,25250847
1717880781638181,54,-56,4,1061442658,0,25355962
1717880781846017,0,-56,4,1061650552,0,25563856
1717880781948027,0,-56,4,1061752563,0,25665867
1717880782099110,54,-56,4,1061903602,0,25816906
1717880782251022,0,-56,4,1062055557,0,25968861
1717880782357016,0,-56,4,1062161552,0,26074856
1717880782559025,0,-56,4,1062363560,0,26276864
1717880782659916,0,-56,4,1062464453,0,26377757
1717880782863008,0,-56,4,1062667544,0,26580848
1717880783020008,0,-56,4,1062824544,0,26737848
1717880783176019,54,-112,4,1062980554,0,26893858
1717880783329025,0,-112,4,1063133557,0,27046861
1717880783430139,0,-112,4,1063234625,0,27147929
1717880783582152,0,-112,4,1063386642,0,27299946
1717880783734121,0,-56,4,1063538619,0,27451923
1717880783940025,0,-56,4,1063744560,0,27657864
1717880784041019,0,-56,4,1063845554,0,27758858
1717880784198448,54,0,4,1064002938,0,27916242
1717880784351237,0,0,4,1064155771,0,28069075
1717880784504492,0,0,4,1064308978,0,28222282
1717880784658022,54,0,4,1064462557,0,28375861
1717880784814021,54,0,4,1064618556,0,28531860
1717880784966908,0,0,4,1064771445,0,28684749
1717880785123898,0,0,4,1064928434,0,28841738
1717880785274881,0,-56,4,1065079418,0,28992722
1717880785375946,54,-56,4,1065180481,0,29093785
1717880785531958,0,-56,4,1065336493,0,29249797
1717880785687898,0,-56,4,1065492434,0,29405738
1717880785793128,0,-112,4,1065597610,0,29510914
1717880785949177,0,-56,4,1065753675,0,29666979
1717880786103092,0,-112,4,1065907595,0,29820899
1717880786304899,54,-112,4,1066109435,0,30022739
1717880786406033,54,-56,4,1066210526,0,30123830
1717880786562898,0,-56,4,1066367434,0,30280738
1717880786716025,0,-56,4,1066520557,0,30433861
1717880786825925,0,-56,4,1066630461,0,30543765
1717880786982234,0,-112,4,1066786770,0,30700074
1717880787135151,0,-56,4,1066939685,0,30852989
1717880787236890,0,-56,4,1067041427,0,30954731
1717880787388894,0,-56,4,1067193431,0,31106735
1717880787545906,0,-56,4,1067350442,0,31263746
1717880787698016,0,0,4,1067502552,0,31415856
1717880787850017,0,-56,4,1067654553,0,31567857
1717880788001881,54,-56,4,1067806418,0,31719722
1717880788158972,0,0,4,1067963508,0,31876812
1717880788265165,0,0,4,1068069667,0,31982971
1717880788421898,0,0,4,1068226434,0,32139738
1717880788573019,0,-56,4,1068377555,0,32290859
1717880788733898,0,-56,4,1068538434,0,32451738
1717880788889006,0,-56,4,1068693489,0,32606793
1717880789040022,0,-56,4,1068844558,0,32757862
1717880789145953,54,-56,4,1068950490,0,32863794
1717880789296943,0,-112,4,1069101479,0,33014783
1717880789452891,0,-112,4,1069257428,0,33170732
1717880789604026,0,-112,4,1069408559,0,33321863
1717880789755898,0,-112,4,1069560434,0,33473738
1717880789909120,0,-112,4,1069713620,0,33626924
1717880790010026,0,-112,4,1069814561,0,33727865
1717880790167235,0,-112,4,1069971770,0,33885074
1717880790320214,0,-112,4,1070124751,0,34038055
1717880790473347,0,-112,4,1070277855,0,34191159
1717880790677948,0,-56,4,1070482475,0,34395779
1717880790838885,0,-56,4,1070643422,0,34556726
1717880790989963,54,-56,4,1070794500,0,34707804
1717880791092169,0,-56,4,1070896669,0,34809973
1717880791244114,0,-56,4,1071048621,0,34961925
1717880791448011,54,-56,4,1071252546,0,35165850
1717880791550000,0,-56,4,1071354537,0,35267841
1717880791707167,0,-56,4,1071511647,0,35424951
1717880791859939,0,-56,4,1071664471,0,35577775
1717880792015029,0,-56,4,1071819564,0,35732868
1717880792167013,0,-112,4,1071971549,0,35884853
1717880792323015,54,-112,4,1072127550,0,36040854
1717880792475019,0,-112,4,1072279554,0,36192858
1717880792577171,0,-112,4,1072381664,0,36294968
1717880792733881,54,-112,4,1072538418,0,36451722
1717880792885927,0,-112,4,1072690464,0,36603768
1717880792988051,54,-112,4,1072792587,0,36705891
1717880793190898,0,-112,4,1072995434,0,36908738
1717880793296148,54,-112,4,1073100664,0,37013968
1717880793501025,0,-112,4,1073305560,0,37218864
1717880793607500,0,-112,4,1073411984,0,37325288
1717880793811144,0,-56,4,1073615680,0,37528984
1717880793913507,0,-112,4,1073717998,0,37631302
1717880794067020,0,-112,4,1073871556,0,37784860
1717880794219046,54,-56,4,1074023529,0,37936833
1717880794373054,0,-56,4,1074177589,0,38090893
1717880794537898,0,-56,4,1074342434,0,38255738
1717880794689920,0,-56,4,1074494455,0,38407759
1717880794840887,0,-112,4,1074645424,0,38558728
1717880795001025,0,-112,4,1074805557,0,38718861
1717880795153065,0,-112,4,1074957546,0,38870850
1717880795306898,0,-112,4,1075111434,0,39024738
1717880795464019,0,-112,4,1075268554,0,39181858
1717880795570020,54,-112,4,1075374556,0,39287860
1717880795732188,0,-112,4,1075536723,0,39450027
1717880795885168,0,-112,4,1075689703,0,39603007
1717880796037887,0,-112,4,1075842423,0,39755727
1717880796189217,0,-56,4,1075993754,0,39907058
1717880796341177,0,-56,4,1076145713,0,40059017
1717880796445144,0,-56,4,1076249652,0,40162956
1717880796601909,54,-56,4,1076406446,0,40319750
1717880796753941,54,-56,4,1076558475,0,40471779
1717880796910903,0,-56,4,1076715439,0,40628743
1717880797064132,0,-56,4,1076868667,0,40781971
1717880797219898,54,-112,4,1077024434,0,40937738
1717880797376915,54,-112,4,1077181451,0,41094755
1717880797481961,0,-112,4,1077286498,0,41199802
1717880797637933,0,-112,4,1077442468,0,41355772
1717880797793898,54,-112,4,1077598434,0,41511738
1717880797948900,0,-112,4,1077753436,0,41666740
1717880798101909,0,-112,4,1077906445,0,41819749
1717880798255013,0,-112,4,1078059549,0,41972853
1717880798411248,0,-112,4,1078215782,0,42129086
1717880798513244,0,-112,4,1078317781,0,42231085
1717880798666284,0,-112,4,1078470819,0,42384123
1717880798819173,0,-112,4,1078623707,0,42537011
1717880798921036,0,-112,4,1078725523,0,42638827
1717880799081988,0,-112,4,1078886523,0,42799827
1717880799237887,0,-112,4,1079042424,0,42955728
1717880799396024,0,-112,4,1079200559,0,43113863
1717880799552881,54,-112,4,1079357418,0,43270722
1717880799704898,0,-112,4,1079509434,0,43422738
1717880799805070,0,-112,4,1079609606,0,43522910
1717880799959932,0,-112,4,1079764468,0,43677772
1717880800112198,0,-112,4,1079916679,0,43829983
1717880800264176,0,-112,4,1080068666,0,43981970
1717880800418166,0,-112,4,1080222651,0,44135955
1717880800571889,0,-112,4,1080376421,0,44289725
1717880800724898,0,-112,4,1080529434,0,44442738
1717880800879026,54,-112,4,1080683562,0,44596866
1717880800981017,0,-112,4,1080785509,0,44698813
1717880801183022,0,-112,4,1080987558,0,44900862
1717880801333917,0,-112,4,1081138453,0,45051757
1717880801433944,0,-112,4,1081238479,0,45151783
1717880801588923,0,-112,4,1081393458,0,45306762
1717880801749327,54,-112,4,1081553854,0,45467158
1717880801902452,0,-56,4,1081706939,0,45620243
1717880802004447,0,-56,4,1081808929,0,45722233
1717880802157267,0,-56,4,1081961802,0,45875106
1717880802309149,0,-56,4,1082113685,0,46026989
1717880802461290,0,-112,4,1082265825,0,46179129
1717880802618881,54,-112,4,1082423418,0,46336722
1717880802820987,0,-56,4,1082625522,0,46538826
1717880802974026,0,-56,4,1082778562,0,46691866
1717880803075173,0,-56,4,1082879664,0,46792968
1717880803236898,0,-56,4,1083041434,0,46954738
1717880803337949,0,-56,4,1083142485,0,47055789
1717880803489986,0,-56,4,1083294523,0,47207827
1717880803643017,54,-56,4,1083447552,0,47360856
1717880803804018,0,-56,4,1083608548,0,47521852
1717880803914161,54,-56,4,1083718674,0,47631978
1717880804126209,0,-56,4,1083930744,0,47844048
1717880804228438,0,-112,4,1084032935,0,47946239
1717880804381211,0,-112,4,1084185747,0,48099051
1717880804534191,0,-112,4,1084338727,0,48252031
1717880804686889,0,-112,4,1084491424,0,48404728
1717880804789163,0,-112,4,1084593643,0,48506947
1717880804943198,0,-112,4,1084747687,0,48660991
1717880805099964,0,-112,4,1084904500,0,48817804
1717880805257043,0,-112,4,1085061534,0,48974838
1717880805408898,0,-112,4,1085213434,0,49126738
1717880805569025,54,-112,4,1085373561,0,49286865
1717880805724898,0,-112,4,1085529434,0,49442738
1717880805879882,0,-112,4,1085684418,0,49597722
1717880805980157,0,-112,4,1085784670,0,49697974
1717880806131931,54,-112,4,1085936436,0,49849740
1717880806283883,0,-112,4,1086088419,0,50001723
1717880806384029,0,-112,4,1086188564,0,50101868
1717880806545067,0,-112,4,1086349550,0,50262854
1717880806647964,54,-112,4,1086452440,0,50365744
1717880806800022,0,-112,4,1086604513,0,50517817
1717880807002024,0,-112,4,1086806559,0,50719863
1717880807157914,0,-112,4,1086962449,0,50875753
1717880807309914,0,-112,4,1087114449,0,51027753
1717880807416378,0,-112,4,1087220882,0,51134186
1717880807569546,0,-112,4,1087374023,0,51287327
1717880807771927,0,-112,4,1087576462,0,51489766
1717880807873550,0,-112,4,1087678054,0,51591358
1717880808025940,54,-112,4,1087830475,0,51743779
1717880808183963,0,-112,4,1087988500,0,51901804
1717880808336024,0,-112,4,1088140560,0,52053864
1717880808437190,0,-56,4,1088241684,0,52154988
1717880808588964,0,-56,4,1088393500,0,52306804
1717880808748898,0,-56,4,1088553434,0,52466738
1717880808904018,0,-56,4,1088708554,0,52621858
1717880809055912,54,-56,4,1088860448,0,52773752
1717880809211888,0,-56,4,1089016419,0,52929723
1717880809365016,54,-56,4,1089169551,0,53082855
1717880809525884,0,-56,4,1089330420,0,53243724
1717880809677985,0,-56,4,1089482491,0,53395795
1717880809783027,0,-56,4,1089587561,0,53500865
1717880809938938,0,-56,4,1089743474,0,53656778
1717880810089882,0,-112,4,1089894419,0,53807723
1717880810191942,0,-112,4,1089996478,0,53909782
1717880810342944,0,-112,4,1090147480,0,54060784
1717880810500315,0,-112,4,1090304839,0,54218143
1717880810602511,0,-112,4,1090407005,0,54320309
1717880810755555,0,-112,4,1090560032,0,54473336
1717880810908255,-54,-112,4,1090712790,0,54626094
1717880811066021,0,-112,4,1090870549,0,54783853
1717880811169039,0,-112,4,1090973536,0,54886840
1717880811321883,0,-112,4,1091126420,0,55039724
1717880811422316,54,-112,4,1091226800,0,55140104
1717880811580014,0,-112,4,1091384550,0,55297854
1717880811737013,0,-112,4,1091541549,0,55454853
1717880811842020,0,-112,4,1091646556,0,55559860
1717880811994165,0,-112,4,1091798659,0,55711963
1717880812145945,0,-112,4,1091950480,0,55863784
1717880812301881,0,-112,4,1092106418,0,56019722
1717880812453882,0,-112,4,1092258419,0,56171723
1717880812604881,54,-112,4,1092409418,0,56322722
1717880812759005,54,-112,4,1092563541,0,56476845
1717880812860945,0,-112,4,1092665480,0,56578784
1717880813011023,54,-56,4,1092815522,0,56728826
1717880813162924,54,-56,4,1092967461,0,56880765
1717880813318942,0,-56,4,1093123478,0,57036782
1717880813475027,54,-56,4,1093279562,0,57192866
1717880813631042,0,-112,4,1093435537,0,57348841
1717880813784016,54,-112,4,1093588551,0,57501855
1717880813890171,0,-112,4,1093694706,0,57608010
1717880814043522,54,-112,4,1093848006,0,57761310
1717880814196183,54,-112,4,1094000719,0,57914023
1717880814298021,0,-56,4,1094102556,0,58015860
1717880814454018,0,-56,4,1094258554,0,58171858
1717880814610898,0,-56,4,1094415434,0,58328738
1717880814713027,0,-56,4,1094517529,0,58430833
1717880814865925,54,-56,4,1094670460,0,58583764
1717880815022027,0,-56,4,1094826563,0,58739867
1717880815127914,54,-56,4,1094932451,0,58845755
1717880815280881,54,-56,4,1095085418,0,58998722
1717880815432897,0,-56,4,1095237426,0,59150730
1717880815584898,0,-56,4,1095389434,0,59302738
1717880815738137,0,-56,4,1095542635,0,59455939
1717880815840149,0,-112,4,1095644644,0,59557948
1717880815991899,0,-56,4,1095796434,0,59709738
1717880816194031,0,-112,4,1095998561,0,59911865
1717880816295962,0,-112,4,1096104694,0,60017998
1717880816446740,0,-112,4,1096255499,0,60168803
1717880816607802,0,-112,4,1096416559,0,60329863
1717880816767666,0,-112,4,1096576419,0,60489723
1717880816872796,0,-112,4,1096681554,0,60594858
1717880817023804,0,-112,4,1096832561,0,60745865
1717880817179714,0,-112,4,1096988473,0,60901777
1717880817339804,0,-112,4,1097148553,0,61061857
1717880817491800,0,-112,4,1097300557,0,61213861
1717880817592770,0,-112,4,1097401513,0,61314817
1717880817757797,0,-112,4,1097566554,0,61479858
1717880817913785,0,-112,4,1097722542,0,61635846
1717880818019724,0,-112,4,1097828482,0,61741786
1717880818175785,0,-112,4,1097984542,0,61897846
1717880818326695,0,-112,4,1098135453,0,62048757
1717880818427695,0,-112,4,1098236454,0,62149758
1717880818583693,0,-112,4,1098392452,0,62305756
1717880818688805,0,-112,4,1098497562,0,62410866
1717880818844863,0,-112,4,1098653621,0,62566925
1717880819000661,0,-112,4,1098809420,0,62722724
1717880819105796,0,-112,4,1098914554,0,62827858
1717880819265676,0,-112,4,1099074434,0,62987738
1717880819367957,0,0,4,1099176675,0,56976
1717880819523793,0,0,4,1099332550,0,212851
1717880819676659,0,0,4,1099485418,0,365719
1717880819828691,0,0,4,1099637449,0,517750
1717880819979797,0,0,4,1099788554,0,668855
1717880820131693,0,0,4,1099940451,0,820752
1717880820283682,0,0,4,1100092441,0,972742
1717880820435719,0,0,4,1100244477,0,1124778
1717880820590666,0,0,4,1100399423,0,1279724
1717880820746659,0,56,4,1100555418,0,1435719
1717880820901676,0,112,4,1100710434,0,1590735
1717880821062805,0,112,4,1100871556,0,1751857
1717880821218793,0,112,4,1101027550,0,1907851
1717880821323953,0,112,4,1101132658,0,2012959
1717880821476957,0,112,4,1101285669,0,2165970
1717880821628764,-54,112,4,1101437523,0,2317824
1717880821784962,0,112,4,1101593671,0,2473972
1717880821941939,0,112,4,1101750696,0,2630997
1717880822095022,0,112,4,1101903780,0,2784081
1717880822246948,0,112,4,1102055700,0,2936001
1717880822401671,54,112,4,1102210425,0,3090726
1717880822562802,0,112,4,1102371560,0,3251861
1717880822663870,0,112,4,1102472627,0,3352928
1717880822821742,0,112,4,1102630479,0,3510780
1717880822977713,0,112,4,1102786471,0,3666772
1717880823129804,0,112,4,1102938561,0,3818862
1717880823286661,0,112,4,1103095420,0,3975721
1717880823442676,0,112,4,1103251434,0,4131735
1717880823593800,0,112,4,1103402557,0,4282858
1717880823745797,0,112,4,1103554554,0,4434855
1717880823897665,0,112,4,1103706421,0,4586722
1717880824050871,54,112,4,1103859589,0,4739890
1717880824202659,54,112,4,1104011418,0,4891719
1717880824358662,54,56,4,1104167420,0,5047721
1717880824510718,0,56,4,1104319475,0,5199776
1717880824662659,0,56,4,1104471418,0,5351719
1717880824819801,0,56,4,1104628559,0,5508860
1717880824925975,0,56,4,1104734733,0,5615034
1717880825078982,0,56,4,1104887739,0,5768040
1717880825231765,0,56,4,1105040523,0,5920824
1717880825388681,54,56,4,1105197439,0,6077740
1717880825544676,54,56,4,1105353434,0,6233735
1717880825701664,0,56,4,1105510422,0,6390723
1717880825853806,0,56,4,1105662564,0,6542865
1717880825954805,0,56,4,1105763563,0,6643864
1717880826110716,54,56,4,1105919475,0,6799776
1717880826270743,0,112,4,1106079501,0,6959802
1717880826375802,-54,112,4,1106184560,0,7064861
1717880826526743,0,112,4,1106335501,0,7215802
1717880826631800,54,112,4,1106440558,0,7320859
1717880826792856,0,112,4,1106601599,0,7481900
1717880826946067,0,112,4,1106754817,0,7635118
1717880827048327,0,112,4,1106857033,0,7737334
1717880827200992,0,112,4,1107009751,0,7890052
1717880827404936,0,112,4,1107213693,0,8093994
1717880827557722,0,112,4,1107366479,0,8246780
1717880827709025,0,112,4,1107517777,0,8398078
1717880827866682,54,112,4,1107675441,0,8555742
1717880828022919,0,112,4,1107831650,0,8711951
1717880828175743,54,112,4,1107984501,0,8864802
1717880828335665,0,56,4,1108144420,0,9024721
1717880828493864,0,56,4,1108302573,0,9182874
1717880828600829,0,56,4,1108409587,0,9289888
1717880828761661,0,56,4,1108570419,0,9450720
1717880828914659,0,56,4,1108723418,0,9603719
1717880829070945,0,56,4,1108879704,0,9760005
1717880829223941,54,56,4,1109032698,0,9912999
1717880829376935,54,56,4,1109185692,0,10065993
1717880829529986,0,56,4,1109338743,0,10219044
1717880829682021,0,56,4,1109490779,0,10371080
1717880829833666,0,56,4,1109642423,0,10522724
1717880829935151,54,56,4,1109743882,0,10624183
1717880830086666,0,56,4,1109895424,0,10775725
1717880830237918,0,56,4,1110046675,0,10926976
1717880830390123,0,56,4,1110198876,0,11079177
1717880830548665,54,56,4,1110357423,0,11237724
1717880830649798,0,112,4,1110458555,0,11338856
1717880830809839,0,112,4,1110618541,0,11498842
1717880830961794,0,112,4,1110770545,0,11650846
1717880831067718,0,112,4,1110876475,0,11756776
1717880831229797,0,112,4,1111038554,0,11918855
1717880831330793,0,112,4,1111139551,0,12019852
1717880831481788,0,112,4,1111290506,0,12170807
1717880831634724,0,112,4,1111443481,0,12323782
1717880831795676,0,168,4,1111604434,0,12484735
1717880831946951,0,112,4,1111755653,0,12635954
1717880832099802,0,112,4,1111908555,0,12788856
1717880832252663,54,112,4,1112061419,0,12941720
1717880832409944,0,112,4,1112218693,0,13098994
1717880832562939,0,112,4,1112371698,0,13251999
1717880832715931,0,112,4,1112524689,0,13404990
1717880832868665,0,112,4,1112677423,0,13557724
1717880833020794,0,112,4,1112829507,0,13709808
1717880833121725,54,56,4,1112930483,0,13810784
1717880833274908,0,56,4,1113083628,0,13963929
1717880833432890,0,56,4,1113241612,0,14121913
1717880833588694,0,56,4,1113397452,0,14277753
1717880833739797,0,56,4,1113548554,0,14428855
1717880833900659,54,56,4,1113709418,0,14589719
1717880834052857,0,56,4,1113861568,0,14741869
1717880834204676,0,56,4,1114013435,0,14893736
1717880834356803,0,56,4,1114165560,0,15045861
1717880834510062,54,56,4,1114318782,0,15199083
1717880834610933,0,56,4,1114419649,0,15299950
1717880834762718,54,56,4,1114571477,0,15451778
1717880834914796,54,56,4,1114723554,0,15603855
1717880835069737,0,56,4,1114878494,0,15758795
1717880835230676,54,56,4,1115039434,0,15919735
1717880835386676,0,56,4,1115195434,0,16075735
1717880835542699,0,56,4,1115351458,0,16231759
1717880835693797,0,56,4,1115502549,0,16382850
1717880835799943,54,56,4,1115608702,0,16489003
1717880836004013,0,56,4,1115812771,0,16693072
1717880836106848,0,56,4,1115915605,0,16795906
1717880836271797,54,0,4,1116080554,0,16960855
1717880836377713,0,0,4,1116186471,0,17066772
1717880836533676,0,56,4,1116342434,0,17222735
1717880836686700,54,56,4,1116495458,0,17375759
1717880836838683,0,56,4,1116647442,0,17527743
1717880837044659,0,56,4,1116853418,0,17733719
1717880837195788,54,56,4,1117004545,0,17884846
1717880837296833,0,56,4,1117105589,0,17985890
1717880837456676,54,56,4,1117265434,0,18145735
1717880837608677,0,56,4,1117417434,0,18297735
1717880837760808,0,56,4,1117569561,0,18449862
1717880837914689,0,56,4,1117723447,0,18603748
1717880838070799,0,56,4,1117879554,0,18759855
1717880838227919,0,56,4,1118036675,0,18916976
1717880838330028,0,56,4,1118138786,0,19019087
1717880838482668,0,56,4,1118291427,0,19171728
1717880838633944,0,56,4,1118442668,0,19322969
1717880838786035,0,56,4,1118594793,0,19475094
1717880838892804,0,56,4,1118701561,0,19581862
1717880839052719,0,56,4,1118861478,0,19741779
1717880839203802,0,56,4,1119012559,0,19892860
1717880839355763,0,56,4,1119164522,0,20044823
1717880839515676,0,56,4,1119324434,0,20204735
1717880839616866,54,56,4,1119425624,0,20305925
1717880839772725,0,56,4,1119581482,0,20461783
1717880839929809,0,56,4,1119738512,0,20618813
1717880840089676,0,56,4,1119898435,0,20778736
1717880840246780,0,112,4,1120055538,0,20935839
1717880840399985,0,112,4,1120208742,0,21089043
1717880840502282,0,112,4,1120311000,0,21191301
1717880840655303,54,56,4,1120464024,0,21344325
1717880840808062,54,112,4,1120616820,0,21497121
1717880840960665,0,56,4,1120769423,0,21649724
1717880841112060,54,112,4,1120920818,0,21801119
1717880841269803,0,112,4,1121078560,0,21958861
1717880841421804,0,56,4,1121230561,0,22110862
1717880841574872,0,56,4,1121383630,0,22263931
1717880841731805,0,56,4,1121540563,0,22420864
1717880841833800,54,112,4,1121642557,0,22522858
1717880841985736,54,112,4,1121794495,0,22674796
1717880842146786,0,112,4,1121955544,0,22835845
1717880842307676,0,112,4,1122116434,0,22996735
1717880842467659,0,56,4,1122276418,0,23156719
1717880842567846,54,56,4,1122376603,0,23256904
1717880842723765,0,56,4,1122532524,0,23412825
1717880842879928,54,56,4,1122688686,0,23568987
1717880842982116,0,56,4,1122790865,0,23671166
1717880843135148,54,56,4,1122943874,0,23824175
1717880843286895,0,0,4,1123095653,0,23975954
1717880843439154,54,0,4,1123247909,0,24128210
1717880843642722,0,0,4,1123451477,0,24331778
1717880843748941,0,0,4,1123557657,0,24437958
1717880843900790,0,0,4,1123709548,0,24589849
1717880844056922,0,0,4,1123865634,0,24745935
1717880844213791,0,0,4,1124022549,0,24902850
1717880844370678,0,0,4,1124179435,0,25059736
1717880844522676,0,0,4,1124331434,0,25211735
1717880844682933,54,0,4,1124491645,0,25371946
1717880844839676,0,0,4,1124648434,0,25528735
1717880844990767,0,0,4,1124799525,0,25679826
1717880845142659,0,0,4,1124951418,0,25831719
1717880845299664,54,0,4,1125108421,0,25988722
1717880845399946,0,0,4,1125208648,0,26088949
1717880845552680,0,0,4,1125361437,0,26241738
1717880845707663,54,0,4,1125516419,0,26396720
1717880845859664,0,0,4,1125668419,0,26548720
1717880846010794,0,0,4,1125819553,0,26699854
1717880846167911,0,56,4,1125976669,0,26856970
1717880846321027,0,56,4,1126129786,0,27010087
1717880846474870,54,0,6,1126283573,1,27163874
1717880846632757,1973,56,6,1126441513,1,27321814
1717880846788679,5922,56,6,1126597436,1,27477737
1717880846945670,10199,56,6,1126754419,1,27634720
1717880847098812,14805,56,6,1126907565,1,27787866
1717880847250807,19082,56,6,1127059562,1,27939863
1717880847404791,23194,56,4,1127213548,0,28093849
1717880847505944,26045,56,4,1127314646,0,28194947
1717880847663676,29281,0,4,1127472434,0,28352735
1717880847819789,31803,0,4,1127628546,0,28508847
1717880847976783,33338,0,4,1127785540,0,28665841
1717880848077904,33941,0,4,1127886659,0,28766960
1717880848234676,34161,0,4,1128043434,0,28923735
1717880848385668,34106,0,4,1128194419,0,29074720
1717880848536725,34106,0,4,1128345484,0,29225785
1717880848688676,34051,0,4,1128497434,0,29377735
1717880848839676,33996,0,4,1128648434,0,29528735
1717880848992844,33996,0,4,1128801552,0,29681853
1717880849093805,33996,56,4,1128902563,0,29782864
1717880849249718,33941,56,4,1129058475,0,29938776
1717880849400704,33887,56,4,1129209461,0,30089762
1717880849553714,33832,56,4,1129362472,0,30242773
1717880849707119,33777,56,4,1129515869,0,30396170
1717880849860287,33777,56,4,1129668985,0,30549286
1717880849962116,33777,56,4,1129770852,0,30651153
1717880850115124,33722,56,4,1129923858,0,30804159
1717880850267916,33722,56,4,1130076667,0,30956968
1717880850424659,33722,56,4,1130233418,0,31113719
1717880850576718,33667,56,4,1130385477,0,31265778
1717880850729670,33667,56,4,1130538429,0,31418730
1717880850884687,33612,56,4,1130693446,0,31573747
1717880851036701,33612,56,4,1130845459,0,31725760
1717880851187715,33612,56,4,1130996472,0,31876773
1717880851339887,33612,56,4,1131148644,0,32028945
1717880851495797,33558,112,4,1131304554,0,32184855
1717880851653797,33558,112,4,1131462554,0,32342855
1717880851809676,33558,112,4,1131618434,0,32498735
1717880851962661,33503,112,4,1131771420,0,32651721
1717880852113851,33503,112,4,1131922554,0,32802855
1717880852215943,33503,112,4,1132024673,0,32904974
1717880852376701,33448,112,4,1132185460,0,33065761
1717880852531698,33503,112,4,1132340457,0,33220758
1717880852684667,33448,112,4,1132493425,0,33373726
1717880852835851,33448,112,4,1132644561,0,33524862
1717880852936806,33448,112,4,1132745563,0,33625864
1717880853098058,33393,112,4,1132906815,0,33787116
1717880853200347,33448,112,4,1133009098,0,33889399
1717880853352130,33393,112,4,1133160866,0,34041167
1717880853503998,33393,168,4,1133312756,0,34193057
1717880853657685,33393,168,4,1133466443,0,34346744
1717880853809737,33338,168,4,1133618494,0,34498795
1717880853965858,33393,168,4,1133774616,0,34654917
1717880854121809,33338,168,4,1133930563,0,34810864
1717880854222858,33338,168,4,1134031615,0,34911916
1717880854383740,33338,168,4,1134192499,0,35072800
1717880854539661,33338,168,4,1134348420,0,35228721
1717880854691676,33338,168,4,1134500434,0,35380735
1717880854796943,33283,225,4,1134605670,0,35485971
1717880854953681,33338,168,4,1134762439,0,35642740
1717880855157844,33338,168,4,1134966601,0,35846902
1717880855263910,33283,168,4,1135072653,0,35952954
1717880855466794,33283,168,4,1135275552,0,36155853
1717880855625160,33283,168,4,1135433880,0,36314181
1717880855778083,33283,168,4,1135586835,0,36467136
1717880855930993,33229,168,4,1135739750,0,36620051
1717880856083671,33229,168,4,1135892426,0,36772727
1717880856235716,33283,168,4,1136044474,0,36924775
1717880856389732,33229,112,4,1136198491,0,37078792
1717880856495796,33229,112,4,1136304554,0,37184855
1717880856647780,33229,168,4,1136456515,0,37336816
1717880856799758,33229,112,4,1136608517,0,37488818
1717880856950724,33174,112,4,1136759482,0,37639783
1717880857103937,33229,112,4,1136912642,0,37792943
1717880857256676,33229,112,4,1137065434,0,37945735
1717880857407880,33229,112,4,1137216594,0,38096895
1717880857559771,33174,112,4,1137368528,0,38248829
1717880857711778,33174,112,4,1137520536,0,38400837
1717880857818840,33229,168,7,1137627594,1,38507895
1717880857971663,35093,112,7,1137780418,1,38660719
1717880858123664,39260,112,7,1137932419,1,38812720
1717880858275732,43811,168,7,1138084486,1,38964787
1717880858432680,48417,168,7,1138241434,1,39121735
1717880858584779,52530,168,7,1138393533,1,39273834
1717880858741874,56642,168,7,1138550585,1,39430886
1717880858895664,60261,168,7,1138704419,1,39584720
1717880859048708,63661,168,7,1138857462,1,39737763
1717880859149966,65964,168,7,1138958687,1,39838988
1717880859303670,69254,168,7,1139112419,1,39992720
1717880859405942,71667,168,7,1139214648,1,40094949
1717880859557857,75341,168,7,1139366574,1,40246875
1717880859710665,79069,112,7,1139519420,1,40399721
1717880859861679,83072,168,7,1139670434,1,40550735
1717880860021810,87294,168,7,1139830563,1,40710864
1717880860179136,92887,168,7,1139987872,1,40868173
1717880860332378,97164,168,7,1140141090,1,41021391
1717880860484672,101551,168,7,1140293427,1,41173728
1717880860636160,105773,168,7,1140444914,1,41325215
1717880860788328,109995,168,7,1140597077,1,41477378
1717880860941814,114546,168,7,1140750510,1,41630811
1717880861094674,118714,168,7,1140903429,1,41783730
1717880861196945,121675,168,7,1141005643,1,41885944
1717880861350663,126281,168,7,1141159418,1,42039719
1717880861502681,130832,168,7,1141311436,1,42191737
1717880861654814,135109,168,7,1141463569,1,42343870
1717880861805811,139715,168,7,1141614560,1,42494861
1717880861907728,142841,168,7,1141716483,1,42596784
1717880862063882,147392,168,7,1141872630,1,42752931
1717880862216952,152327,168,7,1142025661,1,42905962
1717880862369863,157371,168,7,1142178579,1,43058880
1717880862525679,162197,225,7,1142334434,1,43214735
1717880862679921,167077,225,7,1142488630,1,43368931
1717880862838803,171573,168,4,1142647560,0,43527861
1717880862944868,174260,225,4,1142753625,0,43633926
1717880863106743,177769,225,4,1142915501,0,43795802
1717880863262038,181059,225,4,1143070796,0,43951097
1717880863415075,182759,225,4,1143223830,0,44104131
1717880863568037,183801,225,4,1143376796,0,44257097
1717880863721148,184624,168,4,1143529884,0,44410185
1717880863873721,185227,168,4,1143682478,0,44562779
1717880863975934,185501,168,4,1143784663,0,44664964
1717880864132956,186049,168,4,1143941658,0,44821959
1717880864294877,186543,168,4,1144103590,0,44983891
1717880864451676,186872,168,4,1144260434,0,45140735
1717880864603779,187201,168,4,1144412496,0,45292797
1717880864755738,187530,168,4,1144564450,0,45444751
1717880864907931,187749,168,4,1144716641,0,45596942
1717880865059779,187968,168,4,1144868536,0,45748837
1717880865212787,188188,168,4,1145021545,0,45901846
1717880865368787,188407,225,4,1145177545,0,46057846
1717880865468866,188517,225,4,1145277623,0,46157924
1717880865619765,188736,225,4,1145428524,0,46308825
1717880865776665,188901,225,4,1145585421,0,46465722
1717880865927676,189120,225,4,1145736434,0,46616735
1717880866079807,189284,225,4,1145888566,0,46768867
1717880866286962,189504,225,4,1146095665,0,46975966
1717880866440789,189723,225,4,1146249548,0,47129849
1717880866551169,189888,225,4,1146359887,0,47240188
1717880866704010,189997,225,4,1146512767,0,47393068
1717880866857147,190217,168,4,1146665889,0,47546190
1717880867010681,190381,168,4,1146819439,0,47699740
1717880867164696,190546,168,4,1146973455,0,47853756
1717880867321802,190655,225,4,1147130559,0,48010860
1717880867474884,190820,168,4,1147283642,0,48163943
1717880867628659,190984,168,4,1147437418,0,48317719
1717880867779676,191149,168,4,1147588434,0,48468735
1717880867932701,191258,168,4,1147741459,0,48621760
1717880868088839,191368,168,4,1147897545,0,48777846
1717880868191867,191478,168,4,1148000618,0,48880919
1717880868349676,191642,168,4,1148158434,0,49038735
1717880868501676,191752,168,4,1148310434,0,49190735
1717880868653659,191916,168,4,1148462418,0,49342719
1717880868804828,192026,168,4,1148613585,0,49493886
1717880868961698,192191,168,4,1148770455,0,49650756
1717880869113829,192355,168,4,1148922587,0,49802888
1717880869269676,192465,168,4,1149078434,0,49958735
1717880869375835,192520,168,4,1149184593,0,50064894
1717880869581786,192739,225,4,1149390544,0,50270845
1717880869733793,192849,168,4,1149542550,0,50422851
1717880869890157,193013,168,4,1149698912,0,50579213
1717880870043051,193123,168,4,1149851808,0,50732109
1717880870145431,193232,168,4,1149954138,0,50834439
1717880870298009,193342,225,4,1150106767,0,50987068
1717880870399162,193397,225,4,1150207892,0,51088193
1717880870553739,193507,225,4,1150362496,0,51242797
1717880870713813,193616,225,4,1150522571,0,51402872
1717880870869720,193781,225,4,1150678477,0,51558778
1717880871024847,193890,225,4,1150833559,0,51713860
1717880871181802,194000,225,4,1150990559,0,51870860
1717880871283958,194055,225,4,1151092676,0,51972977
1717880871436667,194165,225,4,1151245424,0,52125725
1717880871592682,194274,225,4,1151401441,0,52281742
1717880871743787,194384,225,4,1151552544,0,52432845
1717880871844661,194439,225,4,1151653419,0,52533720
1717880871996930,194548,225,4,1151805646,0,52685947
1717880872153804,194658,225,4,1151962561,0,52842862
1717880872305876,194768,225,4,1152114634,0,52994935
1717880872462733,194932,225,4,1152271444,0,53151745
1717880872620318,195042,225,4,1152429051,0,53309352
1717880872773138,195097,225,4,1152581888,0,53462189
1717880872926064,195261,225,4,1152734820,0,53615121
1717880873079310,195316,225,4,1152888037,0,53768338
1717880873231073,195426,225,4,1153039829,0,53920130
1717880873383116,195535,225,4,1153191867,0,54072168
1717880873535133,195590,281,4,1153343867,0,54224168
1717880873687717,195700,281,4,1153496474,0,54376775
1717880873844799,195810,281,4,1153653557,0,54533858
1717880873997682,195919,281,4,1153806439,0,54686740
1717880874152676,196029,281,4,1153961434,0,54841735
1717880874253720,196084,281,4,1154062478,0,54942779
1717880874406942,196139,337,4,1154215663,0,55095964
1717880874564803,196248,337,4,1154373560,0,55253861
1717880874721666,196358,337,4,1154530419,0,55410720
1717880874873694,196413,337,4,1154682452,0,55562753
1717880874974723,196522,337,4,1154783480,0,55663781
1717880875131659,196577,281,4,1154940418,0,55820719
1717880875284730,196632,281,4,1155093488,0,55973789
1717880875437664,196742,281,4,1155246422,0,56126723
1717880875539824,196797,337,4,1155348544,0,56228845
1717880875695664,196851,281,4,1155504422,0,56384723
1717880875847659,196961,281,4,1155656418,0,56536719
1717880876001659,197016,281,4,1155810418,0,56690719
1717880876101943,197071,281,4,1155910646,0,56790947
1717880876253796,197180,281,4,1156062553,0,56942854
1717880876410676,197235,281,4,1156219434,0,57099735
1717880876512740,197290,281,40,1156321492,64,57201793
1717880876665833,197345,281,40,1156474585,64,57354886
1717880876819172,197455,281,40,1156627923,64,57508224
1717880876972182,197509,281,40,1156780895,64,57661196
1717880877125165,197674,281,40,1156933892,64,57814193
1717880877278153,197729,337,40,1157086898,64,57967199
1717880877380823,197784,337,40,1157189569,64,58069870
1717880877534816,197838,337,40,1157343569,64,58223870
1717880877695811,197948,337,40,1157504563,64,58384864
1717880877854001,198003,337,40,1157662710,64,58543011
1717880877955769,198058,337,40,1157764503,64,58644804
1717880878107681,198113,281,40,1157916434,64,58796735
1717880878261681,198167,281,40,1158070434,64,58950735
1717880878414674,198277,281,40,1158223420,64,59103721
1717880878516772,198332,281,40,1158325488,64,59205789
1717880878672985,198387,281,40,1158481677,64,59361978
1717880878825666,198442,281,40,1158634420,64,59514721
1717880878979690,198496,281,40,1158788419,64,59668720
1717880879132805,198551,281,40,1158941557,64,59821858
1717880879284814,198606,225,40,1159093567,64,59973868
1717880879437872,198661,225,40,1159246580,64,60126881
1717880879540819,198771,225,40,1159349572,64,60229873
1717880879693777,198825,225,40,1159502529,64,60382830
1717880879848810,198880,225,40,1159657562,64,60537863
1717880879955284,198935,225,40,1159764031,64,60644332
1717880880108214,199045,225,40,1159916950,64,60797251
1717880880261093,199100,225,40,1160069836,64,60950137
1717880880414165,199154,225,40,1160222893,64,61103194
1717880880567678,199209,225,40,1160376432,64,61256733
1717880880722705,199264,225,40,1160531458,64,61411759
1717880880824976,199264,225,40,1160633680,64,61513981
1717880880928770,199374,225,40,1160737493,64,61617794
1717880881081665,199374,225,40,1160890419,64,61770720
1717880881235666,199483,225,40,1161044419,64,61924720
1717880881388681,199538,281,40,1161197434,64,62077735
1717880881542665,199593,281,40,1161351419,64,62231720
1717880881696670,199648,281,40,1161505420,64,62385721
1717880881851681,199703,281,40,1161660434,64,62540735
1717880881953887,199703,281,40,1161762602,64,62642903
1717880882106770,199812,281,40,1161915494,64,62795795
1717880882259749,199867,281,40,1162068501,64,62948802
1717880882411681,199867,281,40,1162220434,64,63100735
1717880882564670,199977,281,40,1162373423,64,63253724
1717880882666816,199977,281,40,1162475570,64,63355871
1717880882824675,200032,281,40,1162633420,64,63513721
1717880882927009,200087,281,40,1162735706,64,63616007
1717880883082761,200141,281,40,1162891514,64,63771815
1717880883236665,200196,281,40,1163045419,64,63925720
1717880883337825,200251,225,40,1163146576,64,64026877
1717880883490772,200306,225,40,1163299525,64,64179826
1717880883648038,200361,281,40,1163456782,64,64337083
1717880883750232,200361,225,40,1163558983,64,64439284
1717880883903181,200416,225,40,1163711890,64,64592191
1717880884056186,200525,281,40,1163864894,64,64745195
1717880884208817,200580,281,40,1164017511,64,64897812
1717880884363678,200580,281,40,1164172432,64,65052733
1717880884520750,200635,281,40,1164329504,64,65209805
1717880884674669,200690,281,40,1164483420,64,65363721
1717880884776934,200745,281,40,1164585671,64,65465972
1717880884929665,200799,281,40,1164738419,64,65618720
1717880885081671,200799,281,40,1164890420,64,65770721
1717880885234738,200854,281,40,1165043490,64,65923791
1717880885341681,200909,281,40,1165150434,64,66030735
1717880885499814,200964,281,40,1165308566,64,66188867
1717880885657681,201019,281,40,1165466434,64,66346735
1717880885810805,201074,281,40,1165619557,64,66499858
1717880885964670,201128,281,40,1165773420,64,66653721
1717880886066938,201128,281,40,1165875663,64,66755964
1717880886220665,201183,281,40,1166029419,64,66909720
1717880886372781,201183,281,40,1166181533,64,67061834
1717880886575821,201293,281,40,1166384573,64,67264874
1717880886734160,201348,281,40,1166542912,64,67423213
1717880886836356,201348,281,40,1166645106,64,67525407
1717880886989012,201403,281,40,1166797765,64,67678066
1717880887142187,201457,281,40,1166950899,64,67831200
1717880887294740,201512,281,40,1167103490,64,67983791
1717880887446016,201512,281,40,1167254769,64,68135070
1717880887599687,201567,281,40,1167408441,64,68288742
1717880887702837,201622,281,40,1167511576,64,68391877
1717880887856980,201677,281,40,1167665685,64,68545986
1717880888009665,201732,281,40,1167818418,64,68698719
1717880888163813,201732,281,40,1167972562,64,68852863
1717880888316665,201786,281,40,1168125419,64,69005720
1717880888469808,201841,281,40,1168278561,64,69158862
1717880888623819,201841,281,40,1168432571,64,69312872
1717880888725813,201896,281,40,1168534566,64,69414867
1717880888879748,201951,225,40,1168688501,64,69568802
1717880889036685,201951,225,40,1168845439,64,69725740
1717880889189813,202006,225,40,1168998565,64,69878866
1717880889342681,202006,225,40,1169151434,64,70031735
1717880889495866,202061,225,40,1169304562,64,70184863
1717880889649812,202115,225,40,1169458565,64,70338866
1717880889759776,202115,225,40,1169568529,64,70448830
1717880889913678,202170,225,40,1169722432,64,70602733
1717880890066813,202225,281,40,1169875566,64,70755867
1717880890168755,202225,281,40,1169977474,64,70857775
1717880890372670,202280,281,40,1170181420,64,71061721
1717880890523807,202335,281,40,1170332560,64,71212861
1717880890675814,202390,281,40,1170484566,64,71364867
1717880890833400,202444,281,40,1170642109,64,71522410
1717880890986070,202444,281,40,1170794821,64,71675122
1717880891139822,202499,281,40,1170948575,64,71828876
1717880891300665,202499,281,40,1171109418,64,71989719
1717880891457748,202554,225,40,1171266501,64,72146802
1717880891614819,202609,225,40,1171423569,64,72303870
1717880891717988,202609,225,40,1171526685,64,72406986
1717880891870985,202664,225,40,1171679694,64,72559995
1717880892024820,202664,225,40,1171833570,64,72713871
1717880892177898,202719,281,40,1171986608,64,72866909
1717880892280975,202719,225,40,1172089698,64,72969999
1717880892432715,202773,225,40,1172241467,64,73121768
1717880892589682,202773,225,40,1172398434,64,73278735
1717880892742842,202828,225,40,1172551594,64,73431895
1717880892894681,202883,281,40,1172703434,64,73583735
1717880893046828,202883,281,40,1172855581,64,73735882
1717880893204709,202938,225,40,1173013463,64,73893764
1717880893357821,202993,225,40,1173166573,64,74046874
1717880893459707,202993,281,40,1173268461,64,74148762
1717880893613335,203048,225,40,1173422035,64,74302336
1717880893766167,203048,225,40,1173574919,64,74455220
1717880893868194,203102,281,40,1173676915,64,74557216
1717880894072251,203157,281,40,1173880944,64,74761245
1717880894174394,203157,281,40,1173983105,64,74863406
1717880894327687,203157,225,40,1174136441,64,75016742
1717880894484960,203212,281,40,1174293666,64,75173967
1717880894639809,203212,281,40,1174448562,64,75328863
1717880894741854,203267,225,40,1174550547,64,75430848
1717880894894667,203267,225,40,1174703419,64,75583720
1717880895047821,203322,225,40,1174856571,64,75736872
1717880895199681,203377,225,40,1175008434,64,75888735
1717880895352681,203377,225,40,1175161434,64,76041735
1717880895506705,203377,225,40,1175315458,64,76195759
1717880895660709,203431,225,40,1175469461,64,76349762
1717880895812681,203431,225,40,1175621434,64,76501735
1717880895968814,203486,225,40,1175777567,64,76657868
1717880896070775,203486,225,40,1175879513,64,76759814
1717880896228666,203541,225,40,1176037419,64,76917720
1717880896380809,203541,225,40,1176189562,64,77069863
1717880896533669,203596,225,40,1176342420,64,77222721
1717880896687821,203651,225,40,1176496574,64,77376875
1717880896793934,203651,225,40,1176602648,64,77482949
1717880896947735,203651,225,40,1176756487,64,77636788
1717880897150681,203651,225,40,1176959434,64,77839735
1717880897303860,203706,225,40,1177112566,64,77992867
1717880897407348,203760,225,40,1177216098,64,78096399
1717880897560093,203760,225,40,1177368838,64,78249139
1717880897713065,203760,225,40,1177521817,64,78402118
1717880897866029,203815,168,40,1177674780,64,78555081
1717880898020686,203870,168,40,1177829440,64,78709741
1717880898122996,203870,168,40,1177931691,64,78811992
1717880898280665,203925,168,40,1178089418,64,78969719
1717880898438693,203870,225,40,1178247446,64,79127747
1717880898588822,203925,225,40,1178397575,64,79277876
1717880898741741,203925,225,40,1178550493,64,79430794
1717880898842892,203980,225,40,1178651611,64,79531912
1717880899046720,203980,225,40,1178855472,64,79735773
1717880899147816,203980,225,40,1178956527,64,79836828
1717880899300666,204035,225,40,1179109419,64,79989720
1717880899457812,204089,281,40,1179266565,64,80146866
1717880899615819,204089,281,40,1179424572,64,80304873
1717880899717985,204089,281,40,1179526698,64,80406999
1717880899871812,204089,281,40,1179680565,64,80560866
1717880900025813,204144,281,40,1179834565,64,80714866
1717880900178667,204144,281,40,1179987421,64,80867722
1717880900335681,204199,281,40,1180144434,64,81024735
1717880900489827,204199,281,40,1180298571,64,81178872
1717880900647086,204254,281,40,1180455829,64,81336130
1717880900800097,204254,281,40,1180608835,64,81489136
1717880900902989,204254,281,40,1180711690,64,81591991
1717880901060703,204309,281,40,1180869457,64,81749758
1717880901216665,204309,281,40,1181025419,64,81905720
1717880901368863,204364,281,40,1181177569,64,82057870
1717880901471745,204309,281,40,1181280497,64,82160798
1717880901628681,204364,281,40,1181437434,64,82317735
1717880901780861,204418,281,40,1181589567,64,82469868
1717880901938812,204418,225,40,1181747564,64,82627865
1717880902092804,204418,225,40,1181901556,64,82781857
1717880902194975,204473,225,40,1182003687,64,82883988
1717880902346914,204473,225,40,1182155635,64,83035936
1717880902499681,204528,225,40,1182308434,64,83188735
1717880902653711,204473,225,40,1182462463,68,83342764
1717880902805676,204144,225,40,1182614422,68,83494723
1717880902959811,203486,225,40,1182768563,68,83648864
1717880903065914,202993,225,40,1182874666,68,83754967
1717880903220665,202335,225,40,1183029419,68,83909720
1717880903372673,201677,225,40,1183181420,68,84061721
1717880903474846,201183,225,40,1183283598,68,84163899
1717880903677811,200251,225,40,1183486564,68,84366865
1717880903835040,199374,225,40,1183643780,68,84524081
1717880903988675,198716,225,40,1183797429,68,84677730
1717880904090821,198277,225,40,1183899573,68,84779874
1717880904244817,197619,225,40,1184053569,68,84933870
1717880904402681,196961,281,40,1184211434,68,85091735
1717880904556720,196358,281,40,1184365474,68,85245775
1717880904662741,195864,281,40,1184471494,68,85351795
1717880904820954,195261,281,40,1184629656,68,85509957
1717880904977747,194603,281,40,1184786500,68,85666801
1717880905131733,194000,281,40,1184940446,68,85820747
1717880905234963,193507,281,40,1185043670,68,85923971
1717880905439821,192684,281,40,1185248573,68,86128874
1717880905591809,192026,281,40,1185400562,68,86280863
1717880905692824,191642,281,40,1185501577,68,86381878
1717880905846815,191039,281,40,1185655568,68,86535869
1717880905999674,190381,281,40,1185808428,68,86688729
1717880906152673,189778,225,40,1185961427,68,86841728
1717880906306823,189120,281,40,1186115571,68,86995872
1717880906408892,188736,281,40,1186217582,68,87097883
1717880906563443,187914,281,40,1186372137,68,87252438
1717880906716012,187256,281,40,1186524765,68,87405066
1717880906869156,186707,281,40,1186677907,68,87558208
1717880907022030,186104,281,40,1186830774,68,87711075
1717880907179820,185501,281,40,1186988571,68,87868872
1717880907281959,185062,281,40,1187090666,68,87970967
1717880907433875,184459,281,40,1187242628,68,88122929
1717880907536969,184130,281,40,1187345676,68,88225977
1717880907689945,183472,281,40,1187498672,68,88378973
1717880907844819,182869,281,40,1187653567,68,88533868
1717880908001813,182266,281,40,1187810566,68,88690867
1717880908103736,181937,281,40,1187912489,68,88792790
1717880908257812,181334,281,40,1188066565,68,88946866
1717880908359985,180950,281,40,1188168694,68,89048995
1717880908513813,180347,281,40,1188322566,68,89202867
1717880908669826,179853,281,40,1188478578,68,89358879
1717880908827949,179250,281,40,1188636668,68,89516969
1717880908984681,178647,281,40,1188793434,68,89673735
1717880909136761,178098,281,40,1188945514,68,89825815
1717880909289852,177495,281,40,1189098558,68,89978859
1717880909449137,176782,281,40,1189257863,68,90138164
1717880909602135,176234,281,40,1189410865,68,90291166
1717880909809907,175521,225,40,1189618615,68,90498916
1717880909967789,174973,225,40,1189776479,68,90656780
1717880910120823,174370,225,40,1189929571,68,90809872
1717880910272817,173821,225,40,1190081570,68,90961871
1717880910430681,173273,281,40,1190239434,68,91119735
1717880910531822,172889,281,40,1190340575,68,91220876
1717880910683815,172396,281,40,1190492567,68,91372868
1717880910836681,171847,281,40,1190645434,68,91525735
1717880910991821,171299,225,40,1190800573,68,91680874
1717880911093971,170970,281,40,1190902674,68,91782975
1717880911300681,170202,281,40,1191109434,68,91989735
1717880911406807,169928,281,40,1191215559,68,92095860
1717880911560812,169380,281,40,1191369565,68,92249866
1717880911717682,168832,281,40,1191526434,68,92406735
1717880911874180,168119,281,40,1191682895,68,92563196
1717880911976434,167845,281,40,1191785146,68,92665447
1717880912129188,167296,281,40,1191937900,68,92818201
1717880912282009,166748,281,40,1192090761,68,92971062
1717880912434827,166254,225,40,1192243526,68,93123827
1717880912541775,165925,225,40,1192350495,68,93230796
1717880912697681,165432,225,40,1192506434,64,93386735
1717880912850681,164938,225,40,1192659434,64,93539735
1717880913007701,164664,225,40,1192816454,64,93696755
1717880913108739,164609,281,40,1192917492,64,93797793
1717880913260747,164664,281,40,1193069500,64,93949801
1717880913412812,164664,281,40,1193221564,64,94101865
1717880913514741,164774,281,40,1193323494,64,94203795
1717880913667933,164829,281,40,1193476643,64,94356944
1717880913820716,164884,281,40,1193629470,64,94509771
1717880913972813,164938,281,40,1193781562,64,94661863
1717880914075962,164993,281,40,1193884671,64,94764972
1717880914229682,164993,281,40,1194038434,64,94918735
1717880914381922,165048,281,40,1194190641,64,95070942
1717880914533703,165103,281,40,1194342457,64,95222758
1717880914736712,165158,281,40,1194545464,64,95425765
1717880914837736,165213,281,40,1194646489,64,95526790
1717880914991665,165267,281,40,1194800418,64,95680719
1717880915145669,165322,281,40,1194954420,64,95834721
1717880915247886,165377,281,40,1195056634,64,95936935
1717880915404950,165377,281,40,1195213680,64,96093981
1717880915557681,165432,337,40,1195366434,64,96246735
1717880915709665,165487,337,40,1195518419,64,96398720
1717880915865821,165542,337,40,1195674572,64,96554873
1717880915967938,165596,337,40,1195776643,64,96656944
1717880916122038,165651,337,40,1195930789,64,96811090
1717880916275172,165761,337,40,1196083893,64,96964194
1717880916428067,165761,337,40,1196236819,64,97117120
1717880916581104,165816,337,40,1196389847,64,97270148
1717880916733774,165871,281,40,1196542495,64,97422796
1717880916835182,165871,281,40,1196643911,64,97524212
1717880916996681,165925,281,40,1196805434,64,97685735
1717880917152809,165980,281,40,1196961562,64,97841863
1717880917305674,166035,281,40,1197114420,64,97994721
1717880917408739,166035,281,40,1197217492,64,98097793
1717880917562956,166090,281,40,1197371674,64,98251975
1717880917716815,166145,281,40,1197525568,64,98405869
1717880917919813,166200,281,40,1197728565,64,98608866
1717880918072814,166254,281,40,1197881566,64,98761867
1717880918173976,166254,281,40,1197982676,64,98862977
1717880918382814,166309,337,40,1198191567,64,99071868
1717880918535681,166364,337,40,1198344434,64,99224735
1717880918688746,166419,337,40,1198497500,0,99377801
1717880918842693,166474,281,40,1198651443,0,99531744
1717880918944816,166474,281,40,1198753568,0,99633869
1717880919097972,166583,281,40,1198906679,0,99786980
1717880919251670,166583,281,40,1199060424,0,99940725
1717880919408735,166638,281,40,1199217489,0,100097790
1717880919565014,166693,281,40,1199373765,0,100254066
1717880919718040,166693,281,40,1199526782,0,100407083
1717880919871700,166748,281,40,1199680446,0,100560747
1717880920029821,166803,281,40,1199838574,0,100718875
1717880920131978,166803,281,40,1199940697,0,100820998
1717880920284797,166858,281,40,1200093533,0,100973834
1717880920440952,166912,281,40,1200249656,0,101129957
1717880920543742,166967,281,40,1200352495,0,101232796
1717880920695698,166967,281,40,1200504451,0,101384752
1717880920848786,166967,281,40,1200657538,0,101537839
1717880921002847,167022,281,40,1200811566,0,101691867
1717880921155672,167132,281,40,1200964425,0,101844726
1717880921258723,167077,281,40,1201067477,0,101947778
1717880921415703,167132,281,40,1201224457,0,102104758
1717880921619722,167132,281,40,1201428474,0,102308775
1717880921772681,167241,281,40,1201581435,0,102461736
1717880921926763,167241,281,40,1201735516,0,102615817
1717880922078738,167296,281,40,1201887490,0,102767791
1717880922232681,167296,281,40,1202041435,0,102921736
1717880922386672,167351,281,40,1202195420,0,103075721
1717880922488756,167351,281,40,1202297509,0,103177810
1717880922640004,167406,281,40,1202448695,0,103328996
1717880922791965,167461,281,40,1202600670,0,103480971
1717880922996673,167461,281,40,1202805421,64,103685722
1717880923148816,167516,281,40,1202957569,64,103837870
1717880923249816,167570,281,40,1203058570,64,103938871
1717880923402991,167570,281,40,1203211707,64,104092008
1717880923561174,167625,281,40,1203369892,64,104250193
1717880923714054,167625,281,40,1203522807,64,104403108
1717880923815793,167680,281,40,1203624522,64,104504823
1717880923972904,167680,281,40,1203781657,64,104661958
1717880924126811,167735,281,40,1203935563,64,104815864
1717880924229942,167735,281,40,1204038650,64,104918951
1717880924382931,167790,281,40,1204191642,64,105071943
1717880924536741,167845,281,40,1204345494,64,105225795
1717880924689815,167845,281,40,1204498568,64,105378869
1717880924841735,167899,281,40,1204650488,64,105530789
1717880924994709,167899,281,40,1204803425,64,105683726
1717880925146902,167954,281,40,1204955632,64,105835933
1717880925299746,167954,281,40,1205108500,64,105988801
1717880925452748,168009,281,40,1205261501,64,106141802
1717880925603820,168009,281,40,1205412569,64,106292870
1717880925705735,168009,281,40,1205514488,64,106394789
1717880925857702,168064,281,40,1205666455,64,106546756
1717880926013681,168064,281,40,1205822434,64,106702735
1717880926170683,168119,281,40,1205979436,64,106859737
1717880926322811,168174,281,40,1206131564,64,107011865
1717880926424747,168174,281,40,1206233500,64,107113801
1717880926578704,168228,281,40,1206387458,64,107267759
1717880926732681,168228,281,40,1206541434,64,107421735
1717880926885947,168283,281,40,1206694680,64,107574981
1717880927044809,168228,281,40,1206853562,64,107733863
1717880927196665,168338,281,40,1207005419,64,107885720
1717880927350713,168338,225,40,1207159466,64,108039767
1717880927453161,168393,225,40,1207261876,64,108142177
1717880927606026,168393,225,40,1207414780,64,108295081
1717880927708431,168393,225,40,1207517120,64,108397421
1717880927912009,168393,225,40,1207720761,64,108601062
1717880928064670,168448,225,40,1207873424,64,108753725
1717880928221824,168448,281,40,1208030573,64,108910874
1717880928373750,168503,225,40,1208182497,64,109062798
1717880928475673,168557,225,40,1208284426,64,109164727
1717880928628665,168557,225,40,1208437418,64,109317719
1717880928785681,168557,225,40,1208594434,64,109474735
1717880928937750,168612,225,40,1208746502,64,109626803
1717880929095696,168612,281,40,1208904450,64,109784751
1717880929248681,168667,281,40,1209057434,64,109937735
1717880929401816,168667,281,40,1209210569,64,110090870
1717880929503947,168612,281,40,1209312658,64,110192959
1717880929657703,168667,225,40,1209466457,64,110346758
1717880929810852,168722,225,40,1209619604,64,110499905
1717880929968710,168722,225,40,1209777464,64,110657765
1717880930121665,168777,225,40,1209930419,64,110810720
1717880930274681,168777,225,40,1210083434,64,110963735
1717880930376768,168777,225,40,1210185489,64,111065790
1717880930529845,168777,281,40,1210338538,64,111218839
1717880930683004,168832,225,40,1210491710,64,111372011
1717880930835816,168886,225,40,1210644568,64,111524869
1717880930987748,168886,225,40,1210796501,64,111676802
1717880931145039,168886,281,40,1210953786,64,111834087
1717880931298153,168941,225,40,1211106903,64,111987204
1717880931400063,168996,225,40,1211208816,64,112089117
1717880931553388,168996,225,40,1211362094,64,112242395
1717880931706273,168941,225,40,1211515019,64,112395320
1717880931860687,169051,225,40,1211669441,64,112549742
1717880932013820,169051,225,40,1211822571,64,112702872
1717880932166814,169051,225,40,1211975566,64,112855867
1717880932323870,169051,281,40,1212132565,64,113012866
1717880932426718,169106,281,40,1212235470,64,113115771
1717880932578667,169106,281,40,1212387420,64,113267721
1717880932731681,169106,281,40,1212540434,64,113420735
1717880932883726,169106,281,40,1212692479,64,113572780
1717880933036814,169161,281,40,1212845566,64,113725867
1717880933189673,169215,225,40,1212998422,64,113878723
1717880933346937,169215,281,40,1213155647,64,114035948
1717880933449988,169215,281,40,1213258697,64,114138998
1717880933601749,169215,281,40,1213410502,64,114290803
1717880933805665,169270,281,40,1213614419,64,114494720
1717880933958681,169270,225,40,1213767434,64,114647735
1717880934111740,169270,225,40,1213920492,64,114800793
1717880934213818,169325,225,40,1214022570,64,114902871
1717880934365916,169325,225,40,1214174668,64,115054969
1717880934518679,169325,225,40,1214327432,64,115207733
1717880934671779,169380,225,40,1214480531,64,115360832
1717880934824821,169380,225,40,1214633573,64,115513874
1717880934926811,169380,225,40,1214735564,64,115615865
1717880935083907,169435,225,40,1214892613,64,115772914
1717880935186975,169435,225,40,1214995709,64,115876010
1717880935345064,169380,225,40,1215153818,64,116034119
1717880935498084,169435,225,40,1215306829,64,116187130
1717880935651016,169435,225,40,1215459768,64,116340069
1717880935804167,169490,225,40,1215612919,64,116493220
1717880935907824,169490,225,40,1215716576,64,116596877
1717880936068682,169544,225,40,1215877436,64,116757737
1717880936222686,169490,225,40,1216031439,64,116911740
1717880936380733,169544,225,40,1216189458,64,117069759
1717880936533678,169544,225,40,1216342432,64,117222733
1717880936685681,169544,225,40,1216494434,64,117374735
1717880936841817,169599,225,40,1216650568,64,117530869
1717880936998671,169599,168,40,1216807420,64,117687721
1717880937151813,169654,225,40,1216960566,64,117840867
1717880937257672,169599,225,40,1217066425,64,117946726
1717880937409741,169654,225,40,1217218494,64,118098795
1717880937560734,169654,225,40,1217369487,64,118249788
1717880937712681,169599,225,40,1217521434,64,118401735
1717880937866809,169709,225,40,1217675562,64,118555863
1717880938018677,169654,225,40,1217827431,64,118707732
1717880938171666,169709,225,40,1217980419,64,118860720
1717880938324665,169709,225,40,1218133419,64,119013720
1717880938478822,169709,225,40,1218287575,64,119167876
1717880938585014,169764,225,40,1218393766,64,119274067
1717880938738685,169764,225,40,1218547438,64,119427739
1717880938892740,169819,225,40,1218701492,64,119581793
1717880938994816,169764,225,40,1218803568,64,119683869
1717880939147748,169819,225,40,1218956501,64,119836802
1717880939300816,169819,225,40,1219109568,64,119989869
1717880939401923,169819,225,40,1219210664,64,120090965
1717880939555756,169819,225,40,1219364494,64,120244795
1717880939711710,169819,225,40,1219520462,64,120400763
1717880939864813,169873,225,40,1219673566,64,120553867
1717880940017831,169873,225,40,1219826535,64,120706836
1717880940172822,169873,281,40,1219981575,64,120861876
1717880940324668,169928,281,40,1220133420,64,121013721
1717880940476816,169928,281,40,1220285568,64,121165869
1717880940629719,169983,281,40,1220438465,64,121318766
1717880940735977,169928,281,40,1220544679,64,121424980
1717880940890804,169983,281,40,1220699556,64,121579857
1717880941043665,169983,281,40,1220852418,64,121732719
1717880941195815,169983,281,40,1221004567,64,121884868
1717880941348821,169983,281,40,1221157573,64,122037874
1717880941454812,169983,281,40,1221263565,64,122143866
1717880941611739,170038,281,40,1221420492,64,122300793
1717880941764682,170038,281,40,1221573436,64,122453737
1717880941917820,169983,281,40,1221726572,64,122606873
1717880942070706,170038,281,40,1221879459,64,122759760
1717880942224013,170038,281,40,1222032766,64,122913067
1717880942377017,170093,281,40,1222185770,64,123066071
1717880942530026,170093,281,40,1222338778,64,123219079
1717880942683161,170093,281,40,1222491898,64,123372199
1717880942838762,170093,281,40,1222647514,64,123527815
1717880942940995,170093,281,40,1222749696,64,123629997
1717880943095822,170093,281,40,1222904517,64,123784818
1717880943249912,170148,281,40,1223058623,64,123938924
1717880943352813,170148,281,40,1223161566,64,124041867
1717880943505710,170148,281,40,1223314464,64,124194765
1717880943657973,170148,281,40,1223466695,64,124346996
1717880943760977,170148,281,40,1223569682,64,124449983
1717880943913824,170202,281,40,1223722568,64,124602869
1717880944068665,170202,281,40,1223877419,64,124757720
1717880944221671,170202,281,40,1224030420,64,124910721
1717880944375810,170202,225,40,1224184562,64,125064863
1717880944528721,170202,281,40,1224337474,64,125217775
1717880944630734,170257,225,40,1224439486,0,125319787
1717880944782677,170202,281,40,1224591431,0,125471732
1717880944939780,170202,225,40,1224748532,0,125628833
1717880945093766,170257,225,40,1224902520,0,125782821
1717880945244814,170312,225,40,1225053567,0,125933868
1717880945402710,170257,225,40,1225211462,0,126091763
1717880945554823,170312,281,40,1225363571,0,126243872
1717880945708706,170312,281,40,1225517453,0,126397754
1717880945860875,170312,281,40,1225669578,0,126549879
1717880946013682,170312,281,40,1225822436,0,126702737
1717880946115002,170312,281,40,1225923707,0,126804008
1717880946270024,170367,281,40,1226078778,0,126959079
1717880946423115,170367,281,40,1226231854,0,127112155
1717880946525434,170312,281,40,1226334160,0,127214461
1717880946678033,170367,281,40,1226486774,0,127367075
1717880946831691,170367,281,40,1226640444,0,127520745
1717880946933978,170367,225,40,1226742675,0,127622976
1717880947092735,170367,281,40,1226901487,0,127781788
1717880947250819,170422,281,40,1227059571,0,127939872
1717880947404681,170367,281,40,1227213435,0,128093736
1717880947557706,170422,281,40,1227366459,0,128246760
1717880947709748,170422,281,40,1227518502,0,128398803
1717880947870704,170422,281,40,1227679455,0,128559756
1717880948024818,170422,281,40,1227833567,0,128713868
1717880948126958,170477,281,40,1227935696,0,128815997
1717880948279818,170422,281,40,1228088569,0,128968870
1717880948432914,170422,281,40,1228241633,0,129121934
1717880948535825,170477,281,40,1228344577,0,129224878
1717880948688990,170477,281,40,1228497684,0,129377985
1717880948842815,170477,281,40,1228651567,0,129531868
1717880948995810,170477,281,40,1228804562,0,129684863
1717880949102284,170531,281,40,1228910998,0,129791299
1717880949255031,170477,281,40,1229063784,0,129944085
1717880949408156,170531,337,40,1229216901,0,130097202
1717880949561007,170531,337,40,1229369759,0,130250060
1717880949663283,170531,337,40,1229472034,0,130352335
1717880949820818,170531,337,40,1229629570,0,130509871
1717880949980806,170531,337,40,1229789558,0,130669859
1717880950132673,170531,337,40,1229941420,0,130821721
1717880950234741,170531,337,40,1230043492,0,130923793
1717880950445811,170531,337,40,1230254565,0,131134866
1717880950547812,170531,337,40,1230356564,0,131236865
1717880950708681,170531,337,40,1230517435,0,131397736
1717880950861974,170586,337,40,1230670674,0,131550975
1717880951015857,170586,337,40,1230824593,0,131704894
1717880951169669,170586,337,40,1230978419,0,131858720
1717880951320670,170586,337,40,1231129420,0,132009721
1717880951471723,170641,337,40,1231280476,0,132160777
1717880951573846,170641,337,40,1231382599,0,132262900
1717880951730702,170641,337,40,1231539455,0,132419756
1717880951887010,170641,337,40,1231695762,0,132576063
1717880952040141,170641,337,40,1231848886,0,132729187
1717880952194791,170641,337,40,1232003538,0,132883839
1717880952297927,170641,337,40,1232106680,0,132986981
1717880952453816,170696,337,40,1232262568,0,133142869
1717880952657826,170641,281,40,1232466575,0,133346876
1717880952814819,170641,281,40,1232623572,0,133503873
1717880952920831,170696,337,40,1232729583,0,133609884
1717880953077860,170641,337,40,1232886613,0,133766914
1717880953229823,170696,337,40,1233038575,0,133918876
1717880953330737,170696,281,40,1233139490,0,134019791
1717880953534820,170696,281,40,1233343573,0,134223874
1717880953636703,170696,281,40,1233445457,0,134325758
1717880953791823,170751,281,40,1233600568,0,134480869
1717880953944859,170696,281,40,1233753557,0,134633858
1717880954097680,170696,281,40,1233906433,0,134786734
1717880954249681,170696,281,40,1234058435,0,134938736
1717880954404814,170751,281,40,1234213566,0,135093867
1717880954511743,170751,281,40,1234320495,0,135200796
1717880954664813,170751,281,40,1234473566,0,135353867
1717880954819164,170751,281,40,1234627898,0,135508199
1717880954972030,170751,281,40,1234780782,0,135661083
1717880955125010,170751,281,40,1234933762,0,135814063
1717880955278159,170751,281,40,1235086906,0,135967207
1717880955430803,170751,281,40,1235239556,0,136119857
1717880955587752,170751,281,40,1235396502,0,136276803
1717880955741666,170806,281,40,1235550418,0,136430719
1717880955894740,170806,281,40,1235703493,0,136583794
1717880956047772,170806,337,40,1235856526,0,136736827
1717880956200721,170806,281,40,1236009474,0,136889775
1717880956353975,170806,281,40,1236162672,0,137042973
1717880956511737,170806,281,40,1236320491,0,137200792
1717880956665665,170751,281,40,1236474419,0,137354720
1717880956817681,170860,281,40,1236626435,0,137506736
1717880956978676,170806,281,40,1236787420,0,137667721
1717880957132851,170806,281,40,1236941560,0,137821861
1717880957235749,170860,281,40,1237044491,0,137924792
1717880957437709,170806,281,40,1237246461,0,138126762
1717880957538740,170860,281,40,1237347492,0,138227793
1717880957689814,170860,281,40,1237498566,0,138378867
1717880957795740,170860,281,40,1237604492,0,138484793
1717880957954029,170860,281,40,1237762782,0,138643083
1717880958107196,170860,281,40,1237915904,0,138796205
1717880958209328,170860,281,40,1238018018,0,138898319
1717880958362157,170860,281,40,1238170905,0,139051206
1717880958515024,170860,281,40,1238323776,0,139204077
1717880958673822,170915,281,40,1238482573,0,139362874
1717880958776826,170860,281,40,1238585578,0,139465879
1717880958933746,170860,281,40,1238742499,0,139622800
1717880959090925,170915,281,40,1238899616,0,139779917
1717880959245832,170915,281,40,1239054584,0,139934885
1717880959348972,170915,281,40,1239157680,0,140037981
1717880959501718,170915,281,40,1239310472,0,140190773
1717880959654001,170915,225,40,1239462693,0,140342994
1717880959808977,170915,225,40,1239617679,0,140497980
1717880959961869,170915,225,40,1239770621,0,140650922
1717880960114812,170915,225,40,1239923565,0,140803866
1717880960216783,170915,225,40,1240025514,0,140905815
1717880960369741,170915,225,40,1240178494,0,141058795
1717880960527997,170970,281,40,1240336689,0,141216990
1717880960686014,170915,281,40,1240494767,0,141375068
1717880960839030,170970,281,40,1240647783,0,141528084
1717880960941320,170970,281,40,1240750020,0,141630321
1717880961094204,170970,281,40,1240902902,0,141783203
1717880961249795,170915,281,40,1241058547,0,141938848
1717880961352998,170970,281,40,1241161706,0,142042007
1717880961509736,170970,225,40,1241318489,0,142198790
1717880961664815,170970,225,40,1241473567,0,142353868
1717880961818696,170970,225,40,1241627450,0,142507751
1717880961971813,170970,225,40,1241780566,0,142660867
1717880962073957,171025,225,40,1241882689,0,142762990
1717880962226821,170970,225,40,1242035538,0,142915839
1717880962385815,170970,225,40,1242194567,0,143074868
1717880962538672,170970,225,40,1242347420,0,143227721
1717880962640740,170970,225,40,1242449492,0,143329793
1717880962842701,170970,225,40,1242651455,0,143531756
1717880962997681,171025,281,40,1242806435,0,143686736
1717880963150687,170970,281,40,1242959441,0,143839742
1717880963303854,171025,281,40,1243112557,0,143992858
1717880963457822,171025,281,40,1243266574,0,144146875
1717880963559822,171080,281,40,1243368575,0,144248876
1717880963711748,171025,281,40,1243520502,0,144400803
1717880963919682,170970,281,40,1243728435,0,144608736
1717880964074048,170970,281,40,1243882799,0,144763100
1717880964227354,171025,281,40,1244036044,0,144916345
1717880964380020,171080,281,40,1244188772,0,145069073
1717880964533013,171025,281,40,1244341765,0,145222066
1717880964685683,171025,281,40,1244494436,0,145374737
1717880964787816,171025,281,40,1244596568,0,145476869
1717880964945689,171080,281,40,1244754443,0,145634744
1717880965098715,171025,281,40,1244907432,0,145787733
1717880965250746,171080,281,40,1245059500,0,145939801
1717880965352784,171080,281,40,1245161537,64,146041838
1717880965505964,171025,281,40,1245314657,64,146194958
1717880965660682,171025,225,40,1245469436,64,146349737
1717880965814665,171080,225,40,1245623419,64,146503720
1717880965971681,171025,225,40,1245780434,64,146660735
1717880966123819,171080,225,40,1245932571,64,146812872
1717880966224950,171080,225,40,1246033654,64,146913955
1717880966378681,171025,225,40,1246187434,64,147067735
1717880966539730,171025,225,40,1246348482,64,147228783
1717880966642803,171080,225,40,1246451519,64,147331820
1717880966795736,171080,225,40,1246604488,64,147484789
1717880966949748,171080,225,40,1246758501,64,147638802
1717880967101810,171080,225,40,1246910562,64,147790863
1717880967202980,171080,225,40,1247011697,64,147891998
1717880967406823,171080,225,40,1247215547,64,148095848
1717880967509838,171080,225,40,1247318570,64,148198871
1717880967661985,171080,225,40,1247470688,64,148350989
1717880967817011,171080,225,40,1247625764,64,148506065
1717880967970030,171135,225,40,1247778782,64,148659083
1717880968123035,171080,225,40,1247931788,64,148812089
1717880968276275,171080,225,40,1248085024,64,148965325
1717880968378962,171135,225,40,1248187686,64,149067987
1717880968536748,171080,225,40,1248345501,64,149225802
1717880968690747,171080,225,40,1248499500,64,149379801
1717880968842685,171135,225,40,1248651439,64,149531740
1717880968944741,171080,225,40,1248753494,64,149633795
1717880969095665,171080,281,40,1248904419,64,149784720
1717880969248811,171135,225,40,1249057563,64,149937864
1717880969406859,171135,225,40,1249215612,64,150095913
1717880969508975,171135,225,40,1249317673,64,150197974
1717880969662855,171080,225,40,1249471555,64,150351856
1717880969820681,171080,225,40,1249629434,64,150509735
1717880969972665,171080,225,40,1249781418,64,150661719
1717880970125856,171080,225,40,1249934550,64,150814851
1717880970227741,171135,225,40,1250036494,64,150916795
1717880970379907,171135,225,40,1250188600,64,151068901
1717880970584712,171080,225,40,1250393466,64,151273767
1717880970686822,171135,225,40,1250495575,64,151375876
1717880970889666,171135,225,40,1250698419,64,151578720
1717880970991989,171135,225,40,1250800684,64,151680985
1717880971145806,171080,225,40,1250954552,64,151834853
1717880971298681,171135,225,40,1251107434,64,151987735
1717880971451683,171135,225,40,1251260437,64,152140738
1717880971604681,171135,225,40,1251413434,64,152293735
1717880971758681,171135,225,40,1251567434,64,152447735
1717880971911813,171135,225,40,1251720566,64,152600867
1717880972069044,171135,225,40,1251877797,64,152758098
1717880972171992,171135,225,40,1251980716,64,152861017
1717880972329830,171135,225,40,1252138549,64,153018850
1717880972483665,171135,225,40,1252292418,64,153172719
1717880972635727,171189,168,40,1252444424,64,153324725
1717880972788810,171135,225,40,1252597563,64,153477864
1717880972890741,171135,225,40,1252699494,64,153579795
1717880973041673,171135,225,40,1252850426,64,153730727
1717880973195670,171135,225,40,1253004424,64,153884725
1717880973353819,171135,225,40,1253162568,64,154042869
1717880973507665,171189,225,40,1253316419,64,154196720
1717880973662681,171135,225,40,1253471434,64,154351735
1717880973815681,171135,225,40,1253624434,64,154504735
1717880973969681,171189,225,40,1253778434,64,154658735
1717880974123748,171135,225,40,1253932501,64,154812802
1717880974276809,171135,225,40,1254085562,64,154965863
1717880974429821,171135,225,40,1254238573,64,155118874
1717880974530985,171135,225,40,1254339675,64,155219976
1717880974734804,171189,225,40,1254543557,64,155423858
1717880974840733,171189,225,40,1254649486,64,155529787
1717880974993781,171189,168,40,1254802533,64,155682834
1717880975147681,171135,225,40,1254956434,64,155836735
1717880975305162,171189,168,40,1255113913,64,155994214
1717880975458147,171189,168,40,1255266876,64,156147177
1717880975611160,171189,168,40,1255419911,64,156300212
1717880975714959,171189,168,40,1255523694,64,156403995
1717880975871665,171189,168,40,1255680419,64,156560720
1717880976023712,171189,168,40,1255832465,64,156712766
1717880976176984,171189,168,40,1255985684,64,156865985
1717880976380819,171189,168,40,1256189571,64,157069872
1717880976533669,171189,225,40,1256342423,64,157222724
1717880976690923,171189,225,40,1256499675,64,157379976
1717880976843669,171189,225,40,1256652419,64,157532720
1717880976997811,171189,225,40,1256806564,64,157686865
1717880977155705,171135,225,40,1256964457,64,157844758
1717880977256809,171189,168,40,1257065540,64,157945841
1717880977412820,171189,168,40,1257221571,64,158101872
1717880977564814,171135,168,40,1257373567,64,158253868
1717880977716704,171189,168,40,1257525456,64,158405757
1717880977868681,171135,168,40,1257677435,64,158557736
1717880977970822,171135,168,40,1257779574,64,158659875
1717880978126671,171189,168,40,1257935420,64,158815721
1717880978231905,171189,168,40,1258040628,64,158920929
1717880978384776,171189,168,40,1258193528,64,159073829
1717880978542054,171189,168,40,1258350807,64,159231108
1717880978644200,171135,168,40,1258452908,64,159333209
1717880978797215,171135,168,40,1258605965,64,159486266
1717880978949013,171189,168,40,1258757766,64,159638067
1717880979106816,171189,168,40,1258915567,64,159795868
1717880979268681,171189,168,40,1259077434,64,159957735
1717880979420712,171135,168,40,1259229466,64,160109767
1717880979572810,171135,168,40,1259381563,64,160261864
1717880979725681,171189,112,40,1259534434,64,160414735
1717880979878930,171189,112,40,1259687652,64,160567953
1717880980032860,171189,112,40,1259841565,64,160721866
1717880980187860,171189,112,40,1259996565,64,160876866
1717880980291982,171189,112,40,1260100691,64,160980992
1717880980446678,171189,112,40,1260255432,64,161135733
1717880980549740,171189,168,40,1260358492,64,161238793
1717880980702963,171189,168,40,1260511691,64,161391992
1717880980856756,171189,168,40,1260665493,64,161545794
1717880981009844,171189,168,40,1260818597,64,161698898
1717880981167667,171189,168,40,1260976420,64,161856721
1717880981274098,171189,168,40,1261082837,64,161963138
1717880981427033,171189,168,40,1261235787,64,162116088
1717880981579431,171189,225,40,1261388116,64,162268417
1717880981732676,171244,168,40,1261541430,64,162421731
1717880981834816,171189,225,40,1261643569,64,162523870
1717880981991736,171189,225,40,1261800489,64,162680790
1717880982144685,171189,168,40,1261953424,64,162833725
1717880982297713,171189,168,40,1262106466,64,162986767
1717880982451665,171189,168,40,1262260418,64,163140719
1717880982604814,171189,168,40,1262413567,64,163293868
1717880982765827,171189,168,40,1262574575,64,163454876
1717880982922822,171189,112,40,1262731575,64,163611876
1717880983024741,171189,112,40,1262833494,64,163713795
1717880983234819,171189,112,40,1263043571,64,163923872
1717880983336740,171189,112,40,1263145492,64,164025793
1717880983539821,171189,112,40,1263348573,64,164228874
1717880983641824,171189,112,40,1263450576,64,164330877
1717880983794994,171189,112,40,1263603685,64,164483986
1717880983947850,171189,112,40,1263756592,64,164636893
1717880984100990,171189,112,40,1263909687,64,164789988
1717880984254904,171189,168,40,1264063658,64,164943959
1717880984408059,171189,168,40,1264216790,64,165097091
1717880984561148,171189,168,40,1264369867,64,165250168
1717880984714132,171189,168,40,1264522859,64,165403160
1717880984867190,171189,168,40,1264675897,64,165556198
1717880985024816,171189,168,40,1264833569,64,165713870
1717880985180670,171244,168,40,1264989420,64,165869721
1717880985333681,171189,168,40,1265142434,64,166022735
1717880985485672,171189,168,40,1265294421,64,166174722
1717880985637716,171189,168,40,1265446463,64,166326764
1717880985790796,171189,168,40,1265599488,64,166479789
1717880985946681,171189,168,40,1265755434,64,166635735
1717880986098820,171135,168,40,1265907572,64,166787873
1717880986199886,171189,168,40,1266008596,64,166888897
1717880986352929,171189,168,40,1266161667,64,167041968
1717880986510825,171135,168,40,1266319572,64,167199873
1717880986663665,171135,168,40,1266472419,64,167352720
1717880986816823,171189,168,40,1266625571,64,167505872
1717880986968860,171189,168,40,1266777567,64,167657868
1717880987124820,171189,168,40,1266933572,64,167813873
1717880987230736,171189,168,40,1267039489,64,167919790
1717880987388008,171135,168,40,1267196709,64,168077010
1717880987540804,171189,112,40,1267349556,64,168229857
1717880987698380,171189,168,40,1267507087,64,168387388
1717880987800190,171189,168,40,1267608908,64,168489209
1717880987953762,171135,168,40,1267762514,64,168642815
1717880988106815,171189,168,40,1267915567,64,168795868
1717880988259678,171189,112,40,1268068432,68,168948733
1717880988365997,171080,168,40,1268174712,68,169055013
1717880988522681,170915,112,40,1268331434,68,169211735
1717880988673923,170751,112,40,1268482630,68,169362931
1717880988827814,170641,112,40,1268636566,68,169516867
1717880988979895,170477,168,40,1268788647,68,169668948
1717880989132979,170312,112,40,1268941670,68,169821971
1717880989235982,170202,112,40,1269044684,68,169924985
1717880989440707,169983,112,40,1269249460,68,170129761
1717880989542811,169928,112,40,1269351564,68,170231865
1717880989695681,169764,112,40,1269504434,68,170384735
1717880989847806,169599,112,40,1269656559,68,170536860
1717880989949821,169490,168,40,1269758573,68,170638874
1717880990106760,169380,168,40,1269915513,68,170795814
1717880990265671,169161,168,40,1270074425,68,170954726
1717880990417815,169051,168,40,1270226567,68,171106868
1717880990519740,168941,168,40,1270328492,68,171208793
1717880990681082,168722,168,40,1270489828,68,171370129
1717880990834160,168557,168,40,1270642890,68,171523191
1717880990987341,168448,168,40,1270796041,68,171676342
1717880991139670,168283,112,40,1270948424,68,171828725
1717880991291173,168119,112,40,1271099893,68,171980194
1717880991444741,168009,112,40,1271253494,68,172133795
1717880991546813,167899,112,40,1271355567,68,172235868
1717880991703944,167735,112,40,1271512653,68,172392954
1717880991857717,167570,168,40,1271666470,68,172546771
1717880992010845,167461,112,40,1271819597,68,172699898
1717880992164702,167296,112,40,1271973438,68,172853739
1717880992322810,167187,168,40,1272131562,68,173011863
1717880992425883,167077,112,40,1272234630,68,173114931
1717880992579812,166912,168,40,1272388565,68,173268866
1717880992733681,166748,168,40,1272542434,68,173422735
1717880992890665,166583,168,40,1272699419,68,173579720
1717880993044859,166419,168,40,1272853566,68,173733867
1717880993197665,166309,112,40,1273006419,68,173886720
1717880993350812,166200,112,40,1273159564,68,174039865
1717880993503672,166035,168,40,1273312426,68,174192727
1717880993656748,165871,168,40,1273465501,68,174345802
1717880993865814,165706,168,40,1273674567,68,174554868
1717880993972397,165596,168,40,1273781095,68,174661396
1717880994125784,165432,168,40,1273934536,68,174814837
1717880994286860,165267,168,40,1274095585,68,174975886
1717880994439667,165103,168,40,1274248421,68,175128722
1717880994592821,164938,168,40,1274401571,68,175281872
1717880994746821,164829,168,40,1274555573,68,175435874
1717880994847936,164774,168,40,1274656662,68,175536963
1717880995006681,164609,168,40,1274815434,68,175695735
1717880995157665,164445,168,40,1274966419,68,175846720
1717880995259820,164335,168,40,1275068573,68,175948874
1717880995411992,164226,168,40,1275220707,68,176101008
1717880995564011,164061,168,40,1275372704,68,176253005
1717880995716714,163897,168,40,1275525467,68,176405768
1717880995869711,163787,168,40,1275678463,68,176558764
1717880996022817,163622,168,40,1275831566,68,176711867
1717880996176821,163568,168,40,1275985573,68,176865874
1717880996278824,163458,168,40,1276087576,68,176967877
1717880996436787,163293,112,40,1276245537,68,177125838
1717880996593912,163184,112,40,1276402620,68,177282921
1717880996746667,163019,112,40,1276555420,68,177435721
1717880996847986,162964,112,40,1276656695,68,177536996
1717880997006306,162745,112,40,1276815005,68,177695306
1717880997159018,162581,56,40,1276967756,68,177848057
1717880997313740,162471,56,40,1277122492,68,178002793
1717880997466828,162361,56,40,1277275527,68,178155828
1717880997621928,162197,112,40,1277430636,68,178310937
1717880997776665,162087,112,40,1277585418,68,178465719
1717880997878805,161923,112,40,1277687517,68,178567818
1717880998032681,161813,112,40,1277841434,68,178721735
1717880998185682,161703,112,40,1277994434,68,178874735
1717880998339670,161594,112,40,1278148419,68,179028720
1717880998491860,161429,112,40,1278300553,68,179180854
1717880998645681,161265,112,40,1278454434,68,179334735
1717880998799688,161155,112,4,1278608446,0,179488747
1717880998953676,160113,112,4,1278762434,0,179642735
1717880999106805,159455,168,4,1278915561,0,179795862
1717880999259808,159510,112,4,1279068563,0,179948864
1717880999413664,159455,112,4,1279222422,0,180102723
1717880999569709,159510,112,4,1279378466,0,180258767
1717880999670862,159510,112,4,1279479578,0,180359879
1717880999826676,159510,112,4,1279635434,0,180515735
1717880999977796,159565,112,4,1279786554,0,180666855
1717881000135873,159565,112,4,1279944575,0,180824876
1717881000287794,159565,112,4,1280096551,0,180976852
1717881000440662,159565,112,4,1280249420,0,181129721
1717881000595124,159620,112,4,1280403876,0,181284177
1717881000748012,159620,112,4,1280556769,0,181437070
1717881000901121,159565,112,4,1280709873,0,181590174
1717881001054137,159620,112,4,1280862887,0,181743188
1717881001155182,159620,112,4,1280963897,0,181844198
1717881001307843,159620,112,4,1281116545,0,181996846
1717881001465691,159620,168,4,1281274450,0,182154751
1717881001618804,159674,112,4,1281427559,0,182307860
1717881001775666,159674,112,4,1281584419,0,182464720
1717881001877765,159674,112,4,1281686523,0,182566824
1717881002029698,159674,168,4,1281838456,0,182718757
1717881002180801,159729,112,4,1281989559,0,182869860
1717881002332808,159674,168,4,1282141565,0,183021866
1717881002434937,159729,168,4,1282243643,0,183123944
1717881002591662,159729,168,4,1282400420,0,183280721
1717881002744661,159784,168,4,1282553419,0,183433720
1717881002900806,159784,168,4,1282709509,0,183589810
1717881003001879,159784,168,4,1282810614,0,183690915
1717881003155723,159784,168,4,1282964481,0,183844782
1717881003358799,159784,168,4,1283167556,0,184047857
1717881003516667,159839,168,4,1283325420,0,184205721
1717881003666928,159839,168,4,1283475664,0,184355965
1717881003768854,159839,168,4,1283577610,0,184457911
1717881003921939,159839,168,4,1283730676,0,184610977
1717881004075852,159839,168,4,1283884590,0,184764891
1717881004228665,159894,168,4,1284037424,0,184917725
1717881004380793,159894,168,4,1284189552,0,185069853
1717881004538695,159894,168,4,1284347418,0,185227719
1717881004692120,159894,168,4,1284500871,0,185381172
1717881004794212,159894,168,4,1284602948,0,185483249
1717881004947010,159894,168,4,1284755767,0,185636068
1717881005100008,159949,168,4,1284908766,0,185789067
1717881005252015,159949,168,4,1285060772,0,185941073
1717881005354934,159949,168,4,1285163637,0,186043938
1717881005563810,159949,168,4,1285372568,0,186252869
1717881005720790,159949,168,4,1285529547,0,186409848
1717881005822796,159949,168,4,1285631526,0,186511827
1717881005978676,160003,168,4,1285787434,0,186667735
1717881006135901,160003,168,4,1285944627,0,186824928
1717881006289659,160003,168,4,1286098418,0,186978719
1717881006390834,160058,168,4,1286199536,0,187079837
1717881006544814,160058,168,4,1286353563,0,187233864
1717881006696765,160058,168,4,1286505524,0,187385825
1717881006853676,160058,168,4,1286662434,0,187542735
1717881007010786,160058,112,4,1286819543,0,187699844
1717881007115739,160058,112,4,1286924498,0,187804799
1717881007267950,160113,112,4,1287076671,0,187956972
1717881007420713,160113,168,4,1287229471,0,188109772
1717881007572739,160058,168,4,1287381498,0,188261799
1717881007675172,160058,168,4,1287483894,0,188364195
1717881007828175,160113,168,4,1287636893,0,188517194
1717881007981151,160113,168,4,1287789890,0,188670191
1717881008134013,160168,168,4,1287942770,0,188823071
1717881008286718,160113,168,4,1288095475,0,188975776
1717881008388963,160113,168,4,1288197681,0,189077982
1717881008593689,160113,168,4,1288402448,0,189282749
1717881008750676,160168,168,4,1288559434,0,189439735
1717881008902864,160113,168,4,1288711580,0,189591881
1717881009004947,160168,168,4,1288813693,0,189693994
1717881009212807,160168,168,4,1289021557,0,189901858
1717881009368984,160223,168,4,1289177708,0,190058009
1717881009475797,160223,168,4,1289284555,0,190164856
1717881009631952,160168,168,4,1289440666,0,190320967
1717881009788719,160223,168,4,1289597477,0,190477778
1717881009939966,160223,168,4,1289748683,0,190628984
1717881010097686,160223,168,4,1289906445,0,190786746
1717881010249676,160223,168,4,1290058434,0,190938735
1717881010400758,160223,168,4,1290209516,0,191089817
1717881010557803,160278,168,4,1290366562,0,191246863
1717881010714671,160278,168,4,1290523429,0,191403730
1717881010866728,160278,168,4,1290675481,0,191555782
1717881010968879,160278,168,4,1290777596,0,191657897
1717881011120722,160278,168,4,1290929479,0,191809780
1717881011328661,160278,168,4,1291137420,0,192017721
1717881011431794,160278,168,4,1291240552,0,192120853
1717881011586812,160332,168,4,1291395561,0,192275862
1717881011688790,160332,168,4,1291497511,0,192377812
1717881011843935,160332,168,4,1291652649,0,192532950
1717881011995659,160332,225,4,1291804418,0,192684719
1717881012148699,160332,168,4,1291957457,0,192837758
1717881012304791,160332,168,4,1292113548,0,192993849
1717881012406918,160332,225,4,1292215669,0,193095970
1717881012559676,160332,168,4,1292368434,0,193248735
1717881012712797,160332,168,4,1292521555,0,193401856
1717881012868841,160387,168,4,1292677547,0,193557848
1717881013021794,160387,112,4,1292830552,0,193710853
1717881013179677,160387,112,4,1292988434,0,193868735
1717881013331795,160387,168,4,1293140554,0,194020855
1717881013488796,160387,112,4,1293297554,0,194177855
1717881013639676,160387,112,4,1293448434,0,194328735
1717881013792676,160387,112,4,1293601434,0,194481735
1717881013995797,160442,112,4,1293804554,0,194684855
1717881014096720,160442,112,4,1293905478,0,194785779
1717881014248799,160387,168,4,1294057556,0,194937857
1717881014406140,160442,112,4,1294214884,0,195095185
1717881014558985,160442,112,4,1294367743,0,195248044
1717881014661941,160442,112,4,1294470680,0,195350981
1717881014816665,160497,112,4,1294625424,0,195505725
1717881014969679,160442,112,4,1294778438,0,195658739
1717881015120806,160442,168,4,1294929561,0,195809862
1717881015277791,160442,168,4,1295086548,0,195966849
1717881015378796,160497,168,4,1295187520,0,196067821
1717881015530716,160497,168,4,1295339474,0,196219775
1717881015686940,160497,112,4,1295495667,0,196375968
1717881015844805,160497,112,4,1295653560,0,196533861
1717881015996663,160497,112,4,1295805422,0,196685723
1717881016153662,160552,168,4,1295962419,0,196842720
1717881016305696,160497,168,4,1296114453,0,196994754
1717881016406930,160497,112,4,1296215654,0,197095955
1717881016560705,160497,112,4,1296369464,0,197249765
1717881016712764,160497,112,4,1296521523,0,197401824
1717881016864944,160497,112,4,1296673665,0,197553966
1717881017017696,160552,168,4,1296826454,0,197706755
1717881017174676,160497,168,4,1296983434,0,197863735
1717881017326796,160552,168,4,1297135554,0,198015855
1717881017479666,160552,168,4,1297288425,0,198168726
1717881017630703,160552,168,4,1297439460,0,198319761
1717881017783692,160552,168,4,1297592445,0,198472746
1717881017935664,160552,168,4,1297744419,0,198624720
1717881018092803,160552,168,4,1297901560,0,198781861
1717881018199359,160552,168,4,1298008067,0,198888368
1717881018352021,160552,168,4,1298160778,0,199041079
1717881018505959,160552,112,4,1298314660,0,199194961
1717881018659684,160607,168,4,1298468443,0,199348744
1717881018815799,160607,168,4,1298624556,0,199504857
1717881018968743,160552,112,4,1298777501,0,199657802
1717881019069715,160607,112,4,1298878473,0,199758774
1717881019220807,160607,112,4,1299029562,0,199909863
1717881019377663,160607,112,4,1299186419,0,200066720
1717881019535676,160607,112,4,1299344435,0,200224736
1717881019691676,160661,112,4,1299500434,0,200380735
1717881019843672,160607,112,4,1299652422,0,200532723
1717881019994795,160661,112,4,1299803552,0,200683853
1717881020146676,160661,112,4,1299955434,0,200835735
1717881020302795,160607,112,4,1300111553,0,200991854
1717881020459676,160607,112,4,1300268434,0,201148735
1717881020611809,160607,112,4,1300420564,0,201300865
1717881020772676,160661,112,4,1300581434,0,201461735
1717881020925676,160661,112,4,1300734434,0,201614735
1717881021077694,160661,112,4,1300886452,0,201766753
1717881021178895,160661,112,4,1300987611,0,201867912
1717881021333008,160716,112,4,1301141765,0,202022066
1717881021486382,160661,112,4,1301295093,0,202175394
1717881021639072,160716,112,4,1301447827,0,202328128
1717881021791660,160661,112,4,1301600419,0,202480720
1717881021948749,160661,112,4,1301757502,0,202637803
1717881022051938,160661,112,4,1301860646,0,202740947
1717881022208676,160661,112,4,1302017434,0,202897735
1717881022363881,160661,112,4,1302172598,0,203052899
1717881022515796,160716,112,4,1302324554,0,203204855
1717881022667788,160661,112,4,1302476545,0,203356846
1717881022770955,160716,112,4,1302579656,0,203459957
1717881022924952,160716,112,4,1302733668,0,203613969
1717881023080754,160716,112,4,1302889511,0,203769812
1717881023232856,160716,112,4,1303041553,0,203921854
1717881023389677,160716,112,4,1303198434,0,204078735
1717881023542776,160716,112,4,1303351532,0,204231833
1717881023694960,160716,112,4,1303503660,0,204383961
1717881023852739,160716,56,4,1303661498,0,204541799
1717881024004803,160716,112,4,1303813559,0,204693860
1717881024160804,160716,112,4,1303969562,0,204849863
1717881024261972,160716,112,4,1304070682,0,204950983
1717881024414667,160716,112,4,1304223424,0,205103725
1717881024569240,160771,112,4,1304377996,0,205258297
1717881024722334,160771,112,4,1304531037,0,205411338
1717881024875142,160826,56,4,1304683867,0,205564168
1717881025028007,160771,112,4,1304836765,0,205717066
1717881025185676,160771,112,4,1304994434,0,205874735
1717881025291945,160771,112,4,1305100654,0,205980955
1717881025445860,160771,112,4,1305254618,0,206134919
1717881025600795,160771,112,4,1305409551,0,206289852
1717881025753880,160716,112,4,1305562613,0,206442914
1717881025915663,160771,112,4,1305724419,0,206604720
1717881026017832,160826,112,4,1305826534,0,206706835
1717881026171796,160771,112,4,1305980554,0,206860855
1717881026327772,160771,112,4,1306136529,0,207016830
1717881026535802,160771,112,4,1306344555,0,207224856
1717881026637904,160826,112,4,1306446624,0,207326925
1717881026796010,160771,112,4,1306604767,0,207485068
1717881026949213,160826,112,4,1306757952,0,207638253
1717881027102200,160771,112,4,1306910900,0,207791201
1717881027255719,160826,112,4,1307064477,0,207944778
1717881027361659,160826,112,4,1307170418,0,208050719
1717881027518664,160826,112,4,1307327419,0,208207720
1717881027675802,160826,112,4,1307484559,0,208364860
1717881027777793,160881,112,4,1307586518,0,208466819
1717881027934967,160826,112,4,1307743679,0,208623980
1717881028087845,160826,112,4,1307896566,0,208776867
1717881028240948,160826,112,4,1308049658,0,208929959
1717881028393676,160826,56,4,1308202434,0,209082735
1717881028545940,160826,56,8,1308354647,1,209234948
1717881028702744,163293,56,8,1308511500,1,209391801
1717881028859806,167241,56,8,1308668561,1,209548862
1717881029016673,171847,56,8,1308825419,1,209705720
1717881029171985,177879,56,8,1308980741,1,209861042
1717881029274292,180566,56,8,1309083047,1,209963348
1717881029427266,184678,56,8,1309235970,1,210116271
1717881029529118,187201,56,8,1309337854,1,210218155
1717881029682797,190600,56,8,1309491554,1,210371855
1717881029840811,193781,56,8,1309649566,1,210529867
1717881029993779,196851,112,8,1309802534,1,210682835
1717881030150816,199812,112,8,1309959566,1,210839867
1717881030303853,202773,112,8,1310112565,1,210992866
1717881030405981,204747,112,8,1310214678,1,211094979
1717881030562814,207654,112,8,1310371563,1,211251864
1717881030713809,210505,112,8,1310522564,1,211402865
1717881030814799,212369,112,8,1310623554,1,211503855
1717881031018810,216317,112,8,1310827565,1,211707866
1717881031120959,218236,112,8,1310929668,1,211809969
1717881031323810,222349,112,8,1311132565,1,212012866
1717881031425734,224378,112,8,1311234489,1,212114790
1717881031576732,227448,112,8,1311385487,1,212265788
1717881031732880,230684,112,8,1311541635,1,212421936
1717881031886804,234028,112,8,1311695559,1,212575860
1717881032047801,237483,56,8,1311856556,1,212736857
1717881032148808,239896,56,8,1311957530,1,212837831
1717881032310124,244995,56,8,1312118859,1,212999160
1717881032462994,248943,56,8,1312271749,1,213152050
1717881032614992,252836,56,8,1312423747,1,213304048
1717881032772678,256784,56,8,1312581434,1,213461735
1717881032928668,260952,56,8,1312737419,1,213617720
1717881033084805,265009,56,8,1312893560,1,213773861
1717881033185969,267587,56,8,1312994670,1,213874971
1717881033342746,271644,56,8,1313151502,1,214031803
1717881033499747,275702,56,8,1313308486,1,214188787
1717881033652746,280034,56,8,1313461501,1,214341802
1717881033858813,285627,56,8,1313667568,1,214547869
1717881034010662,289684,56,8,1313819418,1,214699719
1717881034164665,293742,56,8,1313973419,1,214853720
1717881034316818,297690,56,8,1314125567,1,215005868
1717881034417807,300432,56,8,1314226536,1,215106837
1717881034620812,305641,56,8,1314429563,1,215309864
1717881034771722,309589,56,8,1314580477,1,215460778
1717881034925805,313372,56,8,1314734560,1,215614861
1717881035078806,317430,56,8,1314887561,1,215767862
1717881035230668,321378,56,8,1315039419,1,215919720
1717881035383802,325271,56,8,1315192557,1,216072858
1717881035485726,327903,56,8,1315294481,1,216174782
1717881035637745,332016,56,8,1315446501,1,216326802
1717881035841804,337499,112,8,1315650559,1,216530860
1717881035995867,341392,112,8,1315804579,1,216684880
1717881036096785,343860,56,8,1315905496,1,216785797
1717881036249662,347643,56,8,1316058418,1,216938719
1717881036402702,351701,112,8,1316211458,1,217091759
1717881036556025,356746,56,8,1316364780,1,217245081
1717881036708987,360584,56,8,1316517742,1,217398043
1717881036811103,363106,56,8,1316619845,1,217500146
1717881036963991,366999,56,8,1316772746,1,217653047
1717881037117045,371002,56,8,1316925801,1,217806102
1717881037269133,374621,56,8,1317077874,1,217958175
1717881037421809,378076,56,8,1317230563,1,218110864
1717881037578678,381475,56,8,1317387434,1,218267735
1717881037679855,384107,56,8,1317488573,1,218368874
1717881037832722,387507,56,8,1317641478,1,218521779
1717881037985662,390797,56,8,1317794418,1,218674719
1717881038138663,394307,56,8,1317947419,1,218827720
1717881038240841,396610,56,8,1318049543,1,218929844
1717881038396885,400174,56,8,1318205598,1,219085899
1717881038549842,403793,56,4,1318358547,0,219238848
1717881038707694,406809,56,4,1318516451,0,219396752
1717881038863801,408783,56,4,1318672558,0,219552859
1717881038973697,409770,56,4,1318782456,0,219662757
1717881039128676,411250,112,4,1318937434,0,219817735
1717881039279811,412511,56,4,1319088522,0,219968823
1717881039436746,413663,112,4,1319245503,0,220125804
1717881039588708,414595,112,4,1319397467,0,220277768
1717881039746141,415746,56,4,1319554872,0,220435173
1717881039898985,416404,56,4,1319707743,0,220588044
1717881040051147,416788,112,4,1319859885,0,220740186
1717881040203006,417227,112,4,1320011763,0,220892064
1717881040356673,417666,112,4,1320165431,0,221045732
1717881040512926,418049,112,4,1320321683,0,221201984
1717881040616716,418214,56,4,1320425474,0,221305775
1717881040768954,418378,112,4,1320577677,0,221457978
1717881040926823,418488,56,4,1320735581,0,221615882
1717881041084661,418598,56,4,1320893419,0,221773720
1717881041235804,418653,56,4,1321044506,0,221924807
1717881041388798,418707,56,4,1321197555,0,222077856
1717881041544682,418707,56,4,1321353440,0,222233741
1717881041701874,418762,56,4,1321510575,0,222390876
1717881041803676,418762,56,4,1321612434,0,222492735
1717881042005659,418762,56,4,1321814418,0,222694719
1717881042407678,418927,0,4,1322216436,0,223096737
1717881042509723,418927,0,4,1322318482,0,223198783
1717881042667760,418927,56,4,1322476519,0,223356820
1717881042870851,418982,0,4,1322679561,0,223559862
1717881043023805,419036,0,4,1322832563,0,223712864
1717881043128715,419036,0,4,1322937474,0,223817775
1717881043284990,419091,56,4,1323093748,0,223974049
1717881043438138,419091,56,4,1323246870,0,224127171
1717881043591328,419146,56,4,1323400054,0,224280355
1717881043693873,419146,56,4,1323502631,0,224382932
1717881043851675,419146,56,4,1323660433,0,224540734
1717881044004659,419201,56,4,1323813418,0,224693719
1717881044156796,419201,56,4,1323965554,0,224845855
1717881044313659,419256,56,4,1324122418,0,225002719
1717881044465798,419256,56,4,1324274555,0,225154856
1717881044566932,419256,56,4,1324375634,0,225255935
1717881044718856,419256,0,4,1324527611,0,225407912
1717881044875930,419311,0,4,1324684646,0,225564947
1717881045083810,419585,0,8,1324892565,1,225772866
1717881045188970,420956,0,8,1324997702,1,225878003
1717881045339952,422930,0,8,1325148661,1,226028962
1717881045491678,425233,0,8,1325300434,1,226180735
1717881045642691,427371,0,8,1325451447,1,226331748
1717881045793842,429948,0,8,1325602594,1,226482895
1717881045894731,431593,0,8,1325703486,1,226583787
1717881046102811,434609,56,8,1325911563,1,226791864
1717881046254813,436748,56,8,1326063564,1,226943865
1717881046406671,438722,56,8,1326215419,1,227095720
1717881046558852,440805,56,8,1326367607,1,227247908
1717881046714663,443053,56,8,1326523419,1,227403720
1717881046866857,445356,0,8,1326675561,1,227555862
1717881047024693,447659,0,8,1326833448,1,227713749
1717881047125724,449250,0,8,1326934478,1,227814779
1717881047282997,452594,0,8,1327091752,1,227972053
1717881047435974,455117,0,8,1327244729,1,228125030
1717881047593751,457475,0,8,1327402504,1,228282805
1717881047745812,459778,0,8,1327554565,1,228434866
1717881047899882,461971,0,8,1327708589,1,228588890
1717881048002813,463397,0,8,1327811568,1,228691869
1717881048159809,465645,0,8,1327968565,1,228848866
1717881048312728,467783,0,8,1328121483,1,229001784
1717881048464667,469867,0,8,1328273423,1,229153724
1717881048616727,471786,0,8,1328425482,1,229305783
1717881048769776,473650,0,8,1328578530,1,229458831
1717881048922678,475241,0,8,1328731434,1,229611735
1717881049074667,476776,0,8,1328883423,1,229763724
1717881049225812,478311,0,8,1329034563,1,229914864
1717881049385665,479901,0,8,1329194421,1,230074722
1717881049486900,480834,0,8,1329295594,1,230175895
1717881049638924,482369,0,8,1329447653,1,230327954
1717881049791663,483849,-56,8,1329600418,1,230480719
1717881049944802,485385,-56,8,1329753557,1,230633858
1717881050098726,486865,-56,8,1329907481,1,230787782
1717881050251804,488401,-56,8,1330060559,1,230940860
1717881050404692,489881,-56,8,1330213448,1,231093749
1717881050505906,490923,-56,8,1330314655,1,231194956
1717881050709811,492952,0,8,1330518566,1,231398867
1717881050811804,493884,0,8,1330620559,1,231500860
1717881050968805,495364,0,8,1330777560,1,231657861
1717881051126042,497284,0,8,1330934797,1,231815098
1717881051278999,498709,0,8,1331087746,1,231968047
1717881051432154,500190,-56,8,1331240907,1,232121208
1717881051585693,501615,-56,8,1331394442,1,232274743
1717881051688805,502548,0,8,1331497560,1,232377861
1717881051849678,503973,-56,8,1331658434,1,232538735
1717881052006960,505399,-56,8,1331815657,1,232695958
1717881052108807,506331,-56,8,1331917561,1,232797862
1717881052266804,507812,-56,8,1332075559,1,232955860
1717881052418802,509128,0,8,1332227557,1,233107858
1717881052570702,510498,0,8,1332379458,1,233259759
1717881052671814,511486,0,8,1332480564,1,233360865
1717881052827803,512966,0,8,1332636560,1,233516861
1717881052979876,514392,0,8,1332788593,1,233668894
1717881053132810,515817,0,8,1332941565,1,233821866
1717881053293791,517243,0,8,1333102546,1,233982847
1717881053400064,518614,-56,8,1333208820,1,234089121
1717881053553390,519930,0,8,1333362085,1,234242386
1717881053706133,521301,0,8,1333514861,1,234395162
1717881053910122,523055,-56,8,1333718873,1,234599174
1717881054012753,523987,-56,8,1333821508,1,234701809
1717881054169662,525304,-56,8,1333978418,1,234858719
1717881054326805,526565,-56,8,1334135560,1,235015861
1717881054428914,527387,-56,8,1334237634,1,235117935
1717881054582728,528703,-56,8,1334391483,1,235271784
1717881054743805,530074,-56,8,1334552560,1,235432861
1717881054897703,531390,-56,8,1334706459,1,235586760
1717881055050659,532651,-56,4,1334859418,0,235739719
1717881055201794,533474,-56,4,1335010552,0,235890853
1717881055354664,533254,-56,4,1335163419,0,236043720
1717881055510676,533090,-56,4,1335319435,0,236199736
1717881055610903,532980,0,4,1335419651,0,236299952
1717881055768735,532816,0,4,1335577492,0,236457793
1717881055931105,532651,0,4,1335739853,0,236620154
1717881056033259,532542,0,4,1335841969,0,236722270
1717881056186066,532487,0,4,1335994822,0,236875123
1717881056342792,532377,0,4,1336151549,0,237031850
1717881056507835,532267,0,4,1336316533,0,237196834
1717881056609804,532158,0,4,1336418561,0,237298862
1717881056766948,532103,0,4,1336575663,0,237455964
1717881056924877,532048,0,8,1336733617,1,237613918
1717881057077679,532816,-56,8,1336886434,1,237766735
1717881057229811,534351,0,8,1337038566,1,237918867
1717881057331887,535338,0,8,1337140604,1,238020905
1717881057484804,537093,-56,8,1337293559,1,238173860
1717881057642726,538683,-56,8,1337451481,1,238331782
1717881057797803,540163,-56,8,1337606559,1,238486860
1717881057948931,541644,-56,8,1337757654,1,238637955
1717881058107043,543453,-56,8,1337915797,1,238796098
1717881058260117,544824,-56,8,1338068854,1,238949155
1717881058411666,546085,-56,8,1338220422,1,239100723
1717881058563154,547347,-56,8,1338371907,1,239252208
1717881058715158,548663,-56,8,1338523912,1,239404213
1717881058818909,549540,-56,8,1338627664,1,239507965
1717881058973817,550856,-56,8,1338782568,1,239662869
1717881059126806,552172,-56,8,1338935561,1,239815862
1717881059286930,553488,-56,8,1339095653,1,239975954
1717881059440679,554694,-56,8,1339249435,1,240129736
1717881059542873,555517,-56,8,1339351628,1,240231929
1717881059699724,556778,-56,8,1339508432,1,240388733
1717881059850798,558094,-56,8,1339659553,1,240539854
1717881060052678,559739,-56,8,1339861434,1,240741735
1717881060204670,560945,-56,8,1340013424,1,240893725
1717881060357809,562261,-56,8,1340166561,1,241046862
1717881060512663,563468,-56,8,1340321419,1,241201720
1717881060664813,564729,-56,8,1340473563,1,241353864
1717881060816664,565935,-56,8,1340625420,1,241505721
1717881060969809,567141,-56,8,1340778562,1,241658863
1717881061125699,568403,-56,8,1340934454,1,241814755
1717881061278811,569609,-56,8,1341087566,1,241967867
1717881061379976,570431,-56,8,1341188676,1,242068977
1717881061533810,571638,-56,8,1341342566,1,242222867
1717881061690678,572899,-56,8,1341499434,1,242379735
1717881061844678,574160,-56,8,1341653434,1,242533735
1717881061996662,575312,-56,8,1341805418,1,242685719
1717881062099150,576518,-56,8,1341907880,1,242788181
1717881062303130,578163,-56,8,1342111879,1,242992180
1717881062405194,578931,-56,8,1342213899,1,243094200
1717881062558184,580192,-56,8,1342366893,1,243247194
1717881062710675,581288,-56,8,1342519432,1,243399733
1717881062862676,582495,-112,8,1342671432,1,243551733
1717881063015668,583701,-56,8,1342824425,1,243704726
1717881063169673,584907,-56,8,1342978425,1,243858726
1717881063326811,586114,-56,8,1343135566,1,244015867
1717881063427907,586827,-56,8,1343236602,1,244116903
1717881063580814,588033,-112,8,1343389569,1,244269870
1717881063733702,589184,-112,8,1343542458,1,244422759
1717881063887806,590226,-56,8,1343696561,1,244576862
1717881064044729,591378,-56,8,1343853484,1,244733785
1717881064205990,592529,-56,8,1344014697,1,244894998
1717881064359912,593736,-56,8,1344168646,1,245048947
1717881064517745,594777,-56,8,1344326501,1,245206802
1717881064671667,595929,-56,8,1344480423,1,245360724
1717881064771733,596642,-56,8,1344580488,1,245460789
1717881064925799,597739,-56,8,1344734553,1,245614854
1717881065078915,598945,0,8,1344887642,1,245767943
1717881065236150,600370,-56,8,1345044895,1,245925196
1717881065338232,601138,-56,8,1345146982,1,246027283
1717881065491173,602235,-56,8,1345299894,1,246180195
1717881065644160,603332,-56,8,1345452878,1,246333179
1717881065796405,604428,-56,8,1345605100,1,246485401
1717881065948158,605470,-56,8,1345756911,1,246637212
1717881066050955,606183,-56,8,1345859694,1,246739995
1717881066207748,607280,-56,8,1346016504,1,246896805
1717881066359804,608376,-56,8,1346168551,1,247048852
1717881066513864,609418,-56,8,1346322605,1,247202906
1717881066616814,610131,-56,8,1346425569,1,247305870
1717881066772732,611228,-56,8,1346581486,1,247461787
1717881066929792,612324,-56,4,1346738550,0,247618851
1717881067081697,612818,-56,4,1346890454,0,247770755
1717881067234659,612543,-56,4,1347043418,0,247923719
1717881067390743,612324,-56,4,1347199501,0,248079802
1717881067547676,612160,-56,4,1347356434,0,248236735
1717881067700798,611995,-56,4,1347509555,0,248389856
1717881067853785,611776,-56,4,1347662543,0,248542844
1717881067958793,611666,-56,4,1347767551,0,248647852
1717881068114676,611556,-56,4,1347923434,0,248803735
1717881068273015,611392,-56,4,1348081773,0,248962074
1717881068477124,611118,-56,4,1348285876,0,249166177
1717881068580800,611008,-56,4,1348389558,0,249269859
1717881068735793,610898,-56,4,1348544551,0,249424852
1717881068886798,610789,-56,4,1348695555,0,249575856
1717881069040873,610679,-112,4,1348849587,0,249729888
1717881069143721,610570,-112,4,1348952479,0,249832780
1717881069295968,610515,-112,4,1349104669,0,249984970
1717881069448691,610350,-112,4,1349257449,0,250137750
1717881069601659,610295,-112,4,1349410418,0,250290719
1717881069754662,610186,-56,4,1349563421,0,250443722
1717881069907692,610076,-112,4,1349716449,0,250596750
1717881070060795,610021,-112,4,1349869554,0,250749855
1717881070217677,609911,-112,4,1350026435,0,250906736
1717881070370662,609911,-112,4,1350179420,0,251059721
1717881070522797,609802,-112,4,1350331554,0,251211855
1717881070679819,609747,-112,8,1350488557,1,251368858
1717881070837721,610570,-112,8,1350646477,1,251526778
1717881070940881,611502,-112,8,1350749591,1,251629892
1717881071094819,613037,-112,8,1350903523,1,251783824
1717881071251674,614627,-112,8,1351060430,1,251940731
1717881071352969,615669,-56,8,1351161675,1,252041976
1717881071505717,617040,-56,8,1351314472,1,252194773
1717881071657731,618191,-56,8,1351466486,1,252346787
1717881071809972,619343,-112,8,1351618677,1,252498978
1717881071964392,620878,-112,8,1351773113,1,252653414
1717881072117325,621975,-112,8,1351926063,1,252806364
1717881072270154,623017,-112,8,1352078892,1,252959193
1717881072372450,623784,-112,8,1352181142,1,253061443
1717881072524937,624826,-112,8,1352333644,1,253213945
1717881072682815,625923,-112,8,1352491565,1,253371866
1717881072836664,626965,-112,8,1352645420,1,253525721
1717881072989921,628007,-112,8,1352798647,1,253678948
1717881073143803,629103,-112,8,1352952558,1,253832859
1717881073253693,629761,-112,8,1353062448,1,253942749
1717881073405807,630858,-112,8,1353214562,1,254094863
1717881073558702,631900,-112,8,1353367458,1,254247759
1717881073711666,632887,-112,8,1353520422,1,254400723
1717881073865664,633983,-112,8,1353674420,1,254554721
1717881074018730,634970,-112,8,1353827476,1,254707777
1717881074176812,635957,-112,8,1353985563,1,254865864
1717881074282728,636670,-112,8,1354091483,1,254971784
1717881074485851,637986,-112,8,1354294546,1,255174847
1717881074644163,639302,-112,8,1354452918,1,255333219
1717881074746425,639960,-112,8,1354555114,1,255435415
1717881074899196,640892,-112,8,1354707928,1,255588229
1717881075052029,641879,-112,8,1354860785,1,255741086
1717881075204761,642921,-112,8,1355013479,1,255893780
1717881075356028,643853,-112,8,1355164782,1,256045083
1717881075458974,644511,-112,8,1355267672,1,256147973
1717881075612947,645444,-112,8,1355421672,1,256301973
1717881075766948,646431,-112,8,1355575656,1,256455957
1717881075924678,647308,-112,8,1355733434,1,256613735
1717881076025864,647966,-112,8,1355834619,1,256714920
1717881076183727,648898,-112,8,1355992482,1,256872783
1717881076337679,649885,-112,8,1356146434,1,257026735
1717881076494678,650762,-112,8,1356303434,1,257183735
1717881076645799,651749,-112,8,1356454554,1,257334855
1717881076748674,652353,-112,8,1356557429,1,257437730
1717881076901727,653285,-112,8,1356710482,1,257590783
1717881077053678,654217,-112,8,1356862434,1,257742735
1717881077207678,655094,-112,8,1357016434,1,257896735
1717881077360796,656026,-112,8,1357169551,1,258049852
1717881077462717,656575,-112,8,1357271472,1,258151773
1717881077615901,657507,-112,8,1357424615,1,258304916
1717881077773813,658329,-112,8,1357582568,1,258462869
1717881077926705,659207,-112,8,1357735461,1,258615762
1717881078080805,660084,-112,8,1357889560,1,258769861
1717881078238161,661236,-112,8,1358046916,1,258927217
1717881078390672,662113,-112,8,1358199428,1,259079729
1717881078543685,662990,-112,8,1358352441,1,259232742
1717881078697805,663813,-112,8,1358506560,1,259386861
1717881078850730,664690,-112,8,1358659485,1,259539786
1717881079003811,665567,-112,8,1358812565,1,259692866
1717881079105744,666061,-112,8,1358914440,1,259794741
1717881079259662,666993,-112,8,1359068418,1,259948719
1717881079410753,667870,-112,8,1359219509,1,260099810
1717881079512663,668364,-112,8,1359321419,1,260201720
1717881079665662,669241,-112,8,1359474418,1,260354719
1717881079819692,670064,-112,8,1359628448,1,260508749
1717881079972811,670941,-112,8,1359781566,1,260661867
1717881080124851,671764,-112,8,1359933557,1,260813858
1717881080227807,672312,-112,8,1360036563,1,260916864
1717881080380753,673189,-112,8,1360189480,1,261069781
1717881080533663,674012,-112,8,1360342419,1,261222720
1717881080690676,674834,-112,4,1360499434,0,261379735
1717881080843787,675054,-112,4,1360652545,0,261532846
1717881080945722,674834,-112,4,1360754479,0,261634780
1717881081100695,674560,-112,4,1360909454,0,261789755
1717881081256676,674396,-112,4,1361065434,0,261945735
1717881081409661,674176,-112,4,1361218420,0,262098721
1717881081562804,674067,-112,4,1361371561,0,262251862
1717881081663794,673957,-112,4,1361472551,0,262352852
1717881081816910,673792,-56,4,1361625654,0,262505955
1717881081970759,673628,-56,4,1361779518,0,262659819
1717881082122957,673518,-112,4,1361931661,0,262811962
1717881082281337,673354,-112,4,1362090037,0,262970338
1717881082434429,673244,-112,4,1362243132,0,263123433
1717881082638135,673134,-112,4,1362446866,0,263327167
1717881082740201,673025,-112,4,1362548917,0,263429218
1717881082944702,672860,-112,4,1362753460,0,263633761
1717881083050697,672805,-112,4,1362859454,0,263739755
1717881083204804,672641,-112,4,1363013561,0,263893862
1717881083362676,672531,-112,4,1363171434,0,264051735
1717881083464828,672476,-112,8,1363273571,1,264153872
1717881083668679,673244,-112,8,1363477435,1,264357736
1717881083770725,674012,-112,8,1363579480,1,264459781
1717881083924724,675218,-56,8,1363733479,1,264613780
1717881084026727,675986,-56,8,1363835482,1,264715783
1717881084178803,677302,-112,8,1363987558,1,264867859
1717881084330808,678289,-112,8,1364139562,1,265019863
1717881084483893,679331,-112,8,1364292589,1,265172890
1717881084586964,679934,-112,8,1364395672,1,265275973
1717881084740909,680811,-112,8,1364549623,1,265429924
1717881084897678,681688,-112,8,1364706434,1,265586735
1717881085048679,682566,-112,8,1364857434,1,265737735
1717881085201713,683388,-112,8,1365010469,1,265890770
1717881085358811,684156,-112,8,1365167566,1,266047867
1717881085460950,684704,-112,8,1365269660,1,266149961
1717881085666809,685746,-112,8,1365475564,1,266355865
1717881085769760,686294,-112,8,1365578515,1,266458816
1717881085927171,687391,-112,8,1365735925,1,266616226
1717881086079024,688214,-112,8,1365887779,1,266768080
1717881086232722,688981,-112,8,1366041478,1,266921779
1717881086385671,689804,-112,8,1366194426,1,267074727
1717881086538720,690571,-112,8,1366347474,1,267227775
1717881086692663,691339,-112,8,1366501419,1,267381720
1717881086844812,692107,-112,8,1366653565,1,267533866
1717881086947760,692655,-112,8,1366756515,1,267636816
1717881087099662,693423,-112,8,1366908418,1,267788719
1717881087260798,694245,-112,8,1367069553,1,267949854
1717881087362750,694739,-112,8,1367171505,1,268051806
1717881087520669,695452,-112,8,1367329425,1,268209726
1717881087673876,696219,-112,8,1367482574,1,268362875
1717881087826805,696987,-112,8,1367635560,1,268515861
1717881087983814,697700,-112,8,1367792569,1,268672870
1717881088085778,698193,-112,8,1367894532,1,268774833
1717881088239678,698961,-112,8,1368048434,1,268928735
1717881088391807,699729,-112,8,1368200562,1,269080863
1717881088492750,700222,-112,8,1368301487,1,269181788
1717881088645852,700990,-112,8,1368454554,1,269334855
1717881088849794,701922,-112,8,1368658549,1,269538850
1717881089001688,702744,-112,8,1368810444,1,269690745
1717881089102874,703238,-112,8,1368911629,1,269791930
1717881089256688,703951,-112,8,1369065444,1,269945745
1717881089410808,704664,-168,8,1369219563,1,270099864
1717881089563778,705376,-112,8,1369372534,1,270252835
1717881089715665,706089,-168,8,1369524419,1,270404720
1717881089870196,707076,-168,8,1369678903,1,270559204
1717881089972403,707570,-112,8,1369781094,1,270661395
1717881090125274,708283,-112,8,1369934026,1,270814327
1717881090278090,708995,-112,8,1370086834,1,270967135
1717881090431814,709708,-168,8,1370240569,1,271120870
1717881090588662,710421,-168,8,1370397418,1,271277719
1717881090741805,711079,-168,8,1370550560,1,271430861
1717881090847984,711573,-168,8,1370656684,1,271536985
1717881091001807,712285,-168,8,1370810558,1,271690859
1717881091153838,712998,-168,8,1370962541,1,271842842
1717881091257930,713437,-168,8,1371066645,1,271946946
1717881091411745,714150,-168,8,1371220485,1,272100786
1717881091563726,714863,-168,8,1371372481,1,272252782
1717881091717679,715521,-168,8,1371526434,1,272406735
1717881091870678,716179,-168,8,1371679434,1,272559735
1717881092023690,716837,-168,8,1371832445,1,272712746
1717881092175947,717604,-168,8,1371984650,1,272864951
1717881092330707,718262,-168,8,1372139438,1,273019739
1717881092487711,718920,-168,8,1372296467,1,273176768
1717881092593804,719414,-168,8,1372402559,1,273282860
1717881092752048,720291,-168,8,1372560804,1,273441105
1717881092905176,721004,-168,8,1372713888,1,273594189
1717881093058318,721607,-168,8,1372867024,1,273747325
1717881093211025,722320,-168,8,1373019780,1,273900081
1717881093364026,722978,-168,8,1373172781,1,274053082
1717881093518682,723581,-112,4,1373327441,0,274207742
1717881093671693,723581,-112,4,1373480445,0,274360746
1717881093824952,723252,-112,4,1373633682,0,274513983
1717881093927776,723088,-112,4,1373736514,0,274616815
1717881094080659,722923,-112,4,1373889418,0,274769719
1717881094233710,722704,-112,4,1374042468,0,274922769
1717881094390659,722594,-112,4,1374199418,0,275079719
1717881094541805,722430,-112,4,1374350558,0,275230859
1717881094698660,722265,-112,4,1374507419,0,275387720
1717881094799728,722155,-112,8,1374608483,1,275488784
1717881094951724,722430,-112,8,1374760478,1,275640779
1717881095105798,723417,-112,8,1374914553,1,275794854
1717881095207814,724129,-168,8,1375016569,1,275896870
1717881095359960,724952,-112,8,1375168657,1,276048958
1717881095515801,725720,-168,8,1375324556,1,276204857
1717881095617987,726213,-168,8,1375426683,1,276306984
1717881095772663,727036,-112,8,1375581419,1,276461720
1717881095926956,727639,-112,8,1375735652,1,276615953
1717881096079801,728406,-112,8,1375888555,1,276768856
1717881096231745,729119,-112,8,1376040501,1,276920802
1717881096385724,729777,-168,8,1376194478,1,277074779
1717881096539678,730490,-112,8,1376348434,1,277228735
1717881096694805,731093,-112,8,1376503560,1,277383861
1717881096847699,731751,-112,8,1376656454,1,277536755
1717881097001205,732574,-112,8,1376809958,1,277690259
1717881097154140,733232,-112,8,1376962868,1,277843169
1717881097307028,733835,-112,8,1377115783,1,277996084
1717881097460136,734493,-112,8,1377268869,1,278149170
1717881097613718,735096,-112,8,1377422466,1,278302767
1717881097768683,735699,-112,8,1377577439,1,278457740
1717881097870938,736083,-112,8,1377679652,1,278559953
1717881098023725,736686,-112,8,1377832480,1,278712781
1717881098183678,737344,-112,8,1377992434,1,278872735
1717881098335663,737947,-112,8,1378144419,1,279024720
1717881098437814,738386,-112,8,1378246569,1,279126870
1717881098594826,738989,-112,8,1378403540,1,279283841
1717881098747744,739592,-112,8,1378556500,1,279436801
1717881098899693,740141,-112,8,1378708450,1,279588751
1717881099051664,740744,-112,8,1378860420,1,279740721
1717881099204806,741347,-112,8,1379013561,1,279893862
1717881099357804,742005,-112,8,1379166557,1,280046858
1717881099510703,742608,-112,8,1379319455,1,280199756
1717881099612813,742937,-112,8,1379421568,1,280301869
1717881099763725,743486,-112,8,1379572480,1,280452781
1717881099915726,744144,-112,8,1379724481,1,280604782
1717881100068724,744747,-112,8,1379877479,1,280757780
1717881100221725,745350,-112,8,1380030480,1,280910781
1717881100374714,745898,-112,8,1380183470,1,281063771
1717881100525669,746502,-112,8,1380334425,1,281214726
1717881100678725,747050,-56,8,1380487480,1,281367781
1717881100831805,747598,-56,8,1380640560,1,281520861
1717881100988813,748201,-112,8,1380797565,1,281677866
1717881101140671,748750,-56,8,1380949423,1,281829724
1717881101240958,749133,-56,8,1381049693,1,281929994
1717881101394808,749682,-56,8,1381203563,1,282083864
1717881101547663,750175,-56,8,1381356419,1,282236720
1717881101703910,750669,-56,8,1381512648,1,282392949
1717881101857153,751436,-56,8,1381665907,1,282546208
1717881102010014,751930,-56,8,1381818769,1,282699070
1717881102163148,752423,-56,8,1381971883,1,282852184
1717881102316055,752972,-56,8,1382124810,1,283005111
1717881102419969,753356,-56,8,1382228671,1,283108972
1717881102574831,753904,-56,8,1382383556,1,283263857
1717881102727662,754398,-56,8,1382536418,1,283416719
1717881102929987,755056,-56,8,1382738703,1,283619004
1717881103031935,755385,-56,8,1382840646,1,283720947
1717881103184803,755878,-56,8,1382993558,1,283873859
1717881103338671,756426,-56,8,1383147423,1,284027724
1717881103440731,756755,-56,8,1383249486,1,284129787
1717881103598727,757249,-56,8,1383407482,1,284287783
1717881103750805,757742,-56,8,1383559560,1,284439861
1717881103906808,758181,-56,8,1383715563,1,284595864
1717881104059767,758674,-56,8,1383868523,1,284748824
1717881104161811,759058,-56,8,1383970565,1,284850866
1717881104373669,759716,-56,8,1384182421,1,285062722
1717881104526809,760155,-56,8,1384335564,1,285215865
1717881104683983,760649,-56,8,1384492691,1,285372992
1717881104835947,761087,0,4,1384644704,0,285525005
1717881104988699,761252,0,4,1384797458,0,285677759
1717881105196280,760649,0,4,1385004998,0,285885299
1717881105298241,760484,0,4,1385106999,0,285987300
1717881105502056,760210,0,4,1385310808,0,286191109
1717881105659746,760045,0,4,1385468503,0,286348804
1717881105811661,759826,0,4,1385620420,0,286500721
1717881105962801,759661,0,4,1385771554,0,286651855
1717881106064951,759607,0,4,1385873656,0,286753957
1717881106217660,759442,0,4,1386026418,0,286906719
1717881106373691,759278,0,4,1386182449,0,287062750
1717881106526706,759113,-56,4,1386335464,0,287215765
1717881106682676,759004,0,4,1386491434,0,287371735
1717881106834804,758839,0,4,1386643556,0,287523857
1717881106987696,758729,0,4,1386796453,0,287676754
1717881107144802,758565,0,4,1386953559,0,287833860
1717881107300699,758455,0,4,1387109457,0,287989758
1717881107406708,758346,0,4,1387215467,0,288095768
1717881107563742,758236,0,4,1387372500,0,288252801
1717881107716763,758016,0,4,1387525521,0,288405822
1717881107929121,757852,0,4,1387737850,0,288618151
1717881108081361,757688,0,4,1387890073,0,288770374
1717881108183700,757633,0,8,1387992455,1,288872756
1717881108341761,758291,0,8,1388150517,1,289030818
1717881108493776,759113,0,8,1388302530,1,289182831
1717881108653792,759936,0,8,1388462547,1,289342848
1717881108754732,760429,0,8,1388563488,1,289443789
1717881108906806,761361,56,8,1388715561,1,289595862
1717881109059663,762074,56,8,1388868418,1,289748719
1717881109215708,762732,56,8,1389024462,1,289904763
1717881109367855,763281,0,8,1389176563,1,290056864
1717881109474944,763609,0,8,1389283636,1,290163937
1717881109626806,764103,0,8,1389435561,1,290315862
1717881109784809,764651,0,8,1389593562,1,290473863
1717881109936678,765145,56,8,1389745434,1,290625735
1717881110089665,765638,56,8,1389898419,1,290778720
1717881110240801,766077,56,8,1390049556,1,290929857
1717881110341979,766406,56,8,1390150690,1,291030991
1717881110498931,766845,56,8,1390307637,1,291187938
1717881110657994,767448,56,8,1390466749,1,291347050
1717881110862184,768051,56,8,1390670897,1,291551198
1717881111014989,768435,56,8,1390823744,1,291704045
1717881111117814,768709,56,8,1390926569,1,291806870
1717881111278801,769093,56,8,1391087556,1,291967857
1717881111431805,769532,56,8,1391240559,1,292120860
1717881111583688,770025,56,8,1391392438,1,292272739
1717881111684822,770299,56,8,1391493548,1,292373849
1717881111841744,770738,56,8,1391650500,1,292530801
1717881112045849,771286,56,8,1391854558,1,292734859
1717881112152772,771615,56,8,1391961528,1,292841829
1717881112309678,772054,56,8,1392118434,1,292998735
1717881112465867,772438,56,8,1392274585,1,293154886
1717881112619685,772822,56,8,1392428441,1,293308742
1717881112775699,773260,56,8,1392584455,1,293464756
1717881112877138,773534,56,8,1392685840,1,293566141
1717881113029836,773918,56,8,1392838546,1,293718847
1717881113186098,774467,56,8,1392994841,1,293875142
1717881113339130,774905,0,8,1393147879,1,294028180
1717881113491979,775289,0,8,1393300734,1,294181035
1717881113644976,775673,0,8,1393453731,1,294334032
1717881113797776,776002,0,8,1393606521,1,294486822
1717881113955805,776441,0,8,1393764560,1,294644861
1717881114106811,776824,0,8,1393915560,1,294795861
1717881114258811,777208,0,8,1394067566,1,294947867
1717881114414678,777592,0,8,1394223434,1,295103735
1717881114567662,777976,0,8,1394376418,1,295256719
1717881114669730,778195,0,8,1394478485,1,295358786
1717881114831848,778579,0,8,1394640554,1,295520855
1717881114985800,778908,0,8,1394794555,1,295674856
1717881115086890,779127,0,8,1394895644,1,295775945
1717881115244813,779511,56,8,1395053568,1,295933869
1717881115406678,779895,56,8,1395215434,1,296095735
1717881115564038,780334,56,8,1395372795,1,296253096
1717881115666316,780608,56,8,1395475069,1,296355370
1717881115818995,780937,56,8,1395627750,1,296508051
1717881115971671,781321,56,8,1395780427,1,296660728
1717881116123667,781650,0,8,1395932423,1,296812724
1717881116274995,781979,56,8,1396083749,1,296964050
1717881116428811,782308,56,8,1396237513,1,297117814
1717881116530808,782582,56,8,1396339563,1,297219864
1717881116687725,782966,56,8,1396496480,1,297376781
1717881116839804,783240,56,8,1396648559,1,297528860
1717881116996807,783514,0,8,1396805562,1,297685863
1717881117149753,783953,0,8,1396958490,1,297838791
1717881117301684,784282,0,8,1397110440,1,297990741
1717881117457924,784666,0,8,1397266641,1,298146942
1717881117611806,784995,0,8,1397420561,1,298300862
1717881117763802,785324,0,8,1397572558,1,298452859
1717881117915816,785598,0,8,1397724572,1,298604873
1717881118069665,785982,0,8,1397878419,1,298758720
1717881118170939,786146,0,4,1397979652,0,298859953
1717881118328795,786146,0,4,1398137552,0,299017853
1717881118487668,785762,0,4,1398296426,0,299176727
1717881118588839,785653,0,4,1398397596,0,299277897
1717881118740716,785433,56,4,1398549474,0,299429775
1717881118894753,785269,56,4,1398703512,0,299583813
1717881119048796,785049,56,4,1398857554,0,299737855
1717881119199799,784885,112,4,1399008555,0,299888856
1717881119352887,784720,112,4,1399161592,0,300041893
1717881119460235,784556,112,4,1399268964,0,300149265
1717881119613029,784446,112,4,1399421784,0,300302085
1717881119715726,784337,112,4,1399524485,0,300404786
1717881119876799,784227,112,4,1399685556,0,300565857
1717881120033807,784062,112,4,1399842560,0,300722861
1717881120194664,783898,112,4,1400003419,0,300883720
1717881120347669,783733,112,4,1400156427,0,301036728
1717881120503787,783624,56,4,1400312544,0,301192845
1717881120655662,783514,56,4,1400464419,0,301344720
1717881120810797,783350,56,4,1400619555,0,301499856
1717881120910844,783240,56,4,1400719600,0,301599901
1717881121062720,783130,56,4,1400871479,0,301751780
1717881121215665,783021,56,4,1401024423,0,301904724
1717881121367676,782911,56,4,1401176434,0,302056735
1717881121520712,782746,56,4,1401329470,0,302209771
1717881121671730,782637,56,4,1401480489,0,302360790
1717881121823659,782472,112,4,1401632418,0,302512719
1717881121975666,782363,112,4,1401784419,0,302664720
1717881122077805,782308,112,4,1401886561,0,302766862
1717881122233795,782198,112,4,1402042552,0,302922853
1717881122391055,782088,112,4,1402199812,0,303080113
1717881122544036,781924,112,4,1402352795,0,303233096
1717881122697011,781869,112,4,1402505767,0,303386068
1717881122850327,781705,112,4,1402659043,0,303539344
1717881123002342,781595,112,4,1402811062,0,303691363
1717881123154137,781485,112,4,1402962888,0,303843189
1717881123260954,781430,112,4,1403069662,0,303949963
1717881123414782,781321,56,4,1403223540,0,304103841
1717881123570796,781211,56,4,1403379554,0,304259855
1717881123723867,781101,56,4,1403532570,0,304412871
1717881123877885,780937,56,4,1403686600,0,304566901
1717881124030687,780882,56,4,1403839444,0,304719745
1717881124183705,780772,56,4,1403992462,0,304872763
1717881124284978,780718,56,4,1404093690,0,304973991
1717881124437827,780608,56,4,1404246530,0,305126831
1717881124595860,780553,56,4,1404404577,0,305284878
1717881124697910,780443,112,4,1404506641,0,305386942
1717881124849839,780334,112,4,1404658596,0,305538897
1717881125003798,780279,112,4,1404812555,0,305692856
1717881125158749,780169,112,4,1404967508,0,305847809
1717881125310794,780114,112,4,1405119551,0,305999852
1717881125412675,780060,112,4,1405221434,0,306101735
1717881125564730,779895,112,4,1405373489,0,306253790
1717881125719763,779840,112,4,1405528521,0,306408822
1717881125874676,779731,112,4,1405683434,0,306563735
1717881126027807,779676,112,4,1405836508,0,306716809
1717881126130964,779621,168,4,1405939666,0,306819967
1717881126286094,779511,168,4,1406094840,0,306975141
1717881126490136,779347,168,4,1406298886,0,307179187
1717881126643297,779292,168,4,1406452026,0,307332327
1717881126745406,779292,168,4,1406554142,0,307434443
1717881126897773,779182,168,4,1406706529,0,307586830
1717881127058678,779073,168,4,1406867437,0,307747738
1717881127211720,779018,168,4,1407020477,0,307900778
1717881127313806,778908,168,4,1407122563,0,308002864
1717881127465659,778908,168,4,1407274418,0,308154719
1717881127618858,778798,168,4,1407427586,0,308307887
1717881127721727,778250,168,26,1407530480,2,308410781
1717881127873808,775344,168,26,1407682561,2,308562862
1717881128030815,772493,168,26,1407839565,2,308719866
1717881128183807,769641,168,26,1407992559,2,308872860
1717881128285923,767832,168,26,1408094650,2,308974951
1717881128439681,765200,168,26,1408248434,2,309128735
1717881128541847,763445,168,26,1408350567,2,309230868
1717881128694858,761032,168,26,1408503570,2,309383871
1717881128851730,758455,168,26,1408660484,2,309540785
1717881129004665,756097,168,26,1408813419,2,309693720
1717881129161681,754014,168,26,1408970434,2,309850735
1717881129262733,752698,168,26,1409071485,2,309951786
1717881129424144,750066,168,26,1409232835,2,310113136
1717881129577025,748311,168,26,1409385778,2,310266079
1717881129729180,747708,168,4,1409537889,0,310418190
1717881129881116,748530,168,4,1409689852,0,310570153
1717881130042676,749298,168,4,1409851434,0,310731735
1717881130199676,749846,168,4,1410008434,0,310888735
1717881130300667,750230,168,4,1410109426,0,310989727
1717881130452801,750778,168,4,1410261557,0,311141858
1717881130558940,751108,168,4,1410367652,0,311247953
1717881130716801,751546,168,4,1410525558,0,311405859
1717881130877676,751985,168,4,1410686434,0,311566735
1717881131029677,752369,168,4,1410838432,0,311718733
1717881131131967,752588,168,4,1410940678,0,311820979
1717881131285663,752972,168,4,1411094419,0,311974720
1717881131387936,753136,168,4,1411196656,0,312076957
1717881131542720,753411,168,4,1411351477,0,312231778
1717881131694795,753685,112,4,1411503552,0,312383853
1717881131847803,753849,112,4,1411656556,0,312536857
1717881132005009,754178,168,4,1411813766,0,312694067
1717881132158692,754343,112,4,1411967440,0,312847741
1717881132264946,754507,112,4,1412073662,0,312953963
1717881132421917,754617,112,4,1412230627,0,313110928
1717881132579676,754781,168,4,1412388434,0,313268735
1717881132681723,754891,112,4,1412490481,0,313370782
1717881132842795,755056,112,4,1412651553,0,313531854
1717881133004697,755165,168,4,1412813420,0,313693721
1717881133154927,755275,168,4,1412963654,0,313843955
1717881133306803,755330,168,4,1413115560,0,313995861
1717881133412777,755439,168,4,1413221498,0,314101799
1717881133566676,755549,168,4,1413375434,0,314255735
1717881133723007,755604,168,4,1413531766,0,314412067
1717881133876142,755713,168,4,1413684889,0,314565190
1717881133978386,755110,168,26,1413787098,2,314667399
1717881134131952,752533,225,26,1413940661,2,314820962
1717881134289692,750230,225,26,1414098445,2,314978746
1717881134441805,748092,168,26,1414250558,2,315130859
1717881134592820,746282,168,26,1414401566,2,315281867
1717881134745667,744582,168,26,1414554420,2,315434721
1717881134850948,743540,168,26,1414659668,2,315539969
1717881135003807,742005,168,26,1414812560,2,315692861
1717881135155794,740470,168,26,1414964547,2,315844848
1717881135258677,739483,168,26,1415067431,2,315947732
1717881135409805,738057,168,26,1415218558,2,316098859
1717881135562665,736522,168,26,1415371419,2,316251720
1717881135715667,735151,168,26,1415524421,2,316404722
1717881135868722,733670,168,26,1415677475,2,316557776
1717881136022666,733287,225,4,1415831423,0,316711724
1717881136178676,733999,225,4,1415987435,0,316867736
1717881136330680,734493,168,4,1416139439,0,317019740
1717881136482706,734822,168,4,1416291464,0,317171765
1717881136584822,735041,168,4,1416393523,0,317273824
1717881136738714,735261,168,4,1416547473,0,317427774
1717881136891932,735535,168,4,1416700634,0,317580935
1717881137044790,735699,168,4,1416853548,0,317733849
1717881137195676,735864,168,4,1417004434,0,317884735
1717881137347659,736028,168,4,1417156418,0,318036719
1717881137504676,736193,168,4,1417313434,0,318193735
1717881137655796,736302,168,4,1417464552,0,318344853
1717881137756892,736412,168,4,1417565611,0,318445912
1717881137910795,736577,225,4,1417719553,0,318599854
1717881138065678,736686,225,4,1417874436,0,318754737
1717881138217751,736796,168,4,1418026475,0,318906776
1717881138370676,736906,168,4,1418179434,0,319059735
1717881138523676,737015,168,4,1418332434,0,319212735
1717881138679134,737180,168,4,1418487883,0,319368184
1717881138781203,737235,168,4,1418589960,0,319470261
1717881138934317,737344,168,4,1418743073,0,319623374
1717881139087161,737454,168,4,1418895883,0,319776184
1717881139239719,737509,168,4,1419048476,0,319928777
1717881139393719,737619,168,4,1419202476,0,320082777
1717881139499814,737619,168,4,1419308555,0,320188856
1717881139656693,737728,168,4,1419465450,0,320345751
1717881139758798,737783,168,4,1419567554,0,320447855
1717881139914730,737838,168,4,1419723488,0,320603789
1717881140016804,737893,168,4,1419825562,0,320705863
1717881140173763,738002,168,4,1419982513,0,320862814
1717881140327678,738057,168,8,1420136434,1,321016735
1717881140479678,738989,168,8,1420288434,1,321168735
1717881140630667,740250,168,8,1420439419,1,321319720
1717881140783797,741621,225,8,1420592549,1,321472850
1717881140884973,742444,225,8,1420693679,1,321573980
1717881141037746,743924,225,8,1420846501,1,321726802
1717881141191747,745350,225,8,1421000501,1,321880802
1717881141348805,746666,225,8,1421157560,1,322037861
1717881141499678,747982,225,8,1421308434,1,322188735
1717881141657679,749024,225,8,1421466434,1,322346735
1717881141809860,749901,225,8,1421618568,1,322498869
1717881141963808,750669,225,8,1421772563,1,322652864
1717881142064717,751162,168,8,1421873472,1,322753773
1717881142216678,751930,168,8,1422025434,1,322905735
1717881142368702,752588,168,8,1422177458,1,323057759
1717881142522186,753520,168,8,1422330894,1,323211195
1717881142675015,754178,168,8,1422483770,1,323364071
1717881142828155,754726,168,8,1422636907,1,323517208
1717881142981017,755385,168,8,1422789771,1,323670072
1717881143133678,756043,168,8,1422942424,1,323822725
1717881143290679,756701,168,8,1423099434,1,323979735
1717881143442805,757304,225,8,1423251560,1,324131861
1717881143594696,757852,225,8,1423403452,1,324283753
1717881143747662,758510,225,8,1423556418,1,324436719
1717881143903663,759168,225,8,1423712419,1,324592720
1717881144060734,759716,168,8,1423869442,1,324749743
1717881144213734,760319,168,8,1424022490,1,324902791
1717881144370853,760868,168,8,1424179555,1,325059856
1717881144524804,761471,225,8,1424333559,1,325213860
1717881144676678,762074,225,8,1424485434,1,325365735
1717881144829810,762677,225,8,1424638565,1,325518866
1717881144931809,763061,225,8,1424740564,1,325620865
1717881145088785,763664,225,8,1424897525,1,325777826
1717881145245801,764213,168,8,1425054555,1,325934856
1717881145346915,764651,168,8,1425155633,1,326035934
1717881145500727,765200,225,8,1425309482,1,326189783
1717881145653666,765748,225,8,1425462420,1,326342721
1717881145754976,766132,225,8,1425563678,1,326443979
1717881145908727,766735,225,8,1425717482,1,326597783
1717881146062126,767448,225,8,1425870865,1,326751166
1717881146215152,767996,168,8,1426023905,1,326904206
1717881146368152,768545,168,8,1426176888,1,327057189
1717881146470317,768928,225,8,1426279020,1,327159321
1717881146674812,769696,168,8,1426483567,1,327363868
1717881146831779,770299,168,8,1426640533,1,327520834
1717881146937833,770573,168,8,1426746540,1,327626841
1717881147095662,771177,168,8,1426904418,1,327784719
1717881147248883,771670,168,8,1427057637,1,327937938
1717881147405793,772164,225,8,1427214548,1,328094849
1717881147556839,772767,225,8,1427365594,1,328245895
1717881147658917,773096,225,8,1427467661,1,328347962
1717881147812803,773644,225,8,1427621558,1,328501859
1717881147963820,774138,225,8,1427772537,1,328652838
1717881148170802,774795,225,8,1427979556,1,328859857
1717881148323662,775344,225,8,1428132418,1,329012719
1717881148429777,775673,225,8,1428238534,1,329118835
1717881148582664,776112,225,8,1428391420,1,329271721
1717881148687975,776495,225,8,1428496682,1,329376983
1717881148846010,777099,225,8,1428654764,1,329535065
1717881148999008,777592,225,8,1428807763,1,329688064
1717881149152045,778086,225,8,1428960800,1,329841101
1717881149304011,778524,225,8,1429112765,1,329993066
1717881149406966,778908,168,8,1429215675,1,330095976
1717881149557757,779347,168,8,1429366512,1,330246813
1717881149761673,779950,168,8,1429570428,1,330450729
1717881149863942,780279,168,8,1429672661,1,330552962
1717881150021724,780718,168,8,1429830478,1,330710779
1717881150123961,781101,225,8,1429932668,1,330812969
1717881150277796,781540,225,4,1430086554,0,330966855
1717881150434697,781705,225,4,1430243444,0,331123745
1717881150587803,781430,225,4,1430396558,0,331276859
1717881150693804,781376,168,4,1430502561,0,331382862
1717881150854955,781266,225,4,1430663655,0,331543956
1717881151006775,781211,225,4,1430815481,0,331695782
1717881151162794,781101,225,4,1430971552,0,331851853
1717881151319676,780992,225,4,1431128434,0,332008735
1717881151476150,780937,225,4,1431284901,0,332165202
1717881151629147,780827,225,4,1431437882,0,332318183
1717881151782140,780827,225,4,1431590887,0,332471188
1717881151884120,780827,225,4,1431692858,0,332573159
1717881152037811,780718,225,4,1431846539,0,332726840
1717881152140912,780663,225,4,1431949623,0,332829924
1717881152294676,780608,225,4,1432103434,0,332983735
1717881152448662,780608,225,4,1432257421,0,333137722
1717881152550882,780608,225,4,1432359639,0,333239940
1717881152703723,780553,225,4,1432512480,0,333392781
1717881152856689,780498,225,4,1432665447,0,333545748
1717881153008665,780443,225,4,1432817424,0,333697725
1717881153162664,779895,225,27,1432971419,2,333851720
1717881153314804,777099,225,27,1433123558,2,334003859
1717881153415814,775179,225,27,1433224568,2,334104869
1717881153568804,772493,225,27,1433377558,2,334257859
1717881153729683,769696,281,27,1433538438,2,334418739
1717881153889802,767009,225,27,1433698556,2,334578857
1717881154042711,764322,225,27,1433851465,2,334731766
1717881154203663,761745,225,27,1434012418,2,334892719
1717881154305824,760100,225,27,1434114536,2,334994837
1717881154460353,756701,225,27,1434269040,2,335149341
1717881154613172,754343,225,27,1434421890,2,335302191
1717881154766149,752149,225,27,1434574885,2,335455186
1717881154868300,750669,225,27,1434677037,2,335557338
1717881155072729,748037,225,27,1434881483,2,335761784
1717881155178943,746830,225,27,1434987654,2,335867955
1717881155335679,745076,225,27,1435144434,2,336024735
1717881155487671,743376,225,27,1435296419,2,336176720
1717881155644667,741895,225,27,1435453419,2,336333720
1717881155796679,740470,225,27,1435605434,2,336485735
1717881155899796,739592,225,27,1435708551,2,336588852
1717881156052949,738386,225,27,1435861650,2,336741951
1717881156205794,737289,225,27,1436014547,2,336894848
1717881156305982,736577,168,27,1436114685,2,336994986
1717881156460679,735644,168,27,1436269434,2,337149735
1717881156612667,734712,225,27,1436421419,2,337301720
1717881156764797,733945,168,27,1436573550,2,337453851
1717881156917796,733122,225,27,1436726500,2,337606801
1717881157022833,732519,225,27,1436831568,2,337711869
1717881157174730,731751,225,27,1436983484,2,337863785
1717881157327772,730764,225,27,1437136526,2,338016827
1717881157481814,729832,225,27,1437290568,2,338170869
1717881157642680,728900,225,27,1437451434,2,338331735
1717881157796860,727803,225,27,1437605561,2,338485862
1717881157950085,726432,225,27,1437758831,2,338639132
1717881158052077,725665,225,27,1437860826,2,338741127
1717881158205234,725884,225,4,1438013992,0,338894293
1717881158409103,726926,225,4,1438217859,0,339098160
1717881158561090,727474,225,4,1438369838,0,339250139
1717881158664797,727748,225,4,1438473555,0,339353856
1717881158824711,728132,225,4,1438633468,0,339513769
1717881158976893,728406,225,4,1438785594,0,339665895
1717881159129809,728735,225,8,1438938565,1,339818866
1717881159232921,729339,225,8,1439041637,1,339921938
1717881159386985,730819,225,8,1439195697,1,340075998
1717881159590944,732629,225,8,1439399655,1,340279956
1717881159744863,733999,225,8,1439553577,1,340433878
1717881159899679,735425,281,8,1439708434,1,340588735
1717881160052701,736741,225,8,1439861457,1,340741758
1717881160154731,737509,225,8,1439963486,1,340843787
1717881160311707,738551,281,8,1440120463,1,341000764
1717881160516793,739702,281,8,1440325548,1,341205849
1717881160626736,740305,281,8,1440435492,1,341315793
1717881160784153,741457,281,8,1440592890,1,341473191
1717881160886366,742005,281,8,1440695082,1,341575383
1717881161039191,742882,225,8,1440847902,1,341728203
1717881161192855,743595,281,8,1441001572,1,341881873
1717881161349836,744418,225,8,1441158553,1,342038854
1717881161506806,745131,225,8,1441315561,1,342195862
1717881161658871,745898,225,8,1441467599,1,342347900
1717881161811760,746611,225,8,1441620489,1,342500790
1717881161964744,747324,225,8,1441773500,1,342653801
1717881162121678,748037,225,8,1441930434,1,342810735
1717881162274678,748750,225,8,1442083434,1,342963735
1717881162426662,749463,281,8,1442235418,1,343115719
1717881162528813,749956,281,8,1442337568,1,343217869
1717881162685928,750669,281,8,1442494633,1,343374934
1717881162839984,751382,281,8,1442648691,1,343528992
1717881162994891,752095,281,8,1442803628,1,343683929
1717881163148808,752753,281,8,1442957561,1,343837862
1717881163301666,753465,281,8,1443110419,1,343990720
1717881163453678,754178,281,8,1443262434,1,344142735
1717881163606666,754836,281,8,1443415422,1,344295723
1717881163763817,755494,281,8,1443572566,1,344452867
1717881163921163,756426,281,8,1443729883,1,344610184
1717881164074189,757084,281,8,1443882902,1,344763203
1717881164226832,757797,281,8,1444035564,1,344915865
1717881164381676,758455,337,8,1444190432,1,345070733
1717881164538692,759058,337,8,1444347449,1,345227750
1717881164691662,759716,337,8,1444500418,1,345380719
1717881164848803,760374,337,8,1444657555,1,345537856
1717881164950837,760758,337,8,1444759549,1,345639850
1717881165161683,761636,337,8,1444970439,1,345850740
1717881165314811,762294,337,8,1445123561,1,346003862
1717881165468666,762897,281,8,1445277422,1,346157723
1717881165626662,763555,281,8,1445435418,1,346315719
1717881165783798,764213,281,8,1445592553,1,346472854
1717881165884827,764542,281,8,1445693545,1,346573846
1717881166038757,765200,281,8,1445847513,1,346727814
1717881166190820,765748,281,8,1445999536,1,346879837
1717881166344678,766351,281,8,1446153434,1,347033735
1717881166496663,766899,281,8,1446305419,1,347185720
1717881166602347,767448,281,8,1446411051,1,347291352
1717881166755709,768051,281,8,1446564466,1,347444767
1717881166907803,768599,281,8,1446716559,1,347596860
1717881167072678,769148,281,8,1446881434,1,347761735
1717881167224802,769696,281,8,1447033557,1,347913858
1717881167378803,770299,281,8,1447187559,1,348067860
1717881167480814,770573,281,8,1447289569,1,348169870
1717881167637721,771122,281,8,1447446477,1,348326778
1717881167791678,771670,281,8,1447600423,1,348480724
1717881167945855,772218,281,8,1447754556,1,348634857
1717881168098667,772767,281,8,1447907419,1,348787720
1717881168250825,773260,281,8,1448059580,1,348939881
1717881168352966,773589,281,8,1448161660,1,349041961
1717881168505757,774138,281,8,1448314488,1,349194789
1717881168707801,774795,281,8,1448516556,1,349396857
1717881168809823,775125,281,8,1448618578,1,349498879
1717881168966969,775618,281,8,1448775665,1,349655966
1717881169170807,776276,281,4,1448979566,0,349859867
1717881169323666,776112,281,4,1449132424,0,350012725
1717881169476676,775947,281,4,1449285434,0,350165735
1717881169578723,775892,281,4,1449387480,0,350267781
1717881169786054,775728,281,4,1449594811,0,350475112
1717881169888178,775673,281,4,1449696893,0,350577194
1717881170041177,774795,337,27,1449849890,2,350730191
1717881170194084,772109,281,27,1450002831,2,350883132
1717881170352803,769422,281,27,1450161557,2,351041858
1717881170513834,766735,281,27,1450322586,2,351202887
1717881170614886,764816,281,27,1450423602,2,351303903
1717881170771883,762239,281,27,1450580595,2,351460896
1717881170929863,759716,281,27,1450738568,2,351618869
1717881171031891,758016,281,27,1450840645,2,351720946
1717881171184726,755494,281,27,1450993480,2,351873781
1717881171386797,752314,281,27,1451195551,2,352075852
1717881171488984,750778,281,27,1451297688,2,352177989
1717881171641954,748530,225,27,1451450648,2,352330949
1717881171795805,746392,225,27,1451604558,2,352484859
1717881171953814,744473,225,27,1451762563,2,352642864
1717881172107666,742773,225,27,1451916419,2,352796720
1717881172261806,741183,225,27,1452070560,2,352950861
1717881172415009,739318,225,27,1452223762,2,353104063
1717881172517151,738441,225,27,1452325896,2,353206197
1717881172670171,737235,225,27,1452478886,2,353359187
1717881172823043,736083,225,27,1452631797,2,353512098
1717881172976011,735041,225,27,1452784764,2,353665065
1717881173078980,734329,225,27,1452887675,2,353767976
1717881173231804,733341,225,27,1453040559,2,353920860
1717881173383685,732464,225,27,1453192440,2,354072741
1717881173540753,731532,225,27,1453349503,2,354229804
1717881173643732,730984,225,27,1453452487,2,354332788
1717881173796806,730161,225,27,1453605560,2,354485861
1717881173952856,729229,225,27,1453761560,2,354641861
1717881174110803,728352,225,27,1453919552,2,354799853
1717881174212958,727748,225,27,1454021658,2,354901959
1717881174366733,726761,225,27,1454175486,2,355055787
1717881174518921,725829,225,27,1454327635,2,355207936
1717881174676679,724897,225,27,1454485434,2,355365735
1717881174778802,724239,225,27,1454587556,2,355467857
1717881174935679,723252,225,27,1454744434,2,355624735
1717881175037952,722813,225,4,1454846664,0,355726965
1717881175190719,723855,225,4,1454999476,0,355879777
1717881175347676,724568,225,4,1455156434,0,356036735
1717881175504233,725226,225,4,1455312932,0,356193233
1717881175606105,725500,225,4,1455414845,0,356295146
1717881175759796,725884,281,4,1455568555,0,356448856
1717881175912679,726158,281,4,1455721438,0,356601739
1717881176063671,726378,281,4,1455872430,0,356752731
1717881176216719,726652,281,4,1456025475,0,356905776
1717881176368756,726816,281,8,1456177457,1,357057758
1717881176525683,727968,281,8,1456334439,1,357214740
1717881176631948,728845,337,8,1456440664,1,357320965
1717881176784720,730216,337,8,1456593476,1,357473777
1717881176936730,731587,337,8,1456745485,1,357625786
1717881177089748,732958,337,8,1456898504,1,357778805
1717881177247665,734219,337,8,1457056421,1,357936722
1717881177400662,735315,337,8,1457209418,1,358089719
1717881177553679,736193,337,8,1457362434,1,358242735
1717881177705811,737070,337,8,1457514565,1,358394866
1717881177857793,737893,337,8,1457666548,1,358546849
1717881178009794,738770,337,8,1457818549,1,358698850
1717881178161796,739647,337,8,1457970551,1,358850852
1717881178319809,740415,281,8,1458128564,1,359008865
1717881178471798,741183,281,8,1458280553,1,359160854
1717881178628850,741950,281,8,1458437561,1,359317862
1717881178787793,742718,281,8,1458596548,1,359476849
1717881178894079,743431,281,8,1458702828,1,359583129
1717881179051691,744089,281,8,1458860447,1,359740748
1717881179208809,744857,281,8,1459017565,1,359897866
1717881179311745,745295,281,8,1459120500,1,360000801
1717881179463726,746008,281,8,1459272481,1,360152782
1717881179615732,746721,281,8,1459424486,1,360304787
1717881179771809,747488,281,8,1459580564,1,360460865
1717881179983809,748530,281,8,1459792564,1,360672865
1717881180085808,748969,281,8,1459894520,1,360774821
1717881180237813,749737,281,8,1460046510,1,360926811
1717881180394668,750395,281,8,1460203424,1,361083725
1717881180550805,751162,281,8,1460359560,1,361239861
1717881180707808,751820,281,8,1460516563,1,361396864
1717881180814462,752478,281,8,1460623164,1,361503465
1717881180967451,753191,281,8,1460776160,1,361656461
1717881181120956,753849,281,8,1460929676,1,361809977
1717881181275668,754507,281,8,1461084425,1,361964726
1717881181428664,755165,281,8,1461237420,1,362117721
1717881181584662,755823,281,8,1461393418,1,362273719
1717881181741801,756536,281,8,1461550556,1,362430857
1717881181894678,757139,281,8,1461703434,1,362583735
1717881182050811,757742,281,8,1461859566,1,362739867
1717881182206799,758400,281,8,1462015554,1,362895855
1717881182309965,758839,281,8,1462118663,1,362998964
1717881182462850,759497,281,8,1462271605,1,363151906
1717881182618969,760100,281,8,1462427666,1,363307967
1717881182770927,760703,337,8,1462579682,1,363459983
1717881182977697,761581,337,8,1462786452,1,363666753
1717881183082770,761964,337,8,1462891526,1,363771827
1717881183240006,762732,337,8,1463048761,1,363929062
1717881183393172,763390,337,8,1463201866,1,364082167
1717881183546116,763884,337,8,1463354865,1,364235166
1717881183648167,764322,337,8,1463456895,1,364337196
1717881183800148,764926,337,8,1463608895,1,364489196
1717881183957801,765474,281,8,1463766557,1,364646858
1717881184109663,766022,281,8,1463918418,1,364798719
1717881184261743,766571,281,8,1464070499,1,364950800
1717881184422815,767174,281,8,1464231565,1,365111866
1717881184525939,767503,281,8,1464334636,1,365214937
1717881184679719,768051,281,8,1464488475,1,365368776
1717881184837685,768599,281,8,1464646430,1,365526731
1717881184989919,769093,281,8,1464798632,1,365678933
1717881185142805,769586,281,8,1464951560,1,365831861
1717881185245848,769915,337,8,1465054544,1,365934845
1717881185450792,770573,337,8,1465259547,1,366139848
1717881185653674,771341,337,8,1465462434,1,366342735
1717881185805665,771780,337,8,1465614421,1,366494722
1717881185957714,772273,281,8,1465766465,1,366646766
1717881186057803,772602,337,8,1465866558,1,366746859
1717881186209796,773096,337,8,1466018552,1,366898853
1717881186413789,773754,337,4,1466222546,0,367102847
1717881186514972,773754,337,4,1466323682,0,367203983
1717881186671691,773480,337,4,1466480450,0,367360751
1717881186823676,773370,337,4,1466632434,0,367512735
1717881186976690,773315,337,4,1466785448,0,367665749
1717881187077870,773260,337,4,1466886616,0,367766917
1717881187230800,773151,337,4,1467039558,0,367919859
1717881187391012,773151,393,4,1467199770,0,368080071
1717881187543666,773151,337,4,1467352424,0,368232725
1717881187695723,773151,337,4,1467504477,0,368384778
1717881187797949,773096,337,4,1467606655,0,368486956
1717881187959797,773151,393,4,1467768554,0,368648855
1717881188120796,773151,337,4,1467929554,0,368809855
1717881188227886,773151,337,4,1468036643,0,368916944
1717881188380676,773151,337,4,1468189434,0,369069735
1717881188531688,773151,337,4,1468340446,0,369220747
1717881188683689,773096,337,4,1468492447,0,369372748
1717881188886769,773151,337,4,1468695473,0,369575774
1717881188988723,773151,337,4,1468797480,0,369677781
1717881189144852,773151,337,4,1468953562,0,369833863
1717881189246857,773205,337,4,1469055614,0,369935915
1717881189407956,773151,337,4,1469216660,0,370096961
1717881189566212,773151,337,4,1469374963,0,370255264
1717881189718697,773205,337,4,1469527455,0,370407756
1717881189871795,773205,337,4,1469680554,0,370560855
1717881190024938,773260,337,4,1469833662,0,370713963
1717881190177720,773205,337,4,1469986477,0,370866778
1717881190380794,773315,337,4,1470189515,0,371069816
1717881190533803,773260,337,4,1470342560,0,371222861
1717881190690700,773260,337,4,1470499457,0,371379758
1717881190796990,773260,337,4,1470605699,0,371486000
1717881190950683,773315,337,4,1470759440,0,371639741
1717881191107704,773315,337,4,1470916463,0,371796764
1717881191213950,773315,337,4,1471022689,0,371902990
1717881191367794,773315,337,4,1471176552,0,372056853
1717881191520677,773315,337,4,1471329434,0,372209735
1717881191677695,773370,281,4,1471486453,0,372366754
1717881191833795,773370,281,4,1471642554,0,372522855
1717881191991140,773370,281,4,1471799887,0,372680188
1717881192093085,773370,281,4,1471901835,0,372782136
1717881192246020,773370,281,4,1472054777,0,372935078
1717881192399158,773370,281,4,1472207884,0,373088185
1717881192551217,773370,337,4,1472359973,0,373240274
1717881192653789,773425,337,4,1472462509,0,373342810
1717881192813765,773425,281,4,1472622524,0,373502825
1717881192919927,773425,281,4,1472728638,0,373608939
1717881193076676,773425,337,4,1472885434,0,373765735
1717881193177798,773425,337,4,1472986556,0,373866857
1717881193382659,773425,337,4,1473191418,0,374071719
1717881193534856,773480,337,4,1473343586,0,374223887
1717881193637689,773096,281,27,1473446444,2,374326745
1717881193849811,769477,281,27,1473658565,2,374538866
1717881194001812,766735,281,27,1473810564,2,374690865
1717881194155850,764158,281,27,1473964558,2,374844859
1717881194258837,762348,281,27,1474067541,2,374947842
1717881194412731,759716,281,27,1474221485,2,375101786
1717881194568795,757139,281,27,1474377502,2,375257803
1717881194723394,753794,281,27,1474532103,2,375412404
1717881194876167,751327,281,27,1474684885,2,375565186
1717881195029152,748969,281,27,1474837906,2,375718207
1717881195181676,746611,281,27,1474990430,2,375870731
1717881195338753,744473,281,27,1475147503,2,376027804
1717881195441703,743047,281,27,1475250457,2,376130758
1717881195597680,740909,281,27,1475406434,2,376286735
1717881195750871,738989,281,27,1475559596,2,376439897
1717881195903680,737180,337,27,1475712435,2,376592736
1717881196003953,736083,281,27,1475812665,2,376692966
1717881196160805,734712,281,27,1475969504,2,376849805
1717881196313874,733451,281,27,1476122581,2,377002882
1717881196416956,732738,281,27,1476225660,2,377105961
1717881196569703,731916,281,27,1476378458,2,377258759
1717881196722674,731258,281,27,1476531429,2,377411730
1717881196874694,730709,281,27,1476683449,2,377563750
1717881197031686,730161,281,27,1476840440,2,377720741
1717881197183803,729668,281,27,1476992557,2,377872858
1717881197284989,729284,281,27,1477093697,2,377973998
1717881197436950,728626,225,27,1477245656,2,378125957
1717881197588741,727913,225,27,1477397484,2,378277785
1717881197740679,727145,225,27,1477549434,2,378429735
1717881197893728,726323,281,27,1477702482,2,378582783
1717881198045701,725445,281,27,1477854456,2,378734757
1717881198198802,724513,281,27,1478007556,2,378887857
1717881198350666,723526,281,27,1478159421,2,379039722
1717881198455807,722923,281,27,1478264561,2,379144862
1717881198612687,721991,281,4,1478421427,0,379301728
1717881198764795,722813,281,4,1478573552,0,379453853
1717881198916802,723581,281,4,1478725557,0,379605858
1717881199069803,724184,281,4,1478878559,0,379758860
1717881199170816,724568,281,4,1478979525,0,379859826
1717881199322810,724952,281,4,1479131569,0,380011870
1717881199480332,725391,281,4,1479289030,0,380169331
1717881199632724,725720,225,8,1479441479,1,380321780
1717881199785808,726926,281,8,1479594503,1,380474804
1717881199938731,728297,281,8,1479747482,1,380627783
1717881200040827,729174,225,8,1479849529,1,380729830
1717881200198688,730600,281,8,1480007443,1,380887744
1717881200349805,731971,281,8,1480158560,1,381038861
1717881200503662,733232,281,8,1480312418,1,381192719
1717881200605685,734109,281,8,1480414441,1,381294742
1717881200757959,735261,225,8,1480566652,1,381446953
1717881200914678,736138,225,8,1480723434,1,381603735
1717881201066804,737015,225,8,1480875559,1,381755860
1717881201218784,737893,225,8,1481027538,1,381907839
1717881201374805,738660,225,8,1481183560,1,382063861
1717881201526810,739483,225,8,1481335564,1,382215865
1717881201631970,739976,225,8,1481440678,1,382320979
1717881201783804,740689,225,8,1481592559,1,382472860
1717881201936662,741457,225,8,1481745418,1,382625719
1717881202038730,741895,225,8,1481847484,1,382727785
1717881202199807,742608,225,8,1482008562,1,382888863
1717881202355803,743321,281,8,1482164558,1,383044859
1717881202513156,744198,225,8,1482321907,1,383202208
1717881202666037,744802,281,8,1482474793,1,383355094
1717881202819337,745460,281,8,1482628046,1,383508347
1717881202922879,745898,281,8,1482731596,1,383611897
1717881203081805,746611,281,8,1482890560,1,383770861
1717881203238845,747214,281,8,1483047550,1,383927851
1717881203341942,747708,281,8,1483150697,1,384030998
1717881203499662,748311,281,8,1483308418,1,384188719
1717881203657803,748969,225,8,1483466558,1,384346859
1717881203809799,749682,225,8,1483618554,1,384498855
1717881203961694,750395,225,8,1483770450,1,384650751
1717881204063808,750833,225,8,1483872528,1,384752829
1717881204216678,751491,225,8,1484025434,1,384905735
1717881204368808,752149,225,8,1484177563,1,385057864
1717881204469965,752533,225,8,1484278667,1,385158968
1717881204623745,753246,225,8,1484432501,1,385312802
1717881204776771,753904,225,8,1484585527,1,385465828
1717881204934812,754562,225,8,1484743560,1,385623861
1717881205088879,755165,225,8,1484897592,1,385777893
1717881205243144,755988,225,8,1485051888,1,385932189
1717881205396123,756591,225,8,1485204869,1,386085170
1717881205498237,757030,225,8,1485306978,1,386187279
1717881205651403,757633,225,8,1485460136,1,386340437
1717881205804685,758236,225,8,1485613441,1,386493742
1717881205955730,758839,225,8,1485764485,1,386644786
1717881206108670,759442,225,8,1485917427,1,386797728
1717881206210910,759826,225,8,1486019619,1,386899920
1717881206362979,760374,168,8,1486171680,1,387051981
1717881206575803,761252,225,8,1486384558,1,387264859
1717881206677746,761526,168,8,1486486498,1,387366799
1717881206882671,762403,168,8,1486691421,1,387571722
1717881207037831,762952,168,8,1486846586,1,387726887
1717881207139807,763390,168,8,1486948561,1,387828862
1717881207347851,764158,168,8,1487156573,1,388036874
1717881207503948,764761,225,8,1487312658,1,388192959
1717881207660674,765254,225,8,1487469430,1,388349731
1717881207812810,765803,225,8,1487621561,1,388501862
1717881207966739,766351,168,8,1487775494,1,388655795
1717881208119678,766899,168,8,1487928434,1,388808735
1717881208272678,767393,168,8,1488081434,1,388961735
1717881208429011,768161,168,8,1488237766,1,389118067
1717881208531125,768435,168,8,1488339860,1,389220161
1717881208684156,768983,168,8,1488492908,1,389373209
1717881208786193,769257,168,8,1488594901,1,389475202
1717881208939316,769806,168,8,1488748067,1,389628368
1717881209091103,770299,168,8,1488899843,1,389780144
1717881209248808,770793,168,8,1489057563,1,389937864
1717881209406678,771286,168,8,1489215434,1,390095735
1717881209567803,771670,168,4,1489376560,0,390256861
1717881209668938,771999,168,4,1489477649,0,390357950
1717881209821807,771780,225,4,1489630564,0,390510865
1717881209974848,771560,225,4,1489783561,0,390663862
1717881210081689,771506,225,4,1489890447,0,390770748
1717881210283798,771341,225,4,1490092556,0,390972857
1717881210384839,771341,225,4,1490193597,0,391073898
1717881210541835,771177,168,27,1490350589,2,391230890
1717881210697741,768380,225,27,1490506496,2,391386797
1717881210848791,765638,168,27,1490657544,2,391537845
1717881210954809,763829,225,27,1490763563,2,391643864
1717881211108671,761142,225,27,1490917419,2,391797720
1717881211260730,758620,225,27,1491069484,2,391949785
1717881211363125,755988,225,27,1491171853,2,392052154
1717881211516019,753465,225,27,1491324773,2,392205074
1717881211720153,750120,225,27,1491528905,2,392409206
1717881211873084,747708,225,27,1491681831,2,392562132
1717881212030807,745350,168,27,1491839560,2,392719861
1717881212188679,743157,225,27,1491997434,2,392877735
1717881212341683,740963,225,27,1492150438,2,393030739
1717881212443756,739702,225,27,1492252511,2,393132812
1717881212594831,737947,225,27,1492403537,2,393283838
1717881212746859,736193,225,27,1492555569,2,393435870
1717881212903663,734712,225,27,1492712418,2,393592719
1717881213055680,733341,168,27,1492864434,2,393744735
1717881213208804,732080,225,27,1493017559,2,393897860
1717881213309930,731367,225,27,1493118651,2,393998952
1717881213466679,730271,225,27,1493275434,2,394155735
1717881213621697,729229,225,27,1493430450,2,394310751
1717881213722929,728626,225,27,1493531658,2,394411959
1717881213875679,727858,168,27,1493684434,2,394564735
1717881214028802,727090,225,27,1493837555,2,394717856
1717881214180824,726378,225,27,1493989554,2,394869855
1717881214282707,725884,225,27,1494091462,2,394971763
1717881214433664,725281,225,27,1494242418,2,395122719
1717881214586669,724623,225,27,1494395424,2,395275725
1717881214738664,724075,225,27,1494547418,2,395427719
1717881214891813,723417,225,27,1494700566,2,395580867
1717881214994852,722978,168,27,1494803606,2,395683907
1717881215150954,722210,168,27,1494959663,2,395839964
1717881215305664,721443,225,27,1495114419,2,395994720
1717881215457660,720620,225,4,1495266418,0,396146719
1717881215610712,720785,225,4,1495419469,0,396299770
1717881215764020,722046,168,4,1495572779,0,396453080
1717881215917162,722649,168,4,1495725883,0,396606184
1717881216070025,723088,168,4,1495878782,0,396759083
1717881216223141,723417,168,4,1496031888,0,396912189
1717881216381877,723691,168,4,1496190579,0,397070880
1717881216534660,723965,168,4,1496343419,0,397223720
1717881216637971,724184,168,4,1496446684,0,397326985
1717881216789965,724404,168,4,1496598673,0,397478974
1717881216942742,724623,168,4,1496751500,0,397631801
1717881217104677,724733,112,4,1496913436,0,397793737
1717881217207869,724897,168,4,1497016626,0,397896927
1717881217367942,725062,168,8,1497176653,1,398056954
1717881217521673,725994,168,8,1497330430,1,398210731
1717881217674678,727365,168,8,1497483434,1,398363735
1717881217831678,728681,168,8,1497640434,1,398520735
1717881217933724,729503,168,8,1497742478,1,398622779
1717881218091154,731422,112,8,1497899889,1,398780190
1717881218244023,732574,168,8,1498052776,1,398933077
1717881218397151,733616,168,8,1498205905,1,399086206
1717881218550007,734548,168,8,1498358761,1,399239062
1717881218703693,735370,168,8,1498512448,1,399392749
1717881218856726,736193,168,8,1498665481,1,399545782
1717881219009683,736906,168,8,1498818439,1,399698740
1717881219114892,737454,168,8,1498923611,1,399803912
1717881219267704,738276,168,8,1499076459,1,399956760
1717881219420662,738934,168,8,1499229418,1,400109719
1717881219577791,739647,168,8,1499386546,1,400266847
1717881219728864,740360,168,8,1499537611,1,400417912
1717881219834827,740854,168,8,1499643582,1,400523883
1717881219995816,741512,168,8,1499804568,1,400684869
1717881220147843,742170,168,8,1499956542,1,400836843
1717881220250812,742553,168,8,1500059567,1,400939868
1717881220408992,743102,168,8,1500217747,1,401098048
1717881220561809,743760,168,8,1500370565,1,401250866
1717881220714679,744418,168,8,1500523434,1,401403735
1717881220873038,745350,168,8,1500681792,1,401562093
1717881221026016,746008,168,8,1500834771,1,401715072
1717881221128179,746447,168,8,1500936900,1,401817201
1717881221281347,747105,168,8,1501090100,1,401970401
1717881221433152,747817,225,8,1501241905,1,402122206
1717881221590813,748421,225,8,1501399567,1,402279868
1717881221692804,748914,225,8,1501501559,1,402381860
1717881221849924,749517,225,8,1501658640,1,402538941
1717881222006678,750120,225,8,1501815434,1,402695735
1717881222158818,750778,225,8,1501967559,1,402847860
1717881222316805,751382,225,8,1502125560,1,403005861
1717881222469678,752040,225,8,1502278434,1,403158735
1717881222623662,752643,225,8,1502432418,1,403312719
1717881222776678,753191,225,8,1502585434,1,403465735
1717881222928669,753849,225,8,1502737422,1,403617723
1717881223080678,754398,168,8,1502889434,1,403769735
1717881223233806,755001,168,8,1503042561,1,403922862
1717881223386663,755549,168,8,1503195419,1,404075720
1717881223487801,755988,168,8,1503296556,1,404176857
1717881223640808,756536,168,8,1503449562,1,404329863
1717881223799697,757139,168,8,1503608452,1,404488753
1717881223951665,757688,168,8,1503760421,1,404640722
1717881224104811,758236,168,8,1503913566,1,404793867
1717881224262304,758949,168,8,1504071055,1,404951356
1717881224364288,759333,168,8,1504173041,1,405053342
1717881224517183,759881,168,8,1504325900,1,405206201
1717881224670010,760429,168,8,1504478765,1,405359066
1717881224822725,760978,168,8,1504631480,1,405511781
1717881224975811,761471,168,8,1504784506,1,405664807
1717881225128671,762019,225,8,1504937427,1,405817728
1717881225289667,762623,168,8,1505098420,1,405978721
1717881225390755,762952,168,8,1505199510,1,406079811
1717881225543692,763445,168,8,1505352448,1,406232749
1717881225696731,763993,168,8,1505505486,1,406385787
1717881225849813,764432,168,8,1505658513,1,406538814
1717881226001772,764980,168,8,1505810526,1,406690827
1717881226154733,765419,168,8,1505963489,1,406843790
1717881226307679,765912,168,8,1506116434,1,406996735
1717881226460796,766351,168,8,1506269551,1,407149852
1717881226562930,766735,168,8,1506371661,1,407251962
1717881226715851,767174,168,8,1506524549,1,407404850
1717881226869951,767612,168,8,1506678663,1,407558964
1717881227022968,768106,112,8,1506831692,1,407711993
1717881227176807,768599,168,8,1506985561,1,407865862
1717881227329702,769038,168,4,1507138460,0,408018761
1717881227486676,769202,168,4,1507295434,0,408175735
1717881227642676,768928,168,4,1507451434,0,408331735
1717881227795676,768764,168,4,1507604434,0,408484735
1717881227947676,768654,168,4,1507756434,0,408636735
1717881228099799,768599,168,4,1507908556,0,408788857
1717881228252698,768435,168,27,1508061447,2,408941748
1717881228404854,765748,168,27,1508213556,2,409093857
1717881228558691,763006,168,27,1508367446,2,409247747
1717881228659813,761252,168,27,1508468567,2,409348868
1717881228810670,758455,112,27,1508619425,2,409499726
1717881228962915,755878,112,27,1508771654,2,409651955
1717881229116705,753301,112,27,1508925460,2,409805761
1717881229269358,749901,112,27,1509078048,2,409958349
1717881229422034,747434,112,27,1509230789,2,410111090
1717881229524183,745789,112,27,1509332894,2,410213195
1717881229728303,742553,112,27,1509537034,2,410417335
1717881229830182,741128,112,27,1509638893,2,410519194
1717881229982183,738934,112,27,1509790900,2,410671201
1717881230139685,736906,112,27,1509948439,2,410828740
1717881230292684,734932,112,27,1510101439,2,410981740
1717881230443803,733232,168,27,1510252556,2,411132857
1717881230600663,731751,168,27,1510409418,2,411289719
1717881230756679,730545,168,27,1510565434,2,411445735
1717881230857753,729777,168,27,1510666508,2,411546809
1717881231010679,728735,112,27,1510819434,2,411699735
1717881231166679,727803,112,27,1510975434,2,411855735
1717881231272957,727200,112,27,1511081664,2,411961965
1717881231430663,726378,112,27,1511239418,2,412119719
1717881231583803,725555,112,27,1511392555,2,412272856
1717881231737682,724787,112,27,1511546437,2,412426738
1717881231839839,724294,112,27,1511648543,2,412528844
1717881231990915,723636,112,27,1511799629,2,412679930
1717881232148679,722923,112,27,1511957434,2,412837735
1717881232304021,722046,112,27,1512112774,2,412993075
1717881232457156,721388,168,27,1512265910,2,413146211
1717881232610013,720730,168,27,1512418765,2,413299066
1717881232763147,720072,168,27,1512571894,2,413452195
1717881232865818,719523,168,27,1512674573,2,413554874
1717881233022970,718811,168,27,1512831678,2,413711979
1717881233175716,718043,112,4,1512984474,0,413864775
1717881233329665,718756,112,4,1513138423,0,414018724
1717881233486699,719798,112,4,1513295457,0,414175758
1717881233637661,720456,112,4,1513446420,0,414326721
1717881233789803,720949,112,4,1513598560,0,414478861
1717881233946712,721388,112,4,1513755469,0,414635770
1717881234046853,721607,56,4,1513855610,0,414735911
1717881234199800,721936,112,4,1514008556,0,414888857
1717881234301862,722101,112,4,1514110586,0,414990887
1717881234454678,722320,56,4,1514263437,0,415143738
1717881234657803,722594,56,4,1514466560,0,415346861
1717881234759812,722704,112,8,1514568529,1,415448830
1717881234912823,723691,112,8,1514721577,1,415601878
1717881235070663,725007,112,8,1514879418,1,415759719
1717881235223794,726103,112,8,1515032549,1,415912850
1717881235376811,727474,112,8,1515185566,1,416065867
1717881235529664,728735,112,8,1515338420,1,416218721
1717881235681809,729942,112,8,1515490564,1,416370865
1717881235783701,730600,112,8,1515592456,1,416472757
1717881235937818,731477,112,8,1515746518,1,416626819
1717881236039811,731971,112,8,1515848566,1,416728867
1717881236193819,732738,112,8,1516002534,1,416882835
1717881236347822,733561,112,8,1516156564,1,417036865
1717881236502993,734548,56,8,1516311747,1,417192048
1717881236656199,735261,56,8,1516464936,1,417345237
1717881236809133,735919,56,8,1516617870,1,417498171
1717881236911151,736412,56,8,1516719871,1,417600172
1717881237064745,737070,112,8,1516873502,1,417753803
1717881237225678,737783,112,8,1517034434,1,417914735
1717881237377814,738386,112,8,1517186564,1,418066865
1717881237534804,738989,112,8,1517343559,1,418223860
1717881237691890,739538,112,8,1517500631,1,418380932
1717881237797802,739976,112,8,1517606557,1,418486858
1717881237950711,740579,112,8,1517759466,1,418639767
1717881238101724,741237,112,8,1517910479,1,418790780
1717881238254793,741841,112,8,1518063549,1,418943850
1717881238410802,742553,112,8,1518219557,1,419099858
1717881238567678,743157,112,8,1518376434,1,419256735
1717881238721904,743815,112,8,1518530643,1,419410944
1717881238874679,744473,112,8,1518683436,1,419563737
1717881239027695,745076,112,8,1518836451,1,419716752
1717881239127990,745460,112,8,1518936698,1,419816999
1717881239281803,746118,112,8,1519090558,1,419970859
1717881239433662,746776,112,8,1519242418,1,420122719
1717881239535818,747160,112,8,1519344573,1,420224874
1717881239693243,748037,56,8,1519501978,1,420382279
1717881239845724,748585,56,8,1519654478,1,420534779
1717881240002688,749243,112,8,1519811444,1,420691745
1717881240155772,749791,112,8,1519964528,1,420844829
1717881240311809,750395,112,8,1520120564,1,421000865
1717881240464668,750998,112,8,1520273419,1,421153720
1717881240621825,751601,112,8,1520430580,1,421310881
1717881240723810,752040,112,8,1520532565,1,421412866
1717881240876678,752588,112,8,1520685434,1,421565735
1717881241032692,753191,112,8,1520841448,1,421721749
1717881241234808,753959,112,8,1521043563,1,421923864
1717881241391851,754452,112,8,1521200559,1,422080860
1717881241545795,755056,56,8,1521354550,1,422234851
1717881241647814,755385,56,8,1521456570,1,422336871
1717881241804679,755933,56,8,1521613434,1,422493735
1717881241958678,756481,56,8,1521767434,1,422647735
1717881242110678,756975,56,8,1521919434,1,422799735
1717881242262805,757578,56,8,1522071559,1,422951860
1717881242367807,757962,56,8,1522176562,1,423056863
1717881242522012,758674,56,8,1522330767,1,423211068
1717881242675028,759168,112,8,1522483783,1,423364084
1717881242828141,759716,56,8,1522636867,1,423517168
1717881242981011,760210,56,8,1522789766,1,423670067
1717881243133727,760703,56,8,1522942482,1,423822783
1717881243286727,761197,56,8,1523095481,1,423975782
1717881243388771,761526,56,8,1523197496,1,424077797
1717881243544981,762019,56,8,1523353688,1,424233989
1717881243698726,762513,56,8,1523507481,1,424387782
1717881243849869,763006,56,8,1523658577,1,424538878
1717881244007708,763445,56,8,1523816462,1,424696763
1717881244108894,763829,56,8,1523917649,1,424797950
1717881244266745,764268,56,8,1524075501,1,424955802
1717881244423684,764761,56,8,1524232439,1,425112740
1717881244575667,765200,56,8,1524384422,1,425264723
1717881244678803,765529,56,4,1524487561,0,425367862
1717881244830937,765912,56,4,1524639643,0,425519944
1717881245033664,765529,56,4,1524842423,0,425722724
1717881245187723,765364,56,4,1524996480,0,425876781
1717881245292798,765254,56,4,1525101555,0,425981856
1717881245448771,765200,56,4,1525257528,0,426137829
1717881245605685,765145,0,4,1525414444,0,426294745
1717881245757664,765090,56,4,1525566420,0,426446721
1717881245914212,764980,56,4,1525722916,0,426603217
1717881246016040,764980,56,4,1525824797,0,426705098
1717881246168001,764980,56,4,1525976760,0,426857061
1717881246320079,764926,56,4,1526128831,0,427009132
1717881246471808,764213,0,27,1526280548,2,427160849
1717881246623726,761471,56,27,1526432480,2,427312781
1717881246775032,758729,56,27,1526583787,2,427464088
1717881246926993,755933,56,27,1526735747,2,427616048
1717881247078670,753411,56,27,1526887424,2,427767725
1717881247230668,750669,0,27,1527039423,2,427919724
1717881247382175,748147,0,27,1527190893,2,428071194
1717881247535670,745569,0,27,1527344424,2,428224725
1717881247636716,743924,0,27,1527445470,2,428325771
1717881247793663,741402,0,27,1527602418,2,428482719
1717881247944763,739044,56,27,1527753473,2,428633774
1717881248097809,736741,0,27,1527906563,2,428786864
1717881248198986,735261,0,27,1528007690,2,428887991
1717881248354815,733232,0,27,1528163568,2,429043869
1717881248514907,731258,0,27,1528323653,2,429203954
1717881248666814,729613,0,27,1528475568,2,429355869
1717881248768886,728681,0,27,1528577640,2,429457941
1717881248920773,727145,56,27,1528729526,2,429609827
1717881249073808,725939,56,27,1528882561,2,429762862
1717881249224803,724842,56,27,1529033557,2,429913858
1717881249325731,724129,0,27,1529134486,2,430014787
1717881249477900,723197,0,27,1529286623,2,430166924
1717881249630663,722375,0,27,1529439418,2,430319719
1717881249732891,721936,0,27,1529541619,2,430421920
1717881249936811,721004,0,27,1529745565,2,430625866
1717881250089668,720565,56,27,1529898419,2,430778720
1717881250190802,720181,56,27,1529999526,2,430879827
1717881250398664,719688,0,27,1530207419,2,431087720
1717881250503820,719469,0,27,1530312573,2,431192874
1717881250658730,719085,0,27,1530467484,2,431347785
1717881250811868,718591,0,27,1530620574,2,431500875
1717881250964804,717988,0,27,1530773558,2,431653859
1717881251117690,717330,0,27,1530926445,2,431806746
1717881251274235,716398,0,27,1531082985,2,431963286
1717881251426998,715795,0,4,1531235754,0,432116055
1717881251579979,716946,0,4,1531388736,0,432269037
1717881251732677,717769,0,4,1531541436,0,432421737
1717881251884002,718317,56,4,1531692759,0,432573060
1717881252041827,718756,56,4,1531850584,0,432730885
1717881252193748,719140,56,4,1532002503,0,432882804
1717881252294804,719304,56,4,1532103562,0,432983863
1717881252451798,719578,56,4,1532260555,0,433140856
1717881252616676,719798,0,4,1532425434,0,433305735
1717881252767680,720072,0,4,1532576438,0,433456739
1717881252918785,720236,0,4,1532727543,0,433607844
1717881253023888,720346,0,4,1532832646,0,433712947
1717881253226805,720510,0,4,1533035563,0,433915864
1717881253327952,720620,0,4,1533136673,0,434016974
1717881253481871,720785,0,4,1533290577,0,434170878
1717881253639676,720894,0,4,1533448434,0,434328735
1717881253794688,721059,0,4,1533603446,0,434483747
1717881253895722,721114,0,4,1533704480,0,434584781
1717881254052660,721223,0,4,1533861419,0,434741720
1717881254205665,721443,0,4,1534014419,0,434894720
1717881254358977,721552,0,4,1534167735,0,435048036
1717881254511985,721772,0,8,1534320740,1,435201041
1717881254614131,722375,0,8,1534422862,1,435303163
1717881254767045,723691,0,8,1534575800,1,435456101
1717881254919074,724952,0,8,1534727827,1,435608128
1717881255080804,726378,0,8,1534889559,1,435769860
1717881255190807,727310,0,8,1534999561,1,435879862
1717881255350828,728681,0,8,1535159583,1,436039884
1717881255507697,729887,0,8,1535316453,1,436196754
1717881255659701,731038,0,8,1535468456,1,436348757
1717881255815668,731861,0,8,1535624425,1,436504726
1717881255967803,732683,0,8,1535776558,1,436656859
1717881256123804,733341,0,8,1535932559,1,436812860
1717881256225965,733835,56,8,1536034683,1,436914984
1717881256377730,734603,56,8,1536186485,1,437066786
1717881256535139,735535,56,8,1536343870,1,437224171
1717881256688046,736138,0,8,1536496750,1,437377051
1717881256841021,736741,0,8,1536649772,1,437530073
1717881256993695,737344,0,8,1536802447,1,437682748
1717881257099910,737728,0,8,1536908665,1,437788966
1717881257252786,738222,0,8,1537061500,1,437941801
1717881257405977,738770,0,8,1537214677,1,438094978
1717881257613697,739373,0,8,1537422453,1,438302754
1717881257765770,739867,0,8,1537574525,1,438454826
1717881257867786,740250,0,8,1537676521,1,438556822
1717881258019945,740744,-56,8,1537828660,1,438708961
1717881258222812,741512,0,8,1538031567,1,438911868
1717881258380804,742115,0,8,1538189559,1,439069860
1717881258541692,742718,0,8,1538350448,1,439230749
1717881258641917,743102,0,8,1538450613,1,439330914
1717881258793937,743650,0,8,1538602645,1,439482946
1717881258950726,744363,0,8,1538759481,1,439639782
1717881259106678,744911,0,8,1538915434,1,439795735
1717881259262678,745460,0,8,1539071434,1,439951735
1717881259419972,746227,0,8,1539228727,1,440109028
1717881259577678,746885,0,8,1539386434,1,440266735
1717881259733685,747488,0,8,1539542440,1,440422741
1717881259885697,747982,0,8,1539694452,1,440574753
1717881260037662,748585,0,8,1539846418,1,440726719
1717881260198666,749133,56,8,1540007420,1,440887721
1717881260351663,749791,56,8,1540160419,1,441040720
1717881260451745,750120,56,8,1540260500,1,441140801
1717881260604733,750669,56,8,1540413488,1,441293789
1717881260756732,751272,56,8,1540565487,1,441445788
1717881260913859,751765,0,8,1540722614,1,441602915
1717881261071808,752369,0,8,1540880562,1,441760863
1717881261171960,752753,0,8,1540980669,1,441860970
1717881261324666,753246,0,8,1541133422,1,442013723
1717881261475679,753794,0,8,1541284434,1,442164735
1717881261632678,754343,0,8,1541441434,1,442321735
1717881261786784,754891,-56,8,1541595539,1,442475840
1717881261947999,755604,0,8,1541756754,1,442637055
1717881262100980,756097,0,8,1541909735,1,442790036
1717881262202844,756481,0,8,1542011554,1,442891855
1717881262359683,756975,0,8,1542168439,1,443048740
1717881262510771,757468,0,8,1542319527,1,443199828
1717881262666686,757962,0,8,1542475442,1,443355743
1717881262822662,758455,0,8,1542631418,1,443511719
1717881262974811,758949,0,8,1542783566,1,443663867
1717881263080852,759223,0,8,1542889549,1,443769850
1717881263241801,759716,0,8,1543050556,1,443930857
1717881263397873,760210,0,8,1543206628,1,444086929
1717881263548875,760703,0,8,1543357590,1,444237891
1717881263707799,761087,0,8,1543516554,1,444396855
1717881263818029,761581,0,8,1543626784,1,444507085
1717881263970978,762019,0,8,1543779733,1,444660034
1717881264123981,762458,0,8,1543932736,1,444813037
1717881264275979,762952,0,8,1544084734,1,444965035
1717881264428018,763390,-56,4,1544236776,0,445117077
1717881264581722,763609,-56,4,1544390479,0,445270780
1717881264687743,763281,-56,4,1544496501,0,445376802
1717881264843678,763116,-56,4,1544652435,0,445532736
1717881264996701,762952,-56,4,1544805458,0,445685759
1717881265148811,762842,-56,4,1544957556,0,445837857
1717881265302794,762732,-56,4,1545111552,0,445991853
1717881265405953,762677,-56,4,1545214679,0,446094980
1717881265562796,762623,-56,4,1545371554,0,446251855
1717881265719862,762568,-56,4,1545528619,0,446408920
1717881265871676,762513,-56,4,1545680434,0,446560735
1717881266027806,762513,-56,4,1545836559,0,446716860
1717881266179885,762513,-56,4,1545988591,0,446868892
1717881266332786,762458,-56,4,1546141544,0,447021845
1717881266484695,762458,-56,4,1546293453,0,447173754
1717881266636674,762458,0,4,1546445433,0,447325734
1717881266796708,762403,-56,4,1546605465,0,447485766
1717881266998700,762458,-56,4,1546807457,0,447687758
1717881267156137,762403,-56,4,1546964886,0,447845187
1717881267309054,762348,-56,4,1547117811,0,447998112
1717881267462105,762403,-56,4,1547270813,0,448151114
1717881267614718,762348,0,4,1547423475,0,448303776
1717881267771750,762348,0,4,1547580503,0,448460804
1717881267876788,762348,0,4,1547685546,0,448565847
1717881268028750,761855,0,27,1547837505,2,448717806
1717881268188814,759058,0,27,1547997563,2,448877864
1717881268294702,757249,0,27,1548103457,2,448983758
1717881268445804,754452,0,27,1548254558,2,449134859
1717881268600701,751875,0,27,1548409455,2,449289756
1717881268754815,749079,0,27,1548563560,2,449443861
1717881268911701,746502,56,27,1548720455,2,449600756
1717881269012801,744802,0,27,1548821555,2,449701856
1717881269169717,742224,56,27,1548978472,2,449858773
1717881269322679,739702,56,27,1549131434,2,450011735
1717881269475669,737344,56,27,1549284424,2,450164725
1717881269627664,734932,0,27,1549436418,2,450316719
1717881269786112,731861,0,27,1549594860,2,450475161
1717881269888193,730490,0,27,1549696917,2,450577218
1717881270040985,728461,0,27,1549849737,2,450730038
1717881270194071,726652,0,27,1550002806,2,450883107
1717881270346707,725007,0,27,1550155462,2,451035763
1717881270507804,723581,0,27,1550316558,2,451196859
1717881270661797,722265,-56,27,1550470504,2,451350805
1717881270764670,721552,-56,27,1550573424,2,451453725
1717881270917679,720565,-56,27,1550726434,2,451606735
1717881271070699,719688,-56,27,1550879453,2,451759754
1717881271222795,718975,-56,27,1551031548,2,451911849
1717881271328985,718591,0,27,1551137694,2,452017995
1717881271481809,718043,0,27,1551290558,2,452170859
1717881271637677,717604,0,27,1551446432,2,452326733
1717881271738805,717440,0,27,1551547559,2,452427860
1717881271899813,717220,0,27,1551708567,2,452588868
1717881272001734,717111,0,27,1551810488,2,452690789
1717881272152810,716946,0,27,1551961565,2,452841866
1717881272303705,716782,0,27,1552112459,2,452992760
1717881272455680,716453,0,27,1552264435,2,453144736
1717881272607703,715904,0,27,1552416457,2,453296758
1717881272713806,715521,0,27,1552522560,2,453402861
1717881272867711,714753,0,27,1552676446,2,453556747
1717881273025038,714369,0,4,1552833795,0,453714096
1717881273127359,715082,-56,4,1552936091,0,453816392
1717881273280122,715904,-56,4,1553088860,0,453969161
1717881273437803,716398,-56,4,1553246560,0,454126861
1717881273539690,716727,-56,4,1553348449,0,454228750
1717881273691659,717056,-56,4,1553500418,0,454380719
1717881273845821,717330,0,4,1553654577,0,454534878
1717881273996802,717604,0,4,1553805558,0,454685859
1717881274153659,717824,0,4,1553962418,0,454842719
1717881274310802,718043,0,4,1554119559,0,454999860
1717881274467706,718317,0,8,1554276461,1,455156762
1717881274568754,719085,0,8,1554377499,1,455257800
1717881274721724,720346,0,8,1554530480,1,455410781
1717881274874678,721717,0,8,1554683434,1,455563735
1717881275026795,723033,0,8,1554835550,1,455715851
1717881275127863,723855,0,8,1554936617,1,455816918
1717881275284805,725007,0,8,1555093560,1,455973861
1717881275441725,726158,0,8,1555250480,1,456130781
1717881275598683,727090,0,8,1555407440,1,456287741
1717881275698817,727529,0,8,1555507572,1,456387873
1717881275856057,728571,0,8,1555664810,1,456545111
1717881276008990,729229,56,8,1555817744,1,456698045
1717881276162062,729942,56,8,1555970817,1,456851118
1717881276315685,730600,56,8,1556124441,1,457004742
1717881276472806,731258,56,8,1556281561,1,457161862
1717881276628875,731861,56,8,1556437570,1,457317871
1717881276732752,732300,56,8,1556541508,1,457421809
1717881276888666,732903,56,8,1556697422,1,457577723
1717881277039678,733506,0,8,1556848434,1,457728735
1717881277190928,734109,0,8,1556999656,1,457879957
1717881277342663,734603,0,8,1557151419,1,458031720
1717881277444798,734986,-56,8,1557253512,1,458133813
1717881277596888,735535,-56,8,1557405643,1,458285944
1717881277748745,736028,-56,8,1557557501,1,458437802
1717881277900803,736631,-56,8,1557709558,1,458589859
1717881278051711,737235,-56,8,1557860467,1,458740768
1717881278207805,737838,-56,8,1558016560,1,458896861
1717881278364811,738386,-56,8,1558173566,1,459053867
1717881278465936,738770,-56,8,1558274648,1,459154949
1717881278619824,739428,-56,8,1558428543,1,459308844
1717881278774989,740031,-56,8,1558583698,1,459463999
1717881278927682,740579,-56,8,1558736438,1,459616739
1717881279084664,741237,-56,8,1558893420,1,459773721
1717881279237801,741786,-56,8,1559046555,1,459926856
1717881279390811,742389,-56,8,1559199566,1,460079867
1717881279491955,742718,-56,8,1559300657,1,460180958
1717881279643761,743266,-56,8,1559452468,1,460332769
1717881279799670,743870,-56,8,1559608419,1,460488720
1717881279953157,744637,-56,8,1559761881,1,460642182
1717881280055262,745021,-56,8,1559863990,1,460744291
1717881280208418,745569,-56,8,1560017115,1,460897416
1717881280361093,746227,-56,8,1560169836,1,461050137
1717881280513122,746721,0,8,1560321866,1,461202167
1717881280615809,747105,0,8,1560424564,1,461304865
1717881280777722,747653,0,8,1560586478,1,461466779
1717881280929795,748311,0,8,1560738550,1,461618851
1717881281030968,748640,0,8,1560839678,1,461719979
1717881281184888,749243,-56,8,1560993613,1,461873914
1717881281336799,749737,0,8,1561145554,1,462025855
1717881281494679,750340,-56,8,1561303434,1,462183735
1717881281646794,750833,-56,8,1561455549,1,462335850
1717881281748799,751272,-56,8,1561557554,1,462437855
1717881281901726,751765,-56,8,1561710481,1,462590782
1717881282061729,752314,-56,8,1561870485,1,462750786
1717881282217890,752862,-56,8,1562026597,1,462906898
1717881282321927,753246,-56,8,1562130633,1,463010934
1717881282475803,753740,-56,8,1562284558,1,463164859
1717881282628873,754233,-56,8,1562437582,1,463317883
1717881282729951,754562,-56,8,1562538665,1,463418966
1717881282888122,755275,-56,8,1562696853,1,463577154
1717881283040996,755768,0,8,1562849746,1,463730047
1717881283194801,756207,0,8,1563003556,1,463883857
1717881283300803,756591,-56,8,1563109558,1,463989859
1717881283511811,757194,-56,8,1563320566,1,464200867
1717881283664811,757688,0,8,1563473566,1,464353867
1717881283766727,757962,0,8,1563575482,1,464455783
1717881283918888,758510,-56,8,1563727596,1,464607897
1717881284070792,758949,0,8,1563879547,1,464759848
1717881284172728,759223,-56,8,1563981483,1,464861784
1717881284325659,759661,0,4,1564134418,0,465014719
1717881284477801,759991,0,4,1564286557,0,465166858
1717881284629661,759661,0,4,1564438419,0,465318720
1717881284734924,759552,0,4,1564543636,0,465423937
1717881284938676,759333,0,4,1564747434,0,465627735
1717881285040716,759223,0,4,1564849473,0,465729774
1717881285246840,759113,0,4,1565055547,0,465935848
1717881285400702,758894,0,27,1565209456,2,466089757
1717881285552740,756152,0,27,1565361479,2,466241780
1717881285705726,753356,0,27,1565514480,2,466394781
1717881285861679,750614,0,27,1565670434,2,466550735
1717881286014679,747982,0,27,1565823434,2,466703735
1717881286166663,745350,-56,27,1565975418,2,466855719
1717881286317731,742663,-56,27,1566126485,2,467006786
1717881286469700,740196,-56,27,1566278454,2,467158755
1717881286621679,737619,-56,27,1566430434,2,467310735
1717881286724002,736028,-56,27,1566532736,2,467413037
1717881286882011,732903,-56,27,1566690764,2,467571065
1717881287035245,730600,-56,27,1566843947,2,467724248
1717881287188108,728461,-56,27,1566996843,2,467877144
1717881287341012,726487,-56,27,1567149765,2,468030066
1717881287494672,724842,-56,27,1567303424,2,468183725
1717881287596936,723800,-56,27,1567405640,2,468285941
1717881287750687,722539,-56,27,1567559441,2,468439742
1717881287902804,721443,-112,27,1567711559,2,468591860
1717881288055663,720565,-56,27,1567864418,2,468744719
1717881288156937,720017,-112,27,1567965656,2,468845957
1717881288309663,719359,-112,27,1568118418,2,468998719
1717881288462724,718920,-112,27,1568271477,2,469151778
1717881288616670,718482,-112,27,1568425421,2,469305722
1717881288768681,718043,-112,27,1568577436,2,469457737
1717881288926704,717659,-56,27,1568735456,2,469615757
1717881289028973,717440,-56,27,1568837666,2,469717967
1717881289180724,717001,-56,27,1568989478,2,469869779
1717881289334806,716562,-56,27,1569143560,2,470023861
1717881289491812,716014,-56,27,1569300563,2,470180864
1717881289645663,715411,-56,27,1569454418,2,470334719
1717881289797812,714753,-56,27,1569606565,2,470486866
1717881289903869,714314,-56,27,1569712623,2,470592924
1717881290056663,713601,-56,27,1569865418,2,470745719
1717881290213798,712834,-56,27,1570022552,2,470902853
1717881290371836,712011,-56,4,1570180593,0,471060894
1717881290474254,712943,-56,4,1570282973,0,471163274
1717881290627397,713821,-56,4,1570436117,0,471316418
1717881290780313,714424,-56,4,1570589013,0,471469314
1717881290933156,714863,-56,4,1570741881,0,471622182
1717881291090690,715192,-56,4,1570899448,0,471779749
1717881291247924,715521,-56,4,1571056646,0,471936947
1717881291350873,715685,-56,4,1571159594,0,472039895
1717881291507681,715904,-56,4,1571316440,0,472196741
1717881291659716,716069,-56,4,1571468474,0,472348775
1717881291812782,716288,-56,4,1571621539,0,472501840
1717881291965666,716453,-56,4,1571774419,0,472654720
1717881292067896,716562,-56,8,1571876614,1,472756915
1717881292218733,717111,-56,8,1572027488,1,472907789
1717881292370823,718372,-56,8,1572179548,1,473059849
1717881292523807,719578,-56,8,1572332562,1,473212863
1717881292676665,720839,-56,8,1572485421,1,473365722
1717881292829811,722046,-56,8,1572638566,1,473518867
1717881292931967,722978,-56,8,1572740670,1,473620971
1717881293135831,724294,-56,8,1572944585,1,473824886
1717881293288664,725171,-56,8,1573097420,1,473977721
1717881293440794,725939,-56,8,1573249549,1,474129850
1717881293593696,726597,-56,8,1573402452,1,474282753
1717881293694730,727090,-56,8,1573503485,1,474383786
1717881293845950,727694,-56,8,1573654675,1,474534976
1717881293999929,728406,-56,8,1573808637,1,474688938
1717881294154717,729064,-56,8,1573963473,1,474843774
1717881294308684,729722,-56,8,1574117440,1,474997741
1717881294460662,730326,-56,8,1574269418,1,475149719
1717881294614663,730929,-56,8,1574423419,1,475303720
1717881294716908,731313,-56,8,1574525615,1,475405916
1717881294870724,731916,-56,8,1574679480,1,475559781
1717881295028180,732629,-56,8,1574836935,1,475717236
1717881295181142,733177,-56,8,1574989890,1,475870191
1717881295283146,733506,-56,8,1575091885,1,475972186
1717881295444703,734164,-56,8,1575253459,1,476133760
1717881295601662,734712,-56,8,1575410418,1,476290719
1717881295758800,735315,-56,8,1575567555,1,476447856
1717881295859733,735699,-56,8,1575668488,1,476548789
1717881296012747,736302,-112,8,1575821502,1,476701803
1717881296166706,736851,-112,8,1575975462,1,476855763
1717881296327668,737454,-112,8,1576136419,1,477016720
1717881296480800,738002,-112,8,1576289555,1,477169856
1717881296642852,738605,-112,8,1576451552,1,477331853
1717881296746288,739209,-112,8,1576555043,1,477435344
1717881296899194,739812,-112,8,1576707911,1,477588212
1717881297052249,740360,-112,8,1576860998,1,477741299
1717881297205134,740963,-56,8,1577013862,1,477894163
1717881297362813,741512,-56,8,1577171568,1,478051869
1717881297464903,741950,-56,8,1577273601,1,478153902
1717881297621800,742553,-56,8,1577430555,1,478310856
1717881297830804,743266,-56,8,1577639559,1,478519860
1717881297987663,743815,-56,8,1577796419,1,478676720
1717881298139813,744418,-56,8,1577948568,1,478828869
1717881298291662,745021,-56,8,1578100418,1,478980719
1717881298446808,745624,-56,8,1578255563,1,479135864
1717881298547860,745898,-56,8,1578356555,1,479236856
1717881298700863,746556,-56,8,1578509578,1,479389879
1717881298903812,747269,-56,8,1578712565,1,479592866
1717881299056662,747817,-56,8,1578865418,1,479745719
1717881299208800,748311,-56,8,1579017555,1,479897856
1717881299310807,748695,-56,8,1579119562,1,479999863
1717881299462678,749188,-56,8,1579271434,1,480151735
1717881299614662,749627,-56,8,1579423418,1,480303719
1717881299766678,750120,-56,8,1579575434,1,480455735
1717881299918663,750614,-56,8,1579727418,1,480607719
1717881300071664,751108,-56,8,1579880419,1,480760720
1717881300172806,751436,-56,8,1579981561,1,480861862
1717881300325668,751875,-56,8,1580134424,1,481014725
1717881300477811,752369,-56,8,1580286566,1,481166867
1717881300582803,752698,-56,8,1580391558,1,481271859
1717881300733801,753191,-56,8,1580542556,1,481422857
1717881300884808,753685,-56,8,1580693563,1,481573864
1717881301047041,754343,-56,8,1580855795,1,481736096
1717881301200027,754781,-56,8,1581008783,1,481889084
1717881301302404,755110,-56,8,1581111096,1,481991397
1717881301455983,755604,-56,8,1581264688,1,482144989
1717881301660725,756207,-56,8,1581469480,1,482349781
1717881301813806,756701,-56,8,1581622561,1,482502862
1717881301915815,756975,-56,8,1581724570,1,482604871
1717881302073792,757413,-56,4,1581882549,0,482762850
1717881302226676,757578,-56,4,1582035434,0,482915735
1717881302382802,757194,-56,4,1582191556,0,483071857
1717881302534803,757030,-56,4,1582343560,0,483223861
1717881302635724,756975,-56,4,1582444481,0,483324782
1717881302792726,756865,-56,4,1582601485,0,483481786
1717881302948676,756701,-112,4,1582757434,0,483637735
1717881303101795,756646,-56,4,1582910553,0,483790854
1717881303253715,756591,-112,4,1583062474,0,483942775
1717881303359739,756591,-112,4,1583168498,0,484048799
1717881303517775,756536,-112,4,1583326533,0,484206834
1717881303670797,756426,-56,4,1583479554,0,484359855
1717881303822815,756481,-56,4,1583631532,0,484511833
1717881303979161,756426,-56,4,1583787881,0,484668182
1717881304132143,756371,-56,4,1583940897,0,484821198
1717881304285139,756371,-56,4,1584093881,0,484974182
1717881304438310,756371,-56,4,1584247064,0,485127365
1717881304590138,756317,-56,4,1584398886,0,485279187
1717881304743667,756317,-56,4,1584552426,0,485432727
1717881304844961,756317,-56,4,1584653662,0,485533963
1717881304996721,756317,-56,4,1584805479,0,485685780
1717881305153955,756317,-56,4,1584962666,0,485842967
1717881305307920,756262,-56,4,1585116632,0,485996933
1717881305461762,756262,-56,4,1585270518,0,486150819
1717881305666809,756262,-56,4,1585475559,0,486355860
1717881305818805,756207,-56,4,1585627564,0,486507865
1717881305970824,756262,-112,4,1585779565,0,486659866
1717881306072963,756262,-112,4,1585881670,0,486761971
1717881306225737,756207,-56,4,1586034496,0,486914797
1717881306378684,756207,-112,4,1586187435,0,487067736
1717881306479802,756207,-112,4,1586288520,0,487168821
1717881306686802,756207,-112,4,1586495560,0,487375861
1717881306792896,756207,-112,4,1586601623,0,487481924
1717881306946808,756207,-112,4,1586755565,0,487635866
1717881307099738,756152,-112,4,1586908497,0,487788798
1717881307252676,756152,-112,4,1587061434,0,487941735
1717881307405676,756152,-112,4,1587214434,0,488094735
1717881307558676,756207,-112,4,1587367434,0,488247735
1717881307661801,756152,-112,4,1587470512,0,488350813
1717881307870698,756152,-112,4,1587679456,0,488559757
1717881307971805,756152,-112,4,1587780563,0,488660864
1717881308129017,756152,-56,4,1587937774,0,488818075
1717881308282162,756152,-112,4,1588090920,0,488971221
1717881308435670,756152,-56,4,1588244423,0,489124724
1717881308590743,756097,-56,4,1588399501,0,489279802
1717881308746803,756097,-56,4,1588555560,0,489435861
1717881308899692,756097,0,4,1588708449,0,489588750
1717881309000819,756097,0,4,1588809577,0,489689878
1717881309152697,756097,-56,4,1588961456,0,489841757
1717881309307689,756043,-56,4,1589116447,0,489996748
1717881309465744,756043,-56,4,1589274501,0,490154802
1717881309621703,756043,-56,4,1589430462,0,490310763
1717881309776686,756097,-56,4,1589585444,0,490465745
1717881309929676,756043,-56,4,1589738434,0,490618735
1717881310081676,756043,-56,4,1589890434,0,490770735
1717881310233667,756043,-56,4,1590042426,0,490922727
1717881310385676,756043,-56,4,1590194434,0,491074735
1717881310537798,756043,-56,4,1590346556,0,491226857
1717881310690796,756043,-56,4,1590499553,0,491379854
1717881310796659,755988,-56,4,1590605418,0,491485719
1717881310947659,755988,-56,4,1590756418,0,491636719
1717881311148797,756043,-56,4,1590957554,0,491837855
1717881311300677,755988,-112,4,1591109436,0,491989737
1717881311454803,755988,-112,4,1591263560,0,492143861
1717881311556932,755988,-112,4,1591365632,0,492245933
1717881311709687,755988,-112,4,1591518446,0,492398747
1717881311861675,755988,-112,4,1591670433,0,492550734
1717881312015662,755988,-112,4,1591824421,0,492704722
1717881312117773,755933,-112,4,1591926488,0,492806789
1717881312275142,755933,-112,4,1592083873,0,492964174
1717881312428152,755988,-112,4,1592236879,0,493117180
1717881312581175,755988,-112,4,1592389902,0,493270203
1717881312733080,755933,-56,4,1592541832,0,493422133
1717881312885364,755988,-56,4,1592694070,0,493574371
1717881313042749,755933,-56,4,1592851504,0,493731805
1717881313194803,755933,-56,4,1593003557,0,493883858
1717881313348659,755933,-56,4,1593157418,0,494037719
1717881313500919,755933,-56,4,1593309647,0,494189948
1717881313654788,755933,-56,4,1593463545,0,494343846
1717881313806794,755988,-56,4,1593615552,0,494495853
1717881313908868,755933,-56,4,1593717626,0,494597927
1717881314060939,755933,-56,4,1593869678,0,494749979
1717881314212741,755933,-56,4,1594021500,0,494901801
1717881314364929,755933,-56,4,1594173664,0,495053965
1717881314516661,755933,-56,4,1594325420,0,495205721
1717881314673665,755933,-112,4,1594482423,0,495362724
1717881314825749,755878,-112,4,1594634508,0,495514809
1717881314984676,755933,-112,4,1594793434,0,495673735
1717881315136676,755933,-112,4,1594945434,0,495825735
1717881315290794,755933,-112,4,1595099552,0,495979853
1717881315444677,755933,-112,4,1595253434,0,496133735
1717881315602796,755933,-112,4,1595411554,0,496291855
1717881315704787,755878,-112,4,1595513510,0,496393811
1717881315856799,755933,-112,4,1595665556,0,496545857
1717881316009802,755878,-112,4,1595818525,0,496698826
1717881316162731,755933,-112,4,1595971489,0,496851790
1717881316321191,755878,-112,4,1596129911,0,497010212
1717881316474167,755878,-112,4,1596282903,0,497163204
1717881316627150,755878,-112,4,1596435906,0,497316207
1717881316729437,755878,-112,4,1596538151,0,497418452
1717881316883010,755878,-112,4,1596691713,0,497572014
1717881317040796,755878,-112,4,1596849554,0,497729855
1717881317197780,755878,-112,4,1597006538,0,497886839
1717881317299800,755878,-112,4,1597108557,0,497988858
1717881317451717,755878,-112,4,1597260474,0,498140775
1717881317603660,755878,-112,4,1597412418,0,498292719
1717881317705826,755878,-112,4,1597514532,0,498394833
1717881317911676,755933,-112,4,1597720434,0,498600735
1717881318012931,755878,-112,4,1597821673,0,498701974
1717881318169676,755878,-112,4,1597978434,0,498858735
1717881318322793,755878,-112,4,1598131550,0,499011851
1717881318424927,755878,-112,4,1598233641,0,499113942
1717881318578720,755823,-56,4,1598387478,0,499267779
1717881318782802,755823,-56,4,1598591559,0,499471860
1717881318883817,755823,-56,4,1598692554,0,499572855
1717881319090804,755878,-56,4,1598899562,0,499779863
1717881319196772,755878,-56,4,1599005528,0,499885829
1717881319403805,755110,-56,27,1599212558,2,500092859
1717881319504889,753356,-56,27,1599313642,2,500193943
1717881319662184,749572,-56,27,1599470926,2,500351227
1717881319815688,746885,-56,27,1599624443,2,500504744
1717881319966668,744198,-56,27,1599775423,2,500655724
1717881320118671,741621,-112,27,1599927426,2,500807727
1717881320220822,739922,-112,27,1600029576,2,500909877
1717881320376859,737344,-112,27,1600185612,2,501065913
1717881320533828,734932,-112,27,1600342582,2,501222883
1717881320635915,733341,-56,27,1600444619,2,501324920
1717881320789771,731148,-56,27,1600598525,2,501478826
1717881320942746,728900,-112,27,1600751500,2,501631801
1717881321095804,726926,-56,27,1600904558,2,501784859
1717881321247665,725171,-56,27,1601056420,2,501936721
1717881321398668,723526,-56,27,1601207419,2,502087720
1717881321554826,722155,-56,27,1601363579,2,502243880
1717881321659977,721333,-56,27,1601468685,2,502348986
1717881321811727,720236,-56,27,1601620481,2,502500782
1717881321963892,719359,-56,27,1601772646,2,502652947
1717881322116810,718646,-56,27,1601925564,2,502805865
1717881322269663,718153,-112,27,1602078418,2,502958719
1717881322421892,717769,-56,27,1602230583,2,503110884
1717881322630810,717385,-56,27,1602439564,2,503319865
1717881322731979,717275,-56,27,1602540697,2,503420998
1717881322935793,717111,-56,27,1602744546,2,503624847
1717881323036945,717056,-56,27,1602845674,2,503725975
1717881323194684,716946,-112,27,1603003439,2,503883740
1717881323347679,716617,-56,27,1603156434,2,504036735
1717881323500663,716179,-112,27,1603309418,2,504189719
1717881323655085,715411,-56,27,1603463829,2,504344130
1717881323808016,714643,-56,27,1603616769,2,504497070
1717881323910554,714150,-56,27,1603719246,2,504599547
1717881324063037,713327,-56,27,1603871791,2,504752092
1717881324215676,712450,-112,27,1604024426,2,504904727
1717881324367669,712450,-112,4,1604176427,0,505056728
1717881324469775,713163,-112,4,1604278532,0,505158833
1717881324626659,713821,-56,4,1604435418,0,505315719
1717881324781688,714205,-56,4,1604590447,0,505470748
1717881324933872,714588,-56,4,1604742584,0,505622885
1717881325036718,714753,-112,4,1604845475,0,505725776
1717881325189743,714972,-112,8,1604998499,1,505878800
1717881325342759,716014,-112,8,1605151514,1,506031815
1717881325499678,717440,-112,8,1605308434,1,506188735
1717881325656809,718701,-112,8,1605465560,1,506345861
1717881325809667,720017,-112,8,1605618419,1,506498720
1717881325963811,721278,-112,8,1605772566,1,506652867
1717881326065780,721991,-112,8,1605874504,1,506754805
1717881326218794,723088,-112,8,1606027503,1,506907804
1717881326375812,724239,-112,8,1606184564,1,507064865
1717881326529895,725171,-112,8,1606338630,1,507218931
1717881326684875,725939,-112,8,1606493583,1,507373884
1717881326839813,726652,-112,8,1606648568,1,507528869
1717881326994115,727529,-112,8,1606802866,1,507683167
1717881327096172,727968,-56,8,1606904890,1,507785191
1717881327249023,728571,-56,8,1607057779,1,507938080
1717881327351388,729010,-56,8,1607160104,1,508040405
1717881327504023,729613,-112,8,1607312778,1,508193079
1717881327657689,730216,-112,8,1607466442,1,508346743
1717881327811813,730819,-112,8,1607620565,1,508500866
1717881327965813,731367,-112,8,1607774566,1,508654867
1717881328123792,731916,-56,8,1607932547,1,508812848
1717881328276671,732409,-56,8,1608085426,1,508965727
1717881328428662,732958,-56,8,1608237418,1,509117719
1717881328584814,733451,-56,8,1608393566,1,509273867
1717881328738804,733945,-112,8,1608547559,1,509427860
1717881328892666,734493,-112,8,1608701419,1,509581720
1717881329045801,735041,-56,8,1608854556,1,509734857
1717881329198662,735535,-56,8,1609007418,1,509887719
1717881329298858,735974,-56,8,1609107603,1,509987904
1717881329456811,736467,-56,8,1609265565,1,510145866
1717881329562961,736851,-56,8,1609371673,1,510251974
1717881329719772,737399,-56,8,1609528529,1,510408830
1717881329872805,737947,-112,8,1609681560,1,510561861
1717881330030190,738660,-112,8,1609838901,1,510719202
1717881330132485,739044,-112,8,1609941184,1,510821485
1717881330285206,739592,-112,8,1610093913,1,510974214
1717881330438858,740196,-112,8,1610247592,1,511127893
1717881330596680,740689,-112,8,1610405435,1,511285736
1717881330748672,741292,-112,8,1610557428,1,511437729
1717881330904839,741841,-112,8,1610713547,1,511593848
1717881331006745,742279,-112,8,1610815501,1,511695802
1717881331159670,742882,-112,8,1610968426,1,511848727
1717881331311701,743431,-112,8,1611120457,1,512000758
1717881331468667,744034,-112,8,1611277422,1,512157723
1717881331621678,744582,-112,8,1611430434,1,512310735
1717881331772813,745131,-112,8,1611581568,1,512461869
1717881331925730,745679,-112,8,1611734486,1,512614787
1717881332079681,746227,-112,8,1611888437,1,512768738
1717881332181960,746611,-112,8,1611990694,1,512870995
1717881332334729,747160,-56,8,1612143484,1,513023785
1717881332543853,747872,-56,8,1612352560,1,513232861
1717881332647847,748256,-56,8,1612456602,1,513336903
1717881332856811,748969,-56,8,1612665566,1,513545867
1717881332957814,749353,-112,8,1612766569,1,513646870
1717881333110770,749846,-112,8,1612919485,1,513799786
1717881333263678,750395,-112,8,1613072434,1,513952735
1717881333417162,751108,-112,8,1613225915,1,514106216
1717881333519372,751436,-112,8,1613328071,1,514208372
1717881333723037,752204,-112,8,1613531792,1,514412093
1717881333825472,752478,-112,8,1613634175,1,514514476
1717881333978685,753027,-112,8,1613787441,1,514667742
1717881334131961,753465,-112,8,1613940658,1,514820959
1717881334288693,753959,-112,8,1614097449,1,514977750
1717881334445785,754507,-112,8,1614254488,1,515134789
1717881334547733,754781,-112,8,1614356488,1,515236789
1717881334703662,755275,-56,8,1614512418,1,515392719
1717881334855705,755713,-56,8,1614664461,1,515544762
1717881335012815,756207,-56,8,1614821567,1,515701868
1717881335164806,756701,-56,4,1614973558,0,515853859
1717881335265844,756865,-56,4,1615074602,0,515954903
1717881335423698,756481,-56,4,1615232456,0,516112757
1717881335575660,756317,0,4,1615384419,0,516264720
1717881335676891,756262,0,4,1615485613,0,516365914
1717881335834676,756152,-56,4,1615643434,0,516523735
1717881335985803,756043,-56,4,1615794560,0,516674861
1717881336087777,755988,-56,4,1615896535,0,516776836
1717881336245767,755933,-56,4,1616054526,0,516934827
1717881336397660,755878,-56,4,1616206419,0,517086720
1717881336499856,755933,-56,4,1616308613,0,517188914
1717881336657044,755878,-56,4,1616465801,0,517346102
1717881336810032,755823,-56,4,1616618783,0,517499084
1717881336967684,755823,-56,4,1616776442,0,517656743
1717881337124667,755823,-56,4,1616933419,0,517813720
1717881337280800,755768,-56,4,1617089558,0,517969859
1717881337382740,755768,-56,4,1617191440,0,518071741
1717881337534923,755768,-56,4,1617343634,0,518223935
1717881337737804,755768,-112,4,1617546562,0,518426863
1717881337839948,755768,-56,4,1617648661,0,518528962
1717881338042712,755768,-56,4,1617851470,0,518731771
1717881338195802,755713,-112,4,1618004556,0,518884857
1717881338348730,755713,-56,4,1618157444,0,519037745
1717881338450723,755713,-112,4,1618259479,0,519139780
1717881338658663,755713,-112,4,1618467421,0,519347722
1717881338760873,755659,-112,4,1618569630,0,519449931
1717881338921793,755659,-56,4,1618730550,0,519610851
1717881339024794,755659,-56,4,1618833552,0,519713853
1717881339181797,755659,-56,4,1618990554,0,519870855
1717881339390126,755659,-56,4,1619198863,0,520079164
1717881339543799,755659,-56,4,1619352556,0,520232857
1717881339705676,755604,-56,4,1619514434,0,520394735
1717881339858678,755659,-56,8,1619667434,1,520547735
1717881340018668,756262,-56,8,1619827422,1,520707723
1717881340120746,756755,-56,8,1619929502,1,520809803
1717881340273875,757468,-56,8,1620082572,1,520962873
1717881340427678,758126,-56,8,1620236434,1,521116735
1717881340529744,758620,-56,8,1620338500,1,521218801
1717881340687743,759278,-56,8,1620496499,1,521376800
1717881340839663,759881,-56,8,1620648419,1,521528720
1717881340989700,760649,-56,8,1620798455,1,521678756
1717881341147800,761252,-56,8,1620956555,1,521836856
1717881341303813,761855,-56,8,1621112568,1,521992869
1717881341410396,762184,-112,8,1621219108,1,522099409
1717881341563189,762568,-56,8,1621371896,1,522252197
1717881341767143,763116,-112,8,1621575892,1,522456193
1717881341920673,763390,-112,8,1621729429,1,522609730
1717881342077809,763774,-112,8,1621886560,1,522766861
1717881342180664,764048,-112,8,1621989419,1,522869720
1717881342331854,764377,-112,8,1622140548,1,523020849
1717881342488664,764706,-112,8,1622297420,1,523177721
1717881342641686,765090,-112,8,1622450442,1,523330743
1717881342794662,765364,-112,8,1622603418,1,523483719
1717881342949805,765803,-112,8,1622758560,1,523638861
1717881343050827,765912,-112,8,1622859548,1,523739849
1717881343204662,766296,-112,8,1623013418,1,523893719
1717881343359665,766571,-112,8,1623168421,1,524048722
1717881343512663,766954,-112,8,1623321418,1,524201719
1717881343667804,767229,-112,8,1623476559,1,524356860
1717881343769819,767448,-112,8,1623578518,1,524458819
1717881343923727,767722,-112,8,1623732482,1,524612783
1717881344077678,767996,-112,8,1623886434,1,524766735
1717881344229800,768270,-112,8,1624038555,1,524918856
1717881344387876,768545,-112,8,1624196588,1,525076889
1717881344490725,768709,-112,8,1624299480,1,525179781
1717881344644678,768874,-112,8,1624453434,1,525333735
1717881344798174,769202,-112,8,1624606927,1,525487228
1717881344900257,769367,-112,8,1624709010,1,525589311
1717881345053113,769586,-112,8,1624861848,1,525742149
1717881345206170,769915,-56,8,1625014888,1,525895189
1717881345359941,770135,-112,8,1625168653,1,526048954
1717881345513812,770464,-112,8,1625322568,1,526202869
1717881345670678,770738,-56,8,1625479434,1,526359735
1717881345826682,771012,-56,8,1625635438,1,526515739
1717881345983806,771286,-56,8,1625792561,1,526672862
1717881346084985,771506,-56,8,1625893696,1,526773997
1717881346241717,771780,-56,8,1626050471,1,526930772
1717881346394699,772054,-112,8,1626203454,1,527083755
1717881346496728,772218,-112,8,1626305483,1,527185784
1717881346647678,772547,-112,8,1626456434,1,527336735
1717881346802727,772822,-112,8,1626611484,1,527491785
1717881346905732,772986,-112,8,1626714487,1,527594788
1717881347058772,773260,-112,8,1626867527,1,527747828
1717881347212798,773589,-112,8,1627021553,1,527901854
1717881347365666,773809,-56,8,1627174422,1,528054723
1717881347517814,774083,-56,8,1627326563,1,528206864
1717881347619969,774192,-112,8,1627428677,1,528308978
1717881347772806,774467,-56,8,1627581561,1,528461862
1717881347930745,774741,-112,8,1627739501,1,528619802
1717881348088020,775070,-112,8,1627896775,1,528777076
1717881348241435,775289,-112,8,1628050138,1,528930439
1717881348394155,775508,-112,8,1628202886,1,529083187
1717881348551662,775728,-112,8,1628360418,1,529240719
1717881348654966,775892,-112,8,1628463674,1,529343975
1717881348808889,776112,-112,8,1628617644,1,529497945
1717881348961707,776331,-112,8,1628770458,1,529650759
1717881349064936,776495,-112,8,1628873679,1,529753980
1717881349268803,776715,-112,8,1629077558,1,529957859
1717881349422668,776934,-112,8,1629231419,1,530111720
1717881349574811,777153,-112,8,1629383566,1,530263867
1717881349676925,777263,-112,8,1629485639,1,530365940
1717881349835824,777482,-112,4,1629644582,0,530524883
1717881349997793,777373,-112,4,1629806550,0,530686851
1717881350150676,777208,-112,4,1629959434,0,530839735
1717881350302689,777099,-56,4,1630111447,0,530991748
1717881350457676,776934,-56,4,1630266434,0,531146735
1717881350609703,776879,-56,4,1630418460,0,531298761
1717881350710898,776824,-56,4,1630519633,0,531399934
1717881350870077,776715,-56,4,1630678830,0,531559131
1717881351023341,776660,-56,4,1630832082,0,531712383
1717881351176005,776605,-56,4,1630984763,0,531865064
1717881351278802,776605,-56,4,1631087560,0,531967861
1717881351485681,776550,-56,4,1631294439,0,532174740
1717881351637804,776495,-56,4,1631446560,0,532326861
1717881351738798,776495,-56,4,1631547555,0,532427856
1717881351941770,776386,-56,4,1631750527,0,532630828
1717881352044116,776386,-56,4,1631852818,0,532733119
1717881352196807,776331,-56,4,1632005564,0,532885865
1717881352352676,776276,-56,4,1632161434,0,533041735
1717881352509786,776221,-56,4,1632318544,0,533198845
1717881352610718,776221,-56,4,1632419477,0,533299778
1717881352761956,776166,-56,4,1632570656,0,533450957
1717881352915685,776112,-56,4,1632724443,0,533604744
1717881353068804,776112,-56,8,1632877559,1,533757860
1717881353222669,776386,-112,8,1633031420,1,533911721
1717881353375813,776770,-56,8,1633184568,1,534064869
1717881353527847,777099,-112,8,1633336556,1,534216857
1717881353630952,777318,-112,8,1633439688,1,534319989
1717881353785972,777592,-56,8,1633594686,1,534474987
1717881353938678,777866,-112,8,1633747434,1,534627735
1717881354091813,778086,-56,8,1633900566,1,534780867
1717881354247670,778415,-56,8,1634056419,1,534936720
1717881354399707,778744,-56,8,1634208462,1,535088763
1717881354501925,778853,-56,8,1634310635,1,535190936
1717881354654678,779127,-56,8,1634463434,1,535343735
1717881354760806,779292,-56,8,1634569561,1,535449862
1717881354911946,779511,-56,8,1634720674,1,535600975
1717881355063812,779785,-56,8,1634872565,1,535752866
1717881355216678,780005,-56,8,1635025434,1,535905735
1717881355373154,780279,-56,8,1635181909,1,536062210
1717881355475233,780443,-56,8,1635283984,1,536164285
1717881355678165,780663,-56,8,1635486886,1,536367187
1717881355780836,780772,-56,8,1635589591,1,536469892
1717881355937662,780937,-56,8,1635746418,1,536626719
1717881356094662,781047,-56,8,1635903418,1,536783719
1717881356197744,781156,-56,8,1636006500,1,536886801
1717881356354822,781321,-56,8,1636163545,1,537043846
1717881356457925,781376,-56,8,1636266630,1,537146931
1717881356611804,781540,-56,8,1636420559,1,537300860
1717881356765662,781650,-56,8,1636574418,1,537454719
1717881356918805,781814,-56,8,1636727560,1,537607861
1717881357071702,781924,-56,8,1636880458,1,537760759
1717881357228799,782088,-56,8,1637037554,1,537917855
1717881357329960,782198,-56,8,1637138702,1,538019003
1717881357482809,782308,-56,8,1637291560,1,538171861
1717881357588788,782417,-56,8,1637397519,1,538277820
1717881357741718,782527,-56,8,1637550473,1,538430774
1717881357895682,782637,-56,8,1637704438,1,538584739
1717881357996729,782746,-56,8,1637805425,1,538685726
1717881358154059,782911,-56,8,1637962813,1,538843114
1717881358307153,783021,-56,8,1638115907,1,538996208
1717881358409191,783130,-56,8,1638217946,1,539098247
1717881358561174,783185,-56,8,1638369887,1,539250188
1717881358714670,783295,-56,8,1638523426,1,539403727
1717881358871746,783404,-56,8,1638680502,1,539560803
1717881358974992,783459,-56,8,1638783693,1,539663994
1717881359127662,783569,-56,8,1638936418,1,539816719
1717881359284678,783624,-56,8,1639093434,1,539973735
1717881359435744,783733,-56,8,1639244500,1,540124801
1717881359588700,783788,-56,8,1639397456,1,540277757
1717881359739678,783843,-56,8,1639548434,1,540428735
1717881359900663,783953,-56,8,1639709419,1,540589720
1717881360003803,784062,-56,8,1639812558,1,540692859
1717881360161814,784117,-56,8,1639970535,1,540850836
1717881360319678,784227,-56,8,1640128434,1,541008735
1717881360472683,784282,-56,8,1640281439,1,541161740
1717881360627810,784337,-56,8,1640436565,1,541316866
1717881360728847,784391,0,8,1640537555,1,541417856
1717881360882699,784501,0,8,1640691454,1,541571755
1717881361035230,784611,-56,8,1640843946,1,541724247
1717881361188011,784720,-56,8,1640996766,1,541877067
1717881361341155,784775,-56,8,1641149907,1,542030208
1717881361494329,784830,-56,8,1641303047,1,542183348
1717881361596439,784885,-56,8,1641405130,1,542285431
1717881361753683,784940,-56,8,1641562439,1,542442740
1717881361909802,784940,-56,8,1641718557,1,542598858
1717881362061801,785049,-56,8,1641870556,1,542750857
1717881362219678,785104,-56,8,1642028434,1,542908735
1717881362379807,785159,-56,8,1642188562,1,543068863
1717881362532812,785214,-56,8,1642341565,1,543221866
1717881362634948,785269,-56,8,1642443656,1,543323957
1717881362787744,785269,-56,8,1642596499,1,543476800
1717881362940820,785324,-56,8,1642749570,1,543629871
1717881363092918,785324,0,4,1642901676,0,543781977
1717881363249665,785159,0,4,1643058419,0,543938720
1717881363409918,785104,0,4,1643218622,0,544098923
1717881363510836,784995,0,4,1643319540,0,544199841
1717881363667976,784885,0,4,1643476733,0,544357034
1717881363820989,784775,0,4,1643629747,0,544510048
1717881363973665,784720,0,4,1643782423,0,544662724
1717881364126796,784666,0,4,1643935552,0,544815853
1717881364287850,784611,0,4,1644096550,0,544976851
1717881364388856,784611,56,4,1644197614,0,545077915
1717881364549951,784501,0,4,1644358653,0,545238954
1717881364703665,784446,56,4,1644512424,0,545392725
1717881364856730,784446,56,4,1644665489,0,545545790
1717881365009694,784391,56,4,1644818452,0,545698753
1717881365162676,784337,56,4,1644971434,0,545851735
1717881365313688,784282,56,4,1645122447,0,546002748
1717881365466692,784282,56,4,1645275450,0,546155751
1717881365568896,784227,0,4,1645377620,0,546257921
1717881365777671,784172,56,8,1645586428,1,546466729
1717881365930741,784337,56,8,1645739494,1,546619795
1717881366031803,784501,56,8,1645840558,1,546720859
1717881366236678,784830,56,8,1646045434,1,546925735
1717881366389701,784995,56,8,1646198457,1,547078758
1717881366542679,785159,56,8,1646351435,1,547231736
1717881366694809,785324,56,8,1646503564,1,547383865
1717881366851853,785433,56,8,1646660566,1,547540867
1717881367004992,785543,56,8,1646813747,1,547694048
1717881367158139,785653,56,8,1646966874,1,547847175
1717881367311122,785653,56,8,1647119855,1,548000156
1717881367464084,785762,56,8,1647272833,1,548153134
1717881367616685,785817,56,8,1647425441,1,548305742
1717881367767728,785872,56,8,1647576483,1,548456784
1717881367869801,785872,112,8,1647678555,1,548558856
1717881368026751,785927,112,8,1647835507,1,548715808
1717881368179963,785982,112,8,1647988662,1,548868963
1717881368331814,785982,112,8,1648140567,1,549020868
1717881368433734,785982,112,8,1648242486,1,549122787
1717881368586701,786036,112,8,1648395457,1,549275758
1717881368742742,786091,112,8,1648551498,1,549431799
1717881368844949,786146,112,8,1648653659,1,549533960
1717881368998773,786201,112,8,1648807500,1,549687801
1717881369155890,786256,112,8,1648964584,1,549844885
1717881369311669,786311,112,8,1649120425,1,550000726
1717881369463851,786420,112,8,1649272558,1,550152859
1717881369569967,786420,56,8,1649378680,1,550258981
1717881369722804,786530,56,8,1649531558,1,550411859
1717881369875678,786585,112,8,1649684434,1,550564735
1717881370028667,786640,112,8,1649837420,1,550717721
1717881370130916,786694,112,8,1649939643,1,550819944
1717881370283691,786694,112,8,1650092447,1,550972748
1717881370435799,786804,112,8,1650244554,1,551124855
1717881370592701,786859,112,8,1650401457,1,551281758
1717881370745664,786914,112,8,1650554420,1,551434721
1717881370846809,786969,112,8,1650655564,1,551535865
1717881371001402,787023,112,8,1650810101,1,551690402
1717881371154179,787023,112,8,1650962890,1,551843191
1717881371307115,787078,112,8,1651115854,1,551996155
1717881371460146,787133,112,8,1651268894,1,552149195
1717881371561052,787133,112,8,1651369808,1,552250109
1717881371717807,787133,112,8,1651526548,1,552406849
1717881371874808,787188,112,8,1651683560,1,552563861
1717881372027813,787188,112,8,1651836565,1,552716866
1717881372181696,787243,112,8,1651990451,1,552870752
1717881372283930,787243,112,8,1652092675,1,552972976
1717881372437664,787298,112,8,1652246420,1,553126721
1717881372540814,787298,112,8,1652349569,1,553229870
1717881372693662,787352,112,8,1652502418,1,553382719
1717881372846679,787352,112,8,1652655434,1,553535735
1717881372999811,787352,112,8,1652808566,1,553688867
1717881373152699,787407,112,8,1652961455,1,553841756
1717881373253904,787407,112,8,1653062659,1,553942960
1717881373406807,787407,112,8,1653215562,1,554095863
1717881373564911,787462,112,8,1653373617,1,554253918
1717881373722720,787462,56,8,1653531445,1,554411746
1717881373879717,787517,112,8,1653688468,1,554568769
1717881374032678,787572,112,8,1653841434,1,554721735
1717881374184811,787572,112,8,1653993566,1,554873867
1717881374336663,787572,112,8,1654145419,1,555025720
1717881374438807,787572,112,8,1654247561,1,555127862
1717881374590943,787572,112,8,1654399659,1,555279960
1717881374796142,787627,112,8,1654604891,1,555485192
1717881374898153,787627,112,8,1654706895,1,555587196
1717881375051339,787681,168,8,1654860037,1,555740338
1717881375255671,787736,168,8,1655064428,1,555944729
1717881375412685,787736,168,8,1655221440,1,556101741
1717881375565662,787736,168,8,1655374418,1,556254719
1717881375717808,787791,112,4,1655526562,0,556406863
1717881375820861,787681,112,4,1655629619,0,556509920
1717881376023784,787572,112,4,1655832542,0,556712843
1717881376129722,787517,168,4,1655938480,0,556818781
1717881376281743,787462,112,4,1656090501,0,556970802
1717881376437687,787407,112,4,1656246445,0,557126746
1717881376588791,787298,168,4,1656397549,0,557277850
1717881376690765,787298,112,4,1656499523,0,557379824
1717881376843676,787243,112,4,1656652434,0,557532735
1717881376996677,787243,112,4,1656805434,0,557685735
1717881377152666,787133,112,4,1656961425,0,557841726
1717881377254724,787133,112,4,1657063482,0,557943783
1717881377411806,787078,112,4,1657220563,0,558100864
1717881377614846,787023,168,4,1657423565,0,558303866
1717881377720733,787023,168,4,1657529491,0,558409792
1717881377873676,786969,168,4,1657682434,0,558562735
1717881378030698,786969,112,4,1657839457,0,558719758
1717881378187159,786914,168,4,1657995881,0,558876182
1717881378339666,786914,168,4,1658148424,0,559028725
1717881378491672,786859,168,4,1658300431,0,559180732
1717881378643020,786804,168,4,1658451779,0,559332080
1717881378804800,786804,168,4,1658613558,0,559493859
1717881378961801,786749,168,4,1658770541,0,559650842
1717881379064939,786749,168,4,1658873654,0,559753955
1717881379222742,786694,168,4,1659031499,0,559911800
1717881379324940,786749,168,4,1659133667,0,560013968
1717881379482676,786694,168,4,1659291434,0,560171735
1717881379588831,786694,168,4,1659397560,0,560277861
1717881379750970,786640,168,4,1659559713,0,560440014
1717881379904078,786585,168,4,1659712830,0,560593131
1717881380057023,786585,168,4,1659865774,0,560746075
1717881380159158,786530,168,4,1659967881,0,560848182
1717881380312318,786530,168,4,1660121018,0,561001319
1717881380465744,786530,168,4,1660274502,0,561154803
1717881380622812,786475,168,4,1660431512,0,561311813
1717881380779677,786475,168,4,1660588434,0,561468735
1717881380930698,786420,168,4,1660739457,0,561619758
1717881381032719,786420,168,4,1660841476,0,561721777
1717881381240793,786365,168,4,1661049550,0,561929851
1717881381341965,786365,168,4,1661150674,0,562030975
1717881381494935,786365,168,4,1661303676,0,562183977
1717881381655803,786256,168,4,1661464560,0,562344861
1717881381761678,786311,168,4,1661570436,0,562450737
1717881381918659,786256,168,4,1661727418,0,562607719
1717881382069797,786256,168,4,1661878554,0,562758855
1717881382227659,786201,168,4,1662036418,0,562916719
1717881382380676,786201,168,4,1662189434,0,563069735
1717881382534129,786146,168,4,1662342876,0,563223177
1717881382687075,786146,168,8,1662495826,1,563376127
1717881382840015,786365,168,8,1662648770,1,563529071
1717881382993173,786749,168,8,1662801892,1,563682193
1717881383147727,787078,168,8,1662956479,1,563836780
1717881383304698,787298,168,8,1663113454,1,563993755
1717881383456812,787517,168,8,1663265566,1,564145867
1717881383609664,787736,168,8,1663418421,1,564298722
1717881383766801,787901,168,8,1663575556,1,564455857
1717881383868982,787956,168,8,1663677678,1,564557979
1717881384022777,788065,168,8,1663831531,1,564711832
1717881384175682,788175,168,8,1663984438,1,564864739
1717881384277908,788230,168,8,1664086623,1,564966924
1717881384430964,788285,168,8,1664239675,1,565119976
1717881384585802,788339,112,8,1664394557,1,565274858
1717881384739804,788339,112,8,1664548559,1,565428860
1717881384845982,788394,112,8,1664654678,1,565534979
1717881384999814,788449,112,8,1664808569,1,565688870
1717881385151808,788449,112,8,1664960561,1,565840862
1717881385308667,788559,112,8,1665117423,1,565997724
1717881385459809,788559,112,8,1665268565,1,566148866
1717881385612697,788559,112,8,1665421436,1,566301737
1717881385764813,788559,112,8,1665573568,1,566453869
1717881385869985,788668,112,8,1665678682,1,566558983
1717881386024018,788668,168,8,1665832773,1,566713074
1717881386177151,788668,168,8,1665985903,1,566866204
1717881386330009,788723,168,8,1666138764,1,567019065
1717881386483050,788723,168,8,1666291805,1,567172106
1717881386640679,788778,168,8,1666449435,1,567329736
1717881386791814,788778,168,8,1666600511,1,567480812
1717881386950663,788833,168,8,1666759419,1,567639720
1717881387052810,788833,168,8,1666861565,1,567741866
1717881387209934,788888,225,8,1667018689,1,567898990
1717881387363678,788888,225,8,1667172434,1,568052735
1717881387516805,788888,225,8,1667325560,1,568205861
1717881387618849,788943,225,8,1667427551,1,568307852
1717881387772821,788997,225,8,1667581577,1,568461878
1717881387928662,788997,225,8,1667737418,1,568617719
1717881388080813,788997,225,8,1667889568,1,568769869
1717881388236804,789052,168,8,1668045559,1,568925860
1717881388390678,789052,168,8,1668199434,1,569079735
1717881388490730,789107,168,8,1668299485,1,569179786
1717881388644696,789107,168,8,1668453452,1,569333753
1717881388796756,789162,168,8,1668605512,1,569485813
1717881388952710,789162,168,8,1668761466,1,569641767
1717881389105802,789217,168,8,1668914556,1,569794857
1717881389258811,789217,168,8,1669067565,1,569947866
1717881389413006,789272,168,8,1669221762,1,570102063
1717881389515332,789272,168,8,1669324023,1,570204324
1717881389719092,789272,168,8,1669527836,1,570408137
1717881389821221,789326,168,8,1669629976,1,570510277
1717881389974079,789381,168,8,1669782829,1,570663130
1717881390126155,789381,168,8,1669934882,1,570815183
1717881390283743,789381,168,8,1670092499,1,570972800
1717881390435810,789436,168,8,1670244564,1,571124865
1717881390537728,789436,168,8,1670346482,1,571226783
1717881390689662,789436,168,8,1670498418,1,571378719
1717881390845802,789491,168,8,1670654557,1,571534858
1717881390998807,789436,168,8,1670807558,1,571687859
1717881391150699,789491,168,8,1670959454,1,571839755
1717881391251953,789546,168,8,1671060682,1,571940983
1717881391409806,789601,168,8,1671218561,1,572098862
1717881391561725,789546,225,8,1671370480,1,572250781
1717881391718678,789601,225,8,1671527434,1,572407735
1717881391871745,789601,225,8,1671680501,1,572560802
1717881392029807,789655,225,8,1671838562,1,572718863
1717881392139745,789601,225,8,1671948501,1,572828802
1717881392293810,789601,225,8,1672102525,1,572982826
1717881392396814,789655,225,8,1672205569,1,573085870
1717881392550128,789710,225,8,1672358863,1,573239164
1717881392703018,789655,168,4,1672511777,0,573392078
1717881392856117,789601,168,4,1672664869,0,573545170
1717881392958149,789546,168,4,1672766887,0,573647188
1717881393110164,789546,168,4,1672918884,0,573799185
1717881393271800,789436,168,4,1673080558,0,573960859
1717881393428795,789381,168,4,1673237552,0,574117853
1717881393529970,789326,168,4,1673338674,0,574218975
1717881393687742,789272,168,4,1673496500,0,574376801
1717881393839676,789272,168,4,1673648434,0,574528735
1717881393992676,789217,168,4,1673801434,0,574681735
1717881394144797,789162,168,4,1673953548,0,574833849
1717881394246889,789162,168,4,1674055608,0,574935909
1717881394399959,789107,168,4,1674208662,0,575088963
1717881394553792,789107,168,4,1674362550,0,575242851
1717881394705804,789107,168,4,1674514561,0,575394862
1717881394858660,789052,168,4,1674667418,0,575547719
1717881395010804,788997,168,4,1674819561,0,575699862
1717881395167659,788943,112,4,1674976418,0,575856719
1717881395319692,788888,168,4,1675128449,0,576008750
1717881395472839,788943,168,4,1675281546,0,576161847
1717881395626786,788888,168,4,1675435544,0,576315845
1717881395788134,788888,168,4,1675596882,0,576477183
1717881395890360,788833,168,4,1675699076,0,576579377
1717881396043145,788833,112,4,1675851874,0,576732175
1717881396246802,788778,168,4,1676055502,0,576935803
1717881396398723,788723,168,4,1676207480,0,577087781
1717881396551703,788668,168,4,1676360461,0,577240762
1717881396653800,788723,168,4,1676462556,0,577342857
1717881396813674,788668,168,4,1676622422,0,577502723
1717881397016659,788668,168,4,1676825418,0,577705719
1717881397167790,788668,168,4,1676976547,0,577856848
1717881397273714,788614,168,4,1677082473,0,577962774
1717881397425676,788614,168,4,1677234434,0,578114735
1717881397577803,788559,225,4,1677386560,0,578266861
1717881397683740,788559,225,4,1677492499,0,578372800
1717881397835659,788559,225,4,1677644418,0,578524719
1717881397936840,788559,225,4,1677745596,0,578625897
1717881398093676,788504,225,4,1677902435,0,578782736
1717881398246676,788449,225,4,1678055434,0,578935735
1717881398399676,788449,225,4,1678208434,0,579088735
1717881398551804,788394,225,4,1678360560,0,579240861
1717881398653953,788449,225,4,1678462662,0,579342963
1717881398811699,788449,225,4,1678620457,0,579500758
1717881398967788,788394,225,4,1678776546,0,579656847
1717881399120676,788394,168,4,1678929434,0,579809735
1717881399272798,788339,168,4,1679081555,0,579961856
1717881399423793,788285,168,4,1679232550,0,580112851
1717881399523939,788285,168,4,1679332662,0,580212963
1717881399676723,788285,168,4,1679485480,0,580365781
1717881399835053,788285,168,4,1679643811,0,580524112
1717881399988091,788230,168,4,1679796838,0,580677139
1717881400141084,788285,225,4,1679949834,0,580830135
1717881400295723,788230,225,4,1680104480,0,580984781
1717881400397932,788175,225,4,1680206652,0,581086953
1717881400554718,788175,225,4,1680363475,0,581243776
1717881400705773,788175,225,4,1680514530,0,581394831
1717881400861676,788175,225,4,1680670434,0,581550735
1717881401018789,788175,225,4,1680827546,0,581707847
1717881401123797,788120,225,4,1680932554,0,581812855
1717881401276674,788120,225,4,1681085433,0,581965734
1717881401427753,788065,225,4,1681236511,0,582116812
1717881401584937,788120,225,4,1681393651,0,582273952
1717881401737798,788065,225,4,1681546555,0,582426856
1717881401889723,788010,168,4,1681698480,0,582578781
1717881402041683,788065,168,4,1681850442,0,582730743
1717881402193970,788065,225,4,1682002678,0,582882979
1717881402350716,788010,225,4,1682159474,0,583039775
1717881402501718,788010,225,4,1682310475,0,583190776
1717881402652722,787956,225,4,1682461479,0,583341780
1717881402814666,787956,225,4,1682623425,0,583503726
1717881402971008,787956,225,4,1682779767,0,583660068
1717881403124045,787901,225,4,1682932801,0,583813102
1717881403277186,787901,225,4,1683085908,0,583966209
1717881403429678,787901,225,8,1683238434,1,584118735
1717881403581727,788230,281,8,1683390482,1,584270783
1717881403738751,788614,225,8,1683547503,1,584427804
1717881403891813,788997,225,8,1683700568,1,584580869
1717881403993703,789217,225,8,1683802458,1,584682759
1717881404150664,789491,225,8,1683959420,1,584839721
1717881404253816,789655,225,8,1684062538,1,584942839
1717881404406794,789875,225,8,1684215549,1,585095850
1717881404568768,790039,225,8,1684377475,1,585257776
1717881404719680,790204,225,8,1684528437,1,585408738
1717881404873701,790313,225,8,1684682457,1,585562758
1717881404974879,790423,225,8,1684783630,1,585663931
1717881405127847,790478,225,8,1684936573,1,585816874
1717881405279662,790588,225,8,1685088418,1,585968719
1717881405380916,790588,225,8,1685189660,1,586069961
1717881405537707,790642,225,8,1685346463,1,586226764
1717881405688942,790697,225,8,1685497655,1,586377956
1717881405842703,790697,225,8,1685651459,1,586531760
1717881405998725,790752,225,8,1685807480,1,586687781
1717881406156013,790807,225,8,1685964768,1,586845069
1717881406309083,790807,225,8,1686117832,1,586998133
1717881406462179,790862,225,8,1686270894,1,587151195
1717881406615835,790862,225,8,1686424586,1,587304887
1717881406772801,790917,225,8,1686581510,1,587461811
1717881406930987,790971,225,8,1686739690,1,587619991
1717881407083678,790971,225,8,1686892434,1,587772735
1717881407236810,790971,281,8,1687045565,1,587925866
1717881407390815,791026,281,8,1687199566,1,588079867
1717881407547805,791026,281,8,1687356560,1,588236861
1717881407700663,791081,281,8,1687509419,1,588389720
1717881407852808,791081,225,8,1687661563,1,588541864
1717881407953827,791081,225,8,1687762531,1,588642832
1717881408157812,791136,225,8,1687966567,1,588846868
1717881408263907,791136,225,8,1688072627,1,588952928
1717881408369817,791136,225,8,1688178572,1,589058873
1717881408526960,791136,225,8,1688335675,1,589215976
1717881408679700,791136,225,8,1688488456,1,589368757
1717881408831678,791191,225,8,1688640434,1,589520735
1717881408984678,791191,225,8,1688793434,1,589673735
1717881409192018,791191,168,8,1689000774,1,589881075
1717881409294363,791191,168,8,1689103062,1,589983363
1717881409447053,791246,168,8,1689255807,1,590136108
1717881409604678,791246,168,8,1689413434,1,590293735
1717881409756811,791246,168,8,1689565566,1,590445867
1717881409858670,791300,168,8,1689667426,1,590547727
1717881410062811,791246,168,8,1689871566,1,590751867
1717881410164764,791300,168,8,1689973520,1,590853821
1717881410317805,791300,168,8,1690126560,1,591006861
1717881410420958,791355,168,8,1690229655,1,591109956
1717881410573742,791355,168,8,1690382498,1,591262799
1717881410726808,791355,225,8,1690535563,1,591415864
1717881410884717,791355,225,8,1690693472,1,591573773
1717881410986730,791355,225,8,1690795485,1,591675786
1717881411142802,791355,225,8,1690951557,1,591831858
1717881411296811,791410,225,8,1691105566,1,591985867
1717881411398802,791410,225,8,1691207557,1,592087858
1717881411559665,791410,281,8,1691368421,1,592248722
1717881411661985,791465,281,8,1691470692,1,592350993
1717881411814798,791410,281,8,1691623552,1,592503853
1717881411972334,791465,281,8,1691781028,1,592661329
1717881412125010,791465,281,8,1691933765,1,592814066
1717881412278334,791465,281,8,1692087021,1,592967322
1717881412482144,791520,281,8,1692290891,1,593171192
1717881412635667,791465,281,8,1692444423,1,593324724
1717881412789699,791520,281,8,1692598455,1,593478756
1717881412942680,791520,281,8,1692751436,1,593631737
1717881413096893,791575,281,8,1692905587,1,593785888
1717881413199958,791575,281,8,1693008656,1,593888957
1717881413356939,791520,281,4,1693165678,0,594045979
1717881413509792,791520,281,4,1693318550,0,594198851
1717881413665952,791465,281,4,1693474664,0,594354965
1717881413822803,791465,281,4,1693631560,0,594511861
1717881413924863,791410,281,4,1693733564,0,594613865
1717881414078676,791355,281,4,1693887434,0,594767735
1717881414233714,791300,281,4,1694042473,0,594922774
1717881414343676,791300,281,4,1694152434,0,595032735
1717881414501113,791246,281,4,1694309851,0,595190152
1717881414654123,791191,225,4,1694462873,0,595343174
1717881414807141,791136,225,4,1694615885,0,595496186
1717881414960007,791191,281,4,1694768763,0,595649064
1717881415117792,791081,225,4,1694926549,0,595806850
1717881415270791,791081,225,4,1695079549,0,595959850
1717881415424661,791026,281,4,1695233420,0,596113721
1717881415576790,791026,225,4,1695385548,0,596265849
1717881415728793,790971,225,4,1695537550,0,596417851
1717881415829803,790971,225,4,1695638559,0,596518860
1717881416037676,790971,225,4,1695846434,0,596726735
1717881416194660,790917,225,4,1696003419,0,596883720
1717881416348806,790862,225,4,1696157557,0,597037858
1717881416501659,790917,225,4,1696310418,0,597190719
1717881416601955,790917,225,4,1696410675,0,597290976
1717881416810795,790862,225,4,1696619553,0,597499854
1717881416912737,790807,225,4,1696721482,0,597601783
1717881417069930,790807,225,4,1696878648,0,597758949
1717881417226677,790807,225,4,1697035434,0,597915735
1717881417378798,790752,225,4,1697187555,0,598067856
1717881417484703,790697,225,4,1697293462,0,598173763
1717881417637043,790697,225,4,1697445802,0,598326103
1717881417790153,790697,225,4,1697598890,0,598479191
1717881417892452,790697,225,4,1697701148,0,598581449
1717881418045111,790642,225,4,1697853848,0,598734149
1717881418198113,790588,225,4,1698006850,0,598887151
1717881418359779,790642,225,4,1698168538,0,599048839
1717881418515741,790588,225,4,1698324500,0,599204801
1717881418668799,790588,225,4,1698477556,0,599357857
1717881418829683,790588,225,4,1698638442,0,599518743
1717881418931965,790533,225,4,1698740677,0,599620978
1717881419083693,790533,225,4,1698892451,0,599772752
1717881419237659,790533,225,4,1699046418,0,599926719
1717881419388675,790478,225,4,1699197427,0,600077728
1717881419544677,790478,225,4,1699353434,0,600233735
1717881419650742,790478,225,4,1699459500,0,600339801
1717881419813036,790423,225,4,1699621794,0,600502095
1717881419966016,790423,225,4,1699774774,0,600655075
1717881420119015,790423,225,4,1699927773,0,600808074
1717881420272065,790368,225,4,1700080822,0,600961123
1717881420374800,790368,225,4,1700183557,0,601063858
1717881420527804,790368,225,4,1700336561,0,601216862
1717881420687687,790368,225,4,1700496446,0,601376747
1717881420843795,790313,225,4,1700652553,0,601532854
1717881421000790,790313,225,4,1700809547,0,601689848
1717881421157789,790313,225,4,1700966546,0,601846847
1717881421258802,790313,225,4,1701067511,0,601947812
1717881421411808,790313,225,4,1701220510,0,602100811
1717881421564802,790259,225,4,1701373555,0,602253856
1717881421717799,790259,225,4,1701526557,0,602406858
1717881421870662,790259,225,4,1701679421,0,602559722
1717881421972877,790204,225,4,1701781578,0,602661879
1717881422124659,790204,225,4,1701933418,0,602813719
1717881422326693,790204,225,4,1702135451,0,603015752
1717881422428662,790204,281,4,1702237421,0,603117722
1717881422580678,790204,281,4,1702389436,0,603269737
1717881422732796,790149,281,4,1702541554,0,603421855
1717881422884676,790204,281,4,1702693434,0,603573735
1717881423036676,790094,281,4,1702845434,0,603725735
1717881423238796,790149,281,4,1703047553,0,603927854
1717881423390804,790094,281,4,1703199561,0,604079862
1717881423492722,790094,225,4,1703301480,0,604181781
1717881423653665,790094,225,4,1703462422,0,604342723
1717881423806663,790094,225,4,1703615419,0,604495720
1717881423908754,790039,225,4,1703717511,0,604597812
1717881424062311,790039,225,4,1703871022,0,604751323
1717881424215334,790039,225,4,1704024039,0,604904340
1717881424368167,790039,225,4,1704176887,0,605057188
1717881424521153,789984,225,4,1704329883,0,605210184
1717881424673679,789984,225,4,1704482438,0,605362739
1717881424826723,789984,225,4,1704635480,0,605515781
1717881424928748,789984,281,4,1704737481,0,605617782
1717881425085951,789984,281,4,1704894652,0,605774953
1717881425244662,789984,281,4,1705053420,0,605933721
1717881425397661,789930,281,4,1705206419,0,606086720
1717881425553803,789930,281,4,1705362560,0,606242861
1717881425706676,789930,281,4,1705515434,0,606395735
1717881425857676,789930,281,4,1705666434,0,606546735
1717881426011676,789930,281,4,1705820434,0,606700735
1717881426113941,789930,281,4,1705922654,0,606802955
1717881426271951,789875,281,4,1706080661,0,606960962
1717881426429659,789875,225,4,1706238418,0,607118719
1717881426587663,789930,225,4,1706396419,0,607276720
1717881426744202,789820,225,4,1706552917,0,607433218
1717881426897206,789820,225,4,1706705962,0,607586263
1717881426999171,789820,225,4,1706807887,0,607688188
1717881427202671,789820,225,4,1707011424,0,607891725
1717881427304802,789820,225,4,1707113559,0,607993860
1717881427460799,789820,225,4,1707269557,0,608149858
1717881427617713,789765,281,4,1707426433,0,608306734
1717881427769679,789820,281,8,1707578434,1,608458735
1717881427922982,790149,281,8,1707731679,1,608611980
1717881428075678,790533,225,8,1707884434,1,608764735
1717881428227815,790917,225,8,1708036567,1,608916868
1717881428388811,791246,225,8,1708197567,1,609077868
1717881428494920,791410,281,8,1708303648,1,609183949
1717881428649851,791684,281,8,1708458561,1,609338862
1717881428750975,791849,225,8,1708559692,1,609439993
1717881428904968,792013,225,8,1708713676,1,609593977
1717881429060815,792233,225,8,1708869567,1,609749868
1717881429214811,792342,225,8,1709023566,1,609903867
1717881429315961,792397,225,8,1709124666,1,610004967
1717881429469806,792507,225,8,1709278561,1,610158862
1717881429672699,792616,281,8,1709481454,1,610361755
1717881429774939,792616,281,8,1709583657,1,610463958
1717881429927791,792726,281,8,1709736491,1,610616792
1717881430081154,792726,225,8,1709889907,1,610770208
1717881430234193,792836,225,8,1710042946,1,610923247
1717881430336053,792891,225,8,1710144809,1,611025110
1717881430489144,792891,225,8,1710297880,1,611178181
1717881430642157,792836,281,8,1710450882,1,611331183
1717881430803673,792891,225,8,1710612429,1,611492730
1717881430956662,792945,281,8,1710765418,1,611645719
1717881431107678,792945,281,8,1710916434,1,611796735
1717881431259804,793000,281,8,1711068559,1,611948860
1717881431411889,793000,281,8,1711220599,1,612100900
1717881431564678,793055,281,8,1711373434,1,612253735
1717881431720919,793055,225,8,1711529635,1,612409936
1717881431878811,793110,281,8,1711687566,1,612567867
1717881432031898,793110,281,8,1711840642,1,612720943
1717881432185662,793110,225,8,1711994418,1,612874719
1717881432287706,793110,281,8,1712096462,1,612976763
1717881432440745,793110,225,8,1712249501,1,613129802
1717881432592814,793165,225,8,1712401569,1,613281870
1717881432748805,793165,225,8,1712557560,1,613437861
1717881432905662,793165,225,8,1712714418,1,613594719
1717881433006725,793165,225,8,1712815480,1,613695781
1717881433158803,793165,281,8,1712967558,1,613847859
1717881433258975,793220,225,8,1713067699,1,613948000
1717881433411938,793220,281,8,1713220693,1,614100994
1717881433565665,793220,281,8,1713374422,1,614254723
1717881433717830,793220,281,8,1713526586,1,614406887
1717881433869957,793274,281,8,1713678660,1,614558961
1717881434022936,793274,281,8,1713831667,1,614711968
1717881434180082,793274,281,8,1713988831,1,614869132
1717881434333154,793274,281,8,1714141907,1,615022208
1717881434486040,793274,281,8,1714294794,1,615175095
1717881434588805,793329,281,8,1714397560,1,615277861
1717881434745722,793274,281,8,1714554477,1,615434778
1717881434898662,793329,281,8,1714707418,1,615587719
1717881435055663,793384,225,8,1714864419,1,615744720
1717881435208845,793329,225,8,1715017549,1,615897850
1717881435311706,793384,225,8,1715120461,1,616000762
1717881435463702,793384,225,8,1715272457,1,616152758
1717881435616663,793384,281,8,1715425418,1,616305719
1717881435771662,793384,225,8,1715580418,1,616460719
1717881435876956,793384,225,8,1715685692,1,616565993
1717881436030662,793384,281,8,1715839418,1,616719719
1717881436186678,793439,225,8,1715995434,1,616875735
1717881436340662,793439,225,8,1716149418,1,617029719
1717881436441958,793439,225,8,1716250661,1,617130962
1717881436594964,793439,225,8,1716403657,1,617283958
1717881436747953,793494,225,8,1716556673,1,617436974
1717881436901965,793494,225,8,1716710663,1,617590964
1717881437056678,793494,225,8,1716865434,1,617745735
1717881437468177,793494,225,8,1717276887,1,618157188
1717881437570422,793549,225,8,1717379136,1,618259437
1717881437723008,793549,225,4,1717531765,0,618412066
1717881437875065,793494,281,4,1717683823,0,618564124
1717881437977705,793439,281,4,1717786464,0,618666765
1717881438138734,793439,281,4,1717947445,0,618827746
1717881438294702,793384,281,4,1718103459,0,618983760
1717881438400804,793384,281,4,1718209561,0,619089862
1717881438562659,793329,281,4,1718371418,0,619251719
1717881438723676,793329,281,4,1718532434,0,619412735
1717881438876794,793274,281,4,1718685551,0,619565852
1717881439032791,793220,281,4,1718841549,0,619721850
1717881439139162,793220,281,4,1718947883,0,619828184
1717881439292843,793220,281,4,1719101600,0,619981901
1717881439453692,793220,281,4,1719262451,0,620142752
1717881439605724,793165,281,4,1719414480,0,620294781
1717881439762708,793110,281,4,1719571466,0,620451767
1717881439915769,793165,281,4,1719724526,0,620604827
1717881440067676,793055,281,4,1719876434,0,620756735
1717881440172808,793110,281,4,1719981565,0,620861866
1717881440325659,793110,281,4,1720134418,0,621014719
1717881440481801,793110,337,4,1720290553,0,621170854
1717881440634686,793055,337,4,1720443445,0,621323746
1717881440786695,793000,337,4,1720595453,0,621475754
1717881440944676,793000,281,4,1720753434,0,621633735
1717881441100793,793000,281,4,1720909551,0,621789852
1717881441253676,793000,281,4,1721062434,0,621942735
1717881441406676,792891,281,4,1721215434,0,622095735
1717881441558676,792891,337,4,1721367434,0,622247735
1717881441715036,792945,337,4,1721523793,0,622404094
1717881441868124,792836,281,4,1721676877,0,622557178
1717881441970403,792836,281,4,1721779111,0,622659412
1717881442123079,792836,281,4,1721931832,0,622812133
1717881442275667,792836,281,4,1722084424,0,622964725
1717881442376719,792781,281,4,1722185476,0,623065777
1717881442529803,792781,281,4,1722338560,0,623218861
1717881442689805,792781,281,4,1722498530,0,623378831
1717881442841784,792726,281,4,1722650541,0,623530842
1717881442943659,792726,281,4,1722752418,0,623632719
1717881443153869,792726,281,4,1722962592,0,623842893
1717881443255957,792671,281,4,1723064676,0,623944977
1717881443412797,792671,281,4,1723221554,0,624101855
1717881443564795,792671,281,4,1723373553,0,624253854
1717881443717676,792671,281,4,1723526434,0,624406735
1717881443818716,792671,281,4,1723627473,0,624507774
1717881443969832,792616,281,4,1723778590,0,624658891
1717881444122946,792671,281,4,1723931655,0,624811956
1717881444276802,792616,281,4,1724085557,0,624965858
1717881444429791,792616,281,4,1724238549,0,625118850
1717881444582676,792616,281,4,1724391434,0,625271735
1717881444734858,792616,281,4,1724543560,0,625423861
1717881444836949,792562,281,4,1724645672,0,625525973
1717881444989659,792562,281,4,1724798418,0,625678719
1717881445143676,792562,281,4,1724952434,0,625832735
1717881445296659,792562,281,4,1725105418,0,625985719
1717881445448676,792507,281,4,1725257434,0,626137735
1717881445602659,792507,337,4,1725411418,0,626291719
1717881445759797,792507,337,4,1725568554,0,626448855
1717881445866085,792507,337,4,1725674833,0,626555134
1717881446018665,792452,337,4,1725827423,0,626707724
1717881446170808,792452,337,4,1725979524,0,626859825
1717881446328798,792397,337,4,1726137554,0,627017855
1717881446433919,792452,337,4,1726242649,0,627122950
1717881446636696,792397,281,4,1726445453,0,627325754
1717881446738925,792397,281,4,1726547648,0,627427949
1717881446895802,792397,281,4,1726704559,0,627584860
1717881447002716,792397,281,4,1726811474,0,627691775
1717881447159775,792342,281,4,1726968479,0,627848780
1717881447314663,792397,281,4,1727123419,0,628003720
1717881447468057,792342,281,4,1727276772,0,628157073
1717881447569697,792342,281,4,1727378454,0,628258755
1717881447725677,792342,281,4,1727534434,0,628414735
1717881447879803,792342,281,4,1727688560,0,628568861
1717881447980928,792287,281,4,1727789629,0,628669930
1717881448139026,792287,281,4,1727947785,0,628828086
1717881448292136,792342,281,4,1728100885,0,628981186
1717881448394396,792287,281,4,1728203124,0,629083425
1717881448547009,792287,281,4,1728355766,0,629236067
1717881448699716,792342,281,4,1728508474,0,629388775
1717881448851665,792287,281,4,1728660423,0,629540724
1717881449003371,792287,281,4,1728812080,0,629692381
1717881449164766,792287,337,4,1728973525,0,629853826
1717881449317718,792233,337,4,1729126476,0,630006777
1717881449420808,792233,337,4,1729229513,0,630109814
1717881449577678,792233,281,4,1729386436,0,630266737
1717881449729803,792233,337,4,1729538561,0,630418862
1717881449885710,792233,337,4,1729694468,0,630574769
1717881450038740,792233,281,4,1729847499,0,630727800
1717881450190676,792233,281,4,1729999434,0,630879735
1717881450290949,792178,281,4,1730099653,0,630979954
1717881450443743,792178,281,4,1730252500,0,631132801
1717881450605799,792178,281,4,1730414556,0,631294857
1717881450715923,792178,281,4,1730524653,0,631404954
1717881450873054,792233,281,4,1730681805,0,631562106
1717881450975390,792178,337,4,1730784095,0,631664396
1717881451127263,792123,337,4,1730936019,0,631816320
1717881451279019,792233,337,4,1731087778,0,631968079
1717881451433724,792178,337,4,1731242483,0,632122784
1717881451535803,792178,337,4,1731344509,0,632224810
1717881451696805,792178,337,4,1731505560,0,632385861
1717881451806797,792123,337,4,1731615555,0,632495856
1717881451966742,792178,337,4,1731775500,0,632655801
1717881452122659,792123,337,4,1731931418,0,632811719
1717881452274676,792123,337,4,1732083434,0,632963735
1717881452427802,792123,337,4,1732236559,0,633116860
1717881452532798,792123,337,4,1732341556,0,633221857
1717881452685781,792068,337,4,1732494521,0,633374822
1717881452843009,792123,337,4,1732651767,0,633532068
1717881452996009,792123,337,4,1732804766,0,633685067
1717881453149074,792068,337,4,1732957829,0,633838130
1717881453302208,792123,337,4,1733110930,0,633991231
1717881453456669,792123,337,4,1733265428,0,634145729
1717881453609974,792068,337,4,1733418680,0,634298981
1717881453768665,792123,337,4,1733577419,0,634457720
1717881453929791,792123,337,4,1733738548,0,634618849
1717881454083798,792068,337,4,1733892556,0,634772857
1717881454240795,792068,337,4,1734049553,0,634929854
1717881454393660,792068,337,4,1734202418,0,635082719
1717881454494797,792068,337,4,1734303555,0,635183856
1717881454646756,792068,337,4,1734455514,0,635335815
1717881454853803,792068,337,4,1734662560,0,635542861
1717881454955823,792013,337,4,1734764538,0,635644839
1717881455112785,792013,337,4,1734921544,0,635801845
1717881455213806,792068,337,4,1735022562,0,635902863
1717881455365961,792013,337,4,1735174660,0,636054961
1717881455518792,792013,337,4,1735327549,0,636207850
1717881455625128,792013,337,4,1735433861,0,636314162
1717881455778436,792013,337,4,1735587132,0,636467433
1717881455931041,792013,337,4,1735739799,0,636620100
1717881456084161,792013,337,4,1735892882,0,636773183
1717881456236910,792013,337,4,1736045667,0,636925968
1717881456393825,792013,337,4,1736202535,0,637082836
1717881456600676,792013,337,4,1736409434,0,637289735
1717881456758808,792013,337,4,1736567558,0,637447859
1717881456860809,792013,337,4,1736669557,0,637549858
1717881457017716,792013,281,4,1736826474,0,637706775
1717881457170797,792013,281,4,1736979555,0,637859856
1717881457321807,792068,281,4,1737130564,0,638010865
1717881457472846,792013,281,4,1737281557,0,638161858
1717881457626743,792013,281,4,1737435501,0,638315802
1717881457780801,791958,281,4,1737589557,0,638469858
1717881457882838,792013,337,4,1737691596,0,638571897
1717881458041936,792013,281,4,1737850669,0,638730970
1717881458245838,792013,337,4,1738054546,0,638934847
1717881458348980,791958,337,4,1738157692,0,639037993
1717881458508182,791958,281,4,1738316881,0,639197182
1717881458661140,792013,281,4,1738469890,0,639350191
1717881458763143,792013,281,4,1738571893,0,639452194
1717881458916075,791958,281,4,1738724831,0,639605132
1717881459077740,792013,281,4,1738886499,0,639766800
1717881459178956,791958,281,4,1738987679,0,639867980
1717881459340808,791958,281,4,1739149561,0,640029862
1717881459498705,791958,281,4,1739307463,0,640187764
1717881459655804,791958,281,4,1739464561,0,640344862
1717881459765662,791958,281,4,1739574421,0,640454722
1717881459918659,792013,281,4,1739727418,0,640607719
1717881460020802,791958,281,4,1739829528,0,640709829
1717881460178245,792013,281,4,1739986951,0,640867252
1717881460331308,791958,281,4,1740140024,0,641020325
1717881460484075,791958,281,4,1740292831,0,641173132
1717881460641676,791958,281,4,1740450434,0,641330735
1717881460799804,791958,281,4,1740608561,0,641488862
1717881460901801,791958,281,4,1740710558,0,641590859
1717881461059947,791958,337,4,1740868660,0,641748961
1717881461211659,791958,337,4,1741020418,0,641900719
1717881461363794,791958,337,4,1741172551,0,642052852
1717881461465798,791958,337,4,1741274555,0,642154856
1717881461622799,791958,337,4,1741431555,0,642311856
1717881461775721,792013,337,4,1741584448,0,642464749
1717881461928666,792013,337,4,1741737419,0,642617720
1717881462030899,791958,337,4,1741839625,0,642719926
1717881462185939,791958,281,4,1741994650,0,642874951
1717881462339661,791958,337,4,1742148420,0,643028721
1717881462441935,792013,281,4,1742250639,0,643130940
1717881462594840,791958,281,4,1742403597,0,643283898
1717881462756045,791958,281,4,1742564800,0,643445101
1717881462858353,791958,281,4,1742667047,0,643547348
1717881463011256,792013,281,4,1742820012,0,643700313
1717881463164146,791958,281,4,1742972875,0,643853176
1717881463317007,791958,281,4,1743125765,0,644006066
1717881463423743,791958,281,4,1743232501,0,644112802
1717881463576659,791958,281,4,1743385418,0,644265719
1717881463729745,792013,281,4,1743538503,0,644418804
1717881463832902,791958,337,4,1743641606,0,644521907
1717881463985914,791958,337,4,1743794631,0,644674932
1717881464142676,791958,337,4,1743951434,0,644831735
1717881464299676,792013,337,4,1744108434,0,644988735
1717881464452847,792013,337,4,1744261548,0,645141849
1717881464605797,791958,337,4,1744414554,0,645294855
1717881464707720,792013,337,4,1744516477,0,645396778
1717881464859676,792013,337,4,1744668434,0,645548735
1717881465010952,791958,337,4,1744819669,0,645699970
1717881465165676,792013,337,4,1744974434,0,645854735
1717881465318932,791958,337,4,1745127633,0,646007934
1717881465472704,791958,337,4,1745281462,0,646161763
1717881465624676,792013,337,4,1745433434,0,646313735
1717881465776659,791958,337,4,1745585418,0,646465719
1717881465930841,792013,337,4,1745739545,0,646619846
1717881466084676,792013,337,4,1745893435,0,646773736
1717881466237662,792013,337,4,1746046420,0,646926721
1717881466338768,792013,337,4,1746147525,0,647027826
1717881466491659,792013,393,4,1746300418,0,647180719
1717881466642700,791958,337,4,1746451457,0,647331758
1717881466795890,792013,337,4,1746604608,0,647484909
1717881466950804,792013,337,4,1746759562,0,647639863
1717881467051923,792013,337,4,1746860636,0,647740937
1717881467205957,792013,337,4,1747014689,0,647894990
1717881467360080,792013,337,4,1747168834,0,648049135
1717881467513146,792013,337,4,1747321881,0,648202182
1717881467666080,792013,337,4,1747474831,0,648355132
1717881467818718,792013,337,4,1747627475,0,648507776
1717881467970011,792068,337,4,1747778767,0,648659068
1717881468071253,792013,337,4,1747880008,0,648760309
1717881468223033,792068,337,4,1748031790,0,648912091
1717881468380676,792068,337,4,1748189434,0,649069735
1717881468532659,792068,337,4,1748341418,0,649221719
1717881468688805,792068,337,4,1748497557,0,649377858
1717881468841798,792068,337,4,1748650556,0,649530857
1717881468944940,792068,393,4,1748753675,0,649633976
1717881469148787,792068,393,4,1748957545,0,649837846
1717881469250683,792013,393,4,1749059442,0,649939743
1717881469402676,792068,337,4,1749211434,0,650091735
1717881469555846,792068,337,4,1749364546,0,650244847
1717881469658894,792068,337,4,1749467595,0,650347896
1717881469813854,792068,337,4,1749622556,0,650502857
1717881469967867,792123,337,4,1749776582,0,650656883
1717881470070948,792068,337,4,1749879666,0,650759967
1717881470224676,792068,337,4,1750033434,0,650913735
1717881470377752,792123,337,4,1750186462,0,651066763
1717881470533716,792123,337,4,1750342474,0,651222775
1717881470689738,792068,337,4,1750498497,0,651378798
1717881470852078,792123,337,40,1750660825,64,651541126
1717881471005083,792123,337,40,1750813794,64,651694095
1717881471163815,792123,337,40,1750972567,64,651852868
1717881471316920,792178,337,40,1751125631,64,652005932
1717881471419949,792123,337,40,1751228681,64,652108982
1717881471575050,792233,337,40,1751383804,64,652264105
1717881471727673,792178,337,40,1751536420,64,652416721
1717881471881711,792178,337,40,1751690464,64,652570765
1717881472037678,792178,337,40,1751846431,64,652726732
1717881472189925,792178,337,40,1751998636,64,652878937
1717881472347681,792178,337,40,1752156434,64,653036735
1717881472500681,792233,337,40,1752309434,64,653189735
1717881472601854,792178,337,40,1752410607,64,653290908
1717881472754811,792178,337,40,1752563563,64,653443864
1717881472907812,792178,337,40,1752716565,64,653596866
1717881473059681,792233,337,40,1752868434,64,653748735
1717881473213788,792233,337,40,1753022541,64,653902842
1717881473369676,792178,337,40,1753178429,64,654058730
1717881473522867,792233,337,40,1753331619,64,654211920
1717881473675681,792178,337,40,1753484434,64,654364735
1717881473827666,792178,337,40,1753636420,64,654516721
1717881473980815,792233,337,40,1753789567,64,654669868
1717881474082813,792287,337,40,1753891504,64,654771805
1717881474236003,792233,337,40,1754044705,64,654925006
1717881474390038,792233,337,40,1754198791,64,655079092
1717881474543096,792233,337,40,1754351835,64,655232136
1717881474645166,792233,337,40,1754453881,64,655334182
1717881474798169,792287,337,40,1754606894,64,655487195
1717881474951131,792233,337,40,1754759869,64,655640170
1717881475108822,792233,337,40,1754917573,64,655797874
1717881475261821,792287,337,40,1755070573,64,655950874
1717881475367783,792287,337,40,1755176537,64,656056838
1717881475573823,792287,337,40,1755382576,64,656262877
1717881475674921,792287,337,40,1755483648,64,656363949
1717881475827942,792287,337,40,1755636675,64,656516976
1717881475979674,792287,337,40,1755788421,64,656668722
1717881476137822,792287,337,40,1755946570,64,656826871
1717881476289666,792342,337,40,1756098419,64,656978720
1717881476441817,792287,393,40,1756250568,64,657130869
1717881476595730,792342,337,40,1756404478,64,657284779
1717881476748821,792287,337,40,1756557570,64,657437871
1717881476902812,792342,393,40,1756711564,64,657591865
1717881477004812,792342,393,40,1756813564,64,657693865
1717881477161820,792342,393,40,1756970572,64,657850873
1717881477314820,792287,393,40,1757123572,64,658003873
1717881477419969,792342,393,40,1757228698,64,658108999
1717881477623679,792397,337,40,1757432433,64,658312734
1717881477777727,792342,337,40,1757586475,64,658466776
1717881477931141,792397,337,40,1757739865,64,658620166
1717881478084355,792342,337,40,1757893081,64,658773382
1717881478237060,792397,337,40,1758045804,64,658926105
1717881478390155,792397,337,40,1758198904,64,659079205
1717881478492884,792397,337,40,1758301613,64,659181914
1717881478647690,792397,337,40,1758456443,64,659336744
1717881478800756,792397,393,40,1758609504,64,659489805
1717881478954820,792397,393,40,1758763571,64,659643872
1717881479056970,792452,393,40,1758865685,64,659745986
1717881479214822,792452,393,40,1759023575,64,659903876
1717881479367861,792452,393,40,1759176567,64,660056868
1717881479521665,792452,393,40,1759330419,64,660210720
1717881479673820,792452,393,40,1759482572,64,660362873
1717881479825681,792452,337,40,1759634434,64,660514735
1717881479982821,792507,393,40,1759791574,64,660671875
1717881480084710,792452,393,40,1759893464,64,660773765
1717881480237757,792507,337,40,1760046509,64,660926810
1717881480393961,792507,337,40,1760202666,64,661082967
1717881480547816,792507,337,40,1760356567,64,661236868
1717881480703854,792562,337,40,1760512545,64,661392846
1717881480857813,792507,393,40,1760666566,64,661546867
1717881480963782,792507,337,40,1760772534,64,661652835
1717881481116752,792562,337,40,1760925470,64,661805771
1717881481270011,792562,393,40,1761078763,64,661959064
1717881481423173,792562,337,40,1761231895,64,662112196
1717881481576032,792562,393,40,1761384778,64,662265079
1717881481678284,792562,393,40,1761487035,64,662367336
1717881481830208,792562,393,40,1761638959,64,662519260
1717881482035793,792616,393,40,1761844546,64,662724847
1717881482188734,792616,393,40,1761997486,64,662877787
1717881482341681,792616,393,40,1762150434,64,663030735
1717881482498807,792616,393,40,1762307560,64,663187861
1717881482650681,792616,393,40,1762459434,64,663339735
1717881482807858,792616,393,40,1762616568,64,663496869
1717881483012863,792616,393,40,1762821570,64,663701871
1717881483115727,792616,393,40,1762924480,64,663804781
1717881483266855,792616,393,40,1763075607,64,663955908
1717881483419682,792671,393,40,1763228434,64,664108735
1717881483572666,792616,393,40,1763381419,64,664261720
1717881483675942,792616,393,40,1763484652,64,664364953
1717881483827735,792616,393,40,1763636487,64,664516788
1717881483980736,792616,337,40,1763789489,64,664669790
1717881484132823,792616,337,40,1763941573,64,664821874
1717881484284665,792671,337,40,1764093419,64,664973720
1717881484439706,792671,337,40,1764248460,64,665128761
1717881484541817,792726,393,40,1764350569,64,665230870
1717881484699675,792671,393,40,1764508429,64,665388730
1717881484856814,792671,393,40,1764665566,64,665545867
1717881485008686,792671,393,40,1764817439,64,665697740
1717881485160730,792671,393,40,1764969481,64,665849782
1717881485312969,792671,393,40,1765121699,64,666002000
1717881485465735,792671,393,40,1765274487,64,666154788
1717881485617665,792726,393,40,1765426419,64,666306720
1717881485772131,792671,337,40,1765580877,64,666461178
1717881485874194,792726,393,40,1765682901,64,666563202
1717881486027168,792726,337,40,1765835920,64,666716221
1717881486180156,792726,337,40,1765988905,64,666869206
1717881486282814,792726,337,40,1766091567,64,666971868
1717881486439685,792781,337,40,1766248438,64,667128739
1717881486593814,792726,337,40,1766402567,64,667282868
1717881486746913,792726,337,40,1766555621,64,667435922
1717881486849982,792781,337,40,1766658684,64,667538985
1717881487002761,792726,337,40,1766811498,64,667691799
1717881487156821,792726,337,40,1766965574,64,667845875
1717881487308812,792726,337,40,1767117565,64,667997866
1717881487409820,792781,337,40,1767218533,64,668098834
1717881487561814,792781,337,40,1767370532,64,668250833
1717881487715674,792781,337,40,1767524428,64,668404729
1717881487818969,792781,337,40,1767627672,64,668507973
1717881487970961,792781,337,40,1767779667,64,668659968
1717881488123887,792726,337,40,1767932639,64,668812940
1717881488281687,792836,393,40,1768090440,64,668970741
1717881488434665,792781,337,40,1768243419,64,669123720
1717881488586747,792836,337,40,1768395500,64,669275801
1717881488744682,792781,393,40,1768553434,64,669433735
1717881488901815,792781,337,40,1768710567,64,669590868
1717881489003821,792781,393,40,1768812574,64,669692875
1717881489159672,792836,393,40,1768968425,64,669848726
1717881489310671,792836,393,40,1769119419,64,669999720
1717881489411962,792836,393,40,1769220667,64,670100968
1717881489566444,792836,393,40,1769375140,64,670255441
1717881489719339,792836,393,40,1769528033,64,670408334
1717881489872341,792836,393,40,1769681034,64,670561335
1717881490076792,792891,393,40,1769885544,64,670765845
1717881490179856,792891,337,40,1769988609,64,670868910
1717881490340711,792836,337,40,1770149465,64,671029766
1717881490494669,792836,337,40,1770303420,64,671183721
1717881490647681,792836,337,40,1770456434,64,671336735
1717881490801682,792891,337,40,1770610434,64,671490735
1717881490952811,792891,337,40,1770761563,64,671641864
1717881491105854,792891,393,40,1770914607,64,671794908
1717881491211864,792891,393,40,1771020555,64,671900856
1717881491416707,792891,393,40,1771225460,64,672105761
1717881491517907,792891,393,40,1771326619,64,672206920
1717881491670681,792891,393,40,1771479434,64,672359735
1717881491828738,792891,393,40,1771637490,64,672517791
1717881491984788,792891,393,40,1771793542,64,672673843
1717881492136739,792891,393,40,1771945491,64,672825792
1717881492290822,792945,393,40,1772099576,64,672979877
1717881492447714,792945,393,40,1772256460,64,673136761
1717881492601154,792945,393,40,1772409902,64,673290203
1717881492703352,792945,337,40,1772512053,64,673392354
1717881492856136,792945,337,40,1772664848,64,673545149
1717881493009207,792945,337,40,1772817920,64,673698221
1717881493111998,792945,337,40,1772920699,64,673801000
1717881493265822,792945,337,40,1773074575,64,673954876
1717881493422747,792945,393,40,1773231500,64,674111801
1717881493574665,792945,393,40,1773383419,64,674263720
1717881493727665,792945,393,40,1773536419,64,674416720
1717881493879811,793000,393,40,1773688564,64,674568865
1717881494087677,793000,393,40,1773896434,64,674776735
1717881494239704,792945,450,40,1774048458,64,674928759
1717881494393681,793000,393,40,1774202434,64,675082735
1717881494545813,793000,393,40,1774354563,64,675234864
1717881494647933,793055,393,40,1774456671,64,675336972
1717881494801822,793055,393,40,1774610572,64,675490873
1717881494954822,793000,393,40,1774763575,64,675643876
1717881495057011,793055,393,40,1774865705,64,675746006
1717881495209665,793055,393,40,1775018419,64,675898720
1717881495315990,793055,393,40,1775124702,64,676005003
1717881495468704,793055,393,40,1775277458,64,676157759
1717881495622665,793055,393,40,1775431419,64,676311720
1717881495774811,793055,393,40,1775583564,64,676463865
1717881495927681,793055,393,40,1775736434,64,676616735
1717881496081810,793055,393,40,1775890562,64,676770863
1717881496234874,793055,393,40,1776043578,64,676923879
1717881496388821,793110,393,40,1776197573,64,677077874
1717881496495223,793110,393,40,1776303974,64,677184275
1717881496648446,793110,450,40,1776457132,64,677337433
1717881496801190,793110,450,40,1776609904,64,677490205
1717881496954016,793110,450,40,1776762769,64,677643070
1717881497106670,793110,450,40,1776915424,64,677795725
1717881497259687,793110,450,40,1777068441,64,677948742
1717881497415811,793165,450,40,1777224561,64,678104862
1717881497567753,793165,450,40,1777376503,64,678256804
1717881497720947,793110,450,40,1777529698,64,678409999
1717881497873822,793165,450,40,1777682575,64,678562876
1717881498026821,793165,450,40,1777835573,64,678715874
1717881498128968,793165,450,40,1777937685,64,678817986
1717881498281773,793165,450,40,1778090526,64,678970827
1717881498434870,793165,450,40,1778243575,68,679123876
1717881498537969,793165,450,40,1778346704,68,679227005
1717881498689947,793165,393,40,1778498649,68,679378950
1717881498843709,793220,450,40,1778652462,68,679532763
1717881498994665,793220,393,40,1778803419,68,679683720
1717881499148665,793220,450,40,1778957419,68,679837720
1717881499250753,793220,450,40,1779059443,68,679939744
1717881499455833,793220,450,40,1779264539,68,680144840
1717881499557818,793220,450,40,1779366512,68,680246813
1717881499711700,793274,450,40,1779520454,68,680400755
1717881499864717,793274,450,40,1779673471,68,680553772
1717881500017812,793220,450,40,1779826565,68,680706866
1717881500119982,793220,450,40,1779928683,68,680808984
1717881500322867,793274,450,40,1780131571,68,681011872
1717881500423905,793329,450,40,1780232597,68,681112898
1717881500576804,793274,450,40,1780385556,68,681265857
1717881500733811,793329,450,40,1780542564,68,681422865
1717881500840979,793329,450,40,1780649677,68,681529978
1717881500994811,793329,450,40,1780803564,68,681683865
1717881501148085,793329,450,40,1780956830,68,681837131
1717881501250217,793329,450,40,1781058951,68,681939252
1717881501403278,793329,393,40,1781212028,68,682092329
1717881501556114,793329,393,40,1781364847,68,682245148
1717881501709155,793329,393,40,1781517891,68,682398192
1717881501811982,793329,450,40,1781620674,68,682500975
1717881502016714,793329,393,40,1781825467,68,682705768
1717881502118720,793329,393,40,1781927474,68,682807775
1717881502271858,793329,393,40,1782080548,68,682960849
1717881502425712,793384,393,40,1782234423,68,683114724
1717881502581752,793384,450,40,1782390506,68,683270807
1717881502734734,793329,450,40,1782543488,68,683423789
1717881502887748,793439,450,40,1782696501,68,683576802
1717881502994850,793384,450,40,1782803542,68,683683843
1717881503148812,793384,450,40,1782957565,68,683837866
1717881503306681,793384,450,40,1783115434,68,683995735
1717881503458665,793384,450,40,1783267419,68,684147720
1717881503611815,793384,506,40,1783420565,68,684300866
1717881503713741,793384,450,40,1783522494,68,684402795
1717881503870703,793439,506,40,1783679457,68,684559758
1717881504023681,793384,450,40,1783832434,68,684712735
1717881504176665,793384,450,40,1783985419,68,684865720
1717881504278746,793439,450,40,1784087436,68,684967737
1717881504430973,793439,450,40,1784239677,68,685119978
1717881504583818,793439,450,40,1784392570,68,685272871
1717881504786891,793439,450,40,1784595619,68,685475920
1717881504939813,793439,450,40,1784748566,68,685628867
1717881505091681,793439,450,40,1784900434,68,685780735
1717881505243862,793494,450,40,1785052607,68,685932908
1717881505350202,793494,450,40,1785158928,68,686039229
1717881505503260,793494,450,40,1785311955,68,686192256
1717881505660682,793494,450,40,1785469434,68,686349735
1717881505811818,793494,450,40,1785620571,68,686500872
1717881505964685,793494,450,40,1785773439,68,686653740
1717881506117814,793494,450,40,1785926567,68,686806868
1717881506270667,793494,450,40,1786079421,68,686959722
1717881506372776,793549,450,40,1786181496,68,687061797
1717881506525818,793494,506,40,1786334570,68,687214871
1717881506678813,793549,450,40,1786487566,68,687367867
1717881506835816,793549,506,40,1786644569,68,687524870
1717881506991815,793549,506,40,1786800567,68,687680868
1717881507093789,793549,450,40,1786902541,68,687782842
1717881507251681,793549,450,40,1787060434,68,687940735
1717881507404665,793549,506,40,1787213418,68,688093719
1717881507559682,793549,506,40,1787368436,68,688248737
1717881507712698,793549,506,40,1787521450,68,688401751
1717881507815875,793603,506,40,1787624588,68,688504889
1717881507969726,793549,506,40,1787778478,68,688658779
1717881508123736,793603,506,40,1787932489,64,688812790
1717881508276003,793603,450,40,1788084708,64,688965009
1717881508430804,793603,450,40,1788239556,64,689119857
1717881508585139,793658,450,40,1788393883,64,689274184
1717881508738155,793603,450,40,1788546904,64,689427205
1717881508840366,793603,450,40,1788649048,64,689529349
1717881508993215,793658,450,40,1788801957,64,689682258
1717881509146875,793658,506,40,1788955616,64,689835917
1717881509304665,793658,450,40,1789113418,64,689993719
1717881509461727,793658,450,40,1789270480,64,690150781
1717881509626865,793658,450,40,1789435617,64,690315918
1717881509787748,793713,450,40,1789596455,64,690476756
1717881509942817,793713,450,40,1789751568,64,690631869
1717881510095671,793658,506,40,1789904424,64,690784725
1717881510196740,793658,506,40,1790005492,64,690885793
1717881510355158,793713,506,40,1790163883,64,691044184
1717881510508271,793658,506,40,1790317020,64,691197321
1717881510610313,793713,506,40,1790419064,64,691299365
1717881510763024,793713,506,40,1790571776,64,691452077
1717881510915670,793713,506,40,1790724424,64,691604725
1717881511067670,793713,506,40,1790876424,64,691756725
1717881511224807,793768,506,40,1791033560,64,691913861
1717881511326894,793713,506,40,1791135647,64,692015948
1717881511484883,793768,506,40,1791293636,64,692173937
1717881511587907,793713,506,40,1791396659,64,692276960
1717881511741676,793768,506,40,1791550429,64,692430730
1717881511892804,793768,450,40,1791701557,64,692581858
1717881512045860,793768,450,40,1791854565,64,692734866
1717881512148821,793768,450,40,1791957573,64,692837874
1717881512306974,793768,450,40,1792115679,64,692995980
1717881512460665,793768,450,40,1792269419,64,693149720
1717881512562748,793823,450,40,1792371502,64,693251803
1717881512716736,793823,450,40,1792525489,64,693405790
1717881512872973,793823,450,40,1792681669,64,693561970
1717881513029681,793768,450,40,1792838434,64,693718735
1717881513181712,793823,450,40,1792990464,64,693870765
1717881513283935,793823,450,40,1793092671,64,693972972
1717881513436816,793823,506,40,1793245568,64,694125869
1717881513594154,793823,506,40,1793402873,64,694283174
1717881513747377,793878,506,40,1793556088,64,694436389
1717881513900415,793823,506,40,1793709112,64,694589413
1717881514053686,793823,450,40,1793862440,64,694742741
1717881514156822,793878,450,40,1793965574,64,694845875
1717881514313746,793823,450,40,1794122492,64,695002793
1717881514467016,793878,450,40,1794275705,64,695156006
1717881514619733,793878,450,40,1794428486,64,695308787
1717881514773811,793878,450,40,1794582563,64,695462864
1717881514876917,793878,450,40,1794685670,64,695565971
1717881515029738,793878,450,40,1794838492,64,695718793
1717881515183811,793878,450,40,1794992564,64,695872865
1717881515335822,793878,450,40,1795144572,64,696024873
1717881515489810,793878,450,40,1795298562,64,696178863
1717881515642810,793878,450,40,1795451562,64,696331863
1717881515743851,793932,450,40,1795552553,64,696432854
1717881515897666,793932,450,40,1795706419,64,696586720
1717881516049809,793932,450,40,1795858562,64,696738863
1717881516201681,793932,450,40,1796010434,64,696890735
1717881516354806,793932,450,40,1796163558,64,697043859
1717881516507669,793932,450,40,1796316419,64,697196720
1717881516608014,793932,450,40,1796416708,64,697297009
1717881516760740,793932,450,40,1796569494,64,697449795
1717881516922682,793987,450,40,1796731434,64,697611735
1717881517077665,793932,450,40,1796886418,64,697766719
1717881517230704,793987,450,40,1797039457,64,697919758
1717881517331822,793987,450,40,1797140575,64,698020876
1717881517485674,793987,450,40,1797294428,64,698174729
1717881517642189,793987,450,40,1797450906,64,698331207
1717881517795013,793987,450,40,1797603765,64,698484066
1717881517948709,793987,450,40,1797757448,64,698637749
1717881518051999,793987,450,40,1797860690,64,698740991
1717881518205691,793987,450,40,1798014445,64,698894746
1717881518357665,793987,450,40,1798166418,64,699046719
1717881518509939,793987,450,40,1798318645,64,699198946
1717881518667821,793987,450,40,1798476573,64,699356874
1717881518773816,794042,450,40,1798582569,64,699462870
1717881518930811,794042,506,40,1798739564,64,699619865
1717881519083668,794042,506,40,1798892420,64,699772721
1717881519185740,793987,450,40,1798994492,64,699874793
1717881519338853,794042,506,40,1799147545,64,700027846
1717881519492917,794042,506,40,1799301669,64,700181970
1717881519645816,794042,450,40,1799454568,64,700334869
1717881519802764,794042,450,40,1799611517,64,700491818
1717881519954681,794042,450,40,1799763434,64,700643735
1717881520158730,794042,450,40,1799967479,64,700847780
1717881520316985,794042,450,40,1800125708,64,701006009
1717881520424010,794042,450,40,1800232763,64,701113064
1717881520577164,794097,506,40,1800385916,64,701266217
1717881520734820,794097,506,40,1800543572,64,701423873
1717881520837007,794097,450,40,1800645699,64,701526000
1717881520989768,794097,450,40,1800798490,64,701678791
1717881521142665,794097,506,40,1800951419,64,701831720
1717881521296953,794097,506,40,1801105668,64,701985969
1717881521450670,794097,506,40,1801259419,64,702139720
1717881521608820,794152,506,40,1801417572,64,702297873
1717881521710967,794097,506,40,1801519694,64,702399995
1717881521865681,794097,506,40,1801674434,64,702554735
1717881522019670,794097,506,40,1801828420,64,702708721
1717881522172681,794152,506,40,1801981434,64,702861735
1717881522326682,794152,506,40,1802135434,64,703015735
1717881522483681,794152,506,40,1802292434,64,703172735
1717881522640701,794152,450,40,1802449455,64,703329756
1717881522792665,794152,450,40,1802601418,64,703481719
1717881522945927,794097,450,40,1802754641,64,703634942
1717881523103197,794152,450,40,1802911911,64,703792212
1717881523205125,794152,450,40,1803013854,64,703894155
1717881523409115,794152,450,40,1803217851,64,704098152
1717881523511747,794152,450,40,1803320500,64,704200801
1717881523669006,794152,450,40,1803477706,64,704358007
1717881523822736,794152,393,40,1803631490,64,704511791
1717881523976018,794152,450,40,1803784713,64,704665014
1717881524128681,794152,450,40,1803937434,64,704817735
1717881524285915,794207,450,40,1804094625,64,704974926
1717881524387979,794152,450,40,1804196673,64,705076974
1717881524590813,794207,393,40,1804399566,64,705279867
1717881524751861,794207,393,40,1804560558,64,705440859
1717881524906707,794207,393,40,1804715460,64,705595761
1717881525008817,794207,393,40,1804817570,64,705697871
1717881525162681,794207,393,40,1804971434,64,705851735
1717881525319672,794207,393,40,1805128425,64,706008726
1717881525473821,794207,393,40,1805282573,64,706162874
1717881525625665,794207,393,40,1805434419,64,706314720
1717881525726987,794207,393,40,1805535684,64,706415985
1717881525886029,794207,393,40,1805694782,64,706575083
1717881526039359,794207,393,40,1805848108,64,706728409
1717881526191717,794207,393,40,1806000469,64,706880770
1717881526293846,794207,393,40,1806102570,64,706982871
1717881526448818,794207,393,40,1806257570,64,707137871
1717881526605677,794261,393,40,1806414430,64,707294731
1717881526759748,794261,393,40,1806568501,64,707448802
1717881526912673,794261,393,40,1806721426,64,707601727
1717881527068828,794261,393,40,1806877573,64,707757874
1717881527225822,794261,393,40,1807034573,64,707914874
1717881527382815,794261,393,40,1807191567,64,708071868
1717881527536818,794261,450,40,1807345569,64,708225870
1717881527690853,794261,450,40,1807499571,64,708379872
1717881527793816,794261,450,40,1807602564,64,708482865
1717881527950681,794261,393,40,1807759434,64,708639735
1717881528104725,794316,393,40,1807913432,64,708793733
1717881528258681,794316,393,40,1808067435,64,708947736
1717881528411856,794316,393,40,1808220609,64,709100910
1717881528514284,794316,393,40,1808323034,64,709203335
1717881528667352,794316,393,40,1808476040,64,709356341
1717881528820171,794316,393,40,1808628921,64,709509222
1717881528922061,794316,393,40,1808730817,64,709611118
1717881529075969,794316,393,40,1808884682,64,709764983
1717881529229739,794316,393,40,1809038490,64,709918791
1717881529383812,794316,393,40,1809192565,64,710072866
1717881529486006,794316,393,40,1809294697,64,710174998
1717881529639847,794316,450,40,1809448548,64,710328849
1717881529792812,794316,450,40,1809601564,64,710481865
1717881529894741,794316,450,40,1809703494,64,710583795
1717881530050747,794316,393,40,1809859500,64,710739801
1717881530207857,794316,450,40,1810016562,64,710896863
1717881530360681,794371,450,40,1810169434,64,711049735
1717881530513707,794371,450,40,1810322460,64,711202761
1717881530614981,794371,450,40,1810423701,64,711304002
1717881530768813,794371,450,40,1810577565,64,711457866
1717881530925710,794371,450,40,1810734464,64,711614765
1717881531078665,794371,450,40,1810887418,64,711767719
1717881531231811,794426,450,40,1811040563,64,711920864
1717881531383665,794371,450,40,1811192419,64,712072720
1717881531535818,794371,393,40,1811344570,64,712224871
1717881531637843,794371,393,40,1811446543,64,712326844
1717881531792728,794371,393,40,1811601438,64,712481739
1717881531945727,794371,393,40,1811754474,64,712634775
1717881532098712,794371,393,40,1811907462,64,712787763
1717881532251709,794371,393,40,1812060462,64,712940763
1717881532352945,794426,393,40,1812161655,64,713041956
1717881532506813,794371,393,40,1812315566,64,713195867
1717881532664309,794426,393,40,1812473042,64,713353343
1717881532766260,794426,393,40,1812574991,64,713455292
1717881532919178,794426,393,40,1812727891,64,713608192
1717881533021811,794426,393,40,1812830564,64,713710865
1717881533179735,794426,393,40,1812988487,64,713868788
1717881533335677,794426,393,40,1813144431,64,714024732
1717881533492708,794426,393,40,1813301462,64,714181763
1717881533645853,794426,393,40,1813454606,64,714334907
1717881533796836,794426,393,40,1813605588,64,714485889
1717881533949669,794481,393,40,1813758420,64,714638721
1717881534102665,794426,393,40,1813911418,64,714791719
1717881534254806,794426,393,40,1814063558,64,714943859
1717881534356851,794426,393,40,1814165575,64,715045876
1717881534510842,794426,393,40,1814319532,64,715199833
1717881534712815,794481,337,40,1814521568,64,715401869
1717881534864903,794426,337,40,1814673656,64,715553957
1717881535018811,794426,337,40,1814827563,64,715707864
1717881535121020,794481,337,40,1814929709,64,715810010
1717881535273831,794481,393,40,1815082563,64,715962864
1717881535426825,794481,393,40,1815235567,64,716115868
1717881535579686,794426,393,40,1815388440,64,716268741
1717881535732821,794481,393,40,1815541574,64,716421875
1717881535838740,794481,393,40,1815647492,64,716527793
1717881535990736,794481,393,40,1815799489,64,716679790
1717881536144681,794426,393,40,1815953434,64,716833735
1717881536298667,794481,393,40,1816107420,64,716987721
1717881536451665,794426,393,40,1816260419,64,717140720
1717881536605699,794481,393,40,1816414453,64,717294754
1717881536760345,794481,393,40,1816569055,64,717449356
1717881536913187,794426,393,40,1816721894,64,717602195
1717881537015250,794481,393,40,1816823997,64,717704298
1717881537219154,794426,393,40,1817027898,64,717908199
1717881537321718,794426,393,40,1817130470,64,718010771
1717881537479748,794426,393,40,1817288502,64,718168803
1717881537582973,794426,393,40,1817391693,64,718271994
1717881537740682,794481,393,40,1817549434,64,718429735
1717881537894815,794481,393,40,1817703567,64,718583868
1717881538052772,794481,393,40,1817861479,64,718741780
1717881538153975,794481,393,40,1817962672,64,718842973
1717881538362813,794481,393,40,1818171566,64,719051867
1717881538468668,794481,393,40,1818277421,64,719157722
1717881538622828,794481,393,40,1818431574,64,719311875
1717881538775816,794481,393,40,1818584568,64,719464869
1717881538928674,794481,393,40,1818737428,64,719617729
1717881539081665,794481,393,40,1818890419,64,719770720
1717881539234931,794481,393,40,1819043641,64,719923942
1717881539388681,794481,393,40,1819197435,64,720077736
1717881539491128,794481,393,40,1819299852,64,720180153
1717881539644009,794481,393,40,1819452761,64,720333062
1717881539797147,794481,393,40,1819605881,64,720486182
1717881540051685,794536,393,40,1819860439,64,720740740
1717881540203670,794536,393,40,1820012424,64,720892725
1717881540355757,794536,393,40,1820164504,64,721044805
1717881540508675,794481,337,40,1820317429,64,721197730
1717881540662896,794536,393,40,1820471635,64,721351936
1717881540816822,794536,337,40,1820625571,64,721505872
1717881540973733,794536,337,40,1820782485,64,721662786
1717881541075839,794536,337,40,1820884575,64,721764876
1717881541229740,794536,337,40,1821038492,64,721918793
1717881541437805,794536,337,40,1821246558,64,722126859
1717881541539667,794481,337,40,1821348420,64,722228721
1717881541691681,794536,337,40,1821500434,64,722380735
1717881541899813,794536,393,40,1821708565,64,722588866
1717881542053689,794536,393,40,1821862443,64,722742744
1717881542155668,794536,337,40,1821964421,64,722844722
1717881542307735,794590,393,40,1822116488,64,722996789
1717881542459681,794536,337,40,1822268434,64,723148735
1717881542612682,794590,337,40,1822421435,64,723301736
1717881542765698,794536,337,40,1822574451,64,723454752
1717881542918681,794536,337,40,1822727434,64,723607735
1717881543071682,794536,337,40,1822880434,64,723760735
1717881543225665,794590,337,40,1823034419,64,723914720
1717881543378682,794590,337,40,1823187435,64,724067736
1717881543481821,794590,337,40,1823290573,64,724170874
1717881543639312,794645,337,40,1823448005,64,724328306
1717881543792013,794590,337,40,1823600765,64,724481066
1717881543945280,794590,337,40,1823754033,64,724634334
1717881544047435,794590,337,40,1823856135,64,724736436
1717881544199744,794590,337,40,1824008496,64,724888797
1717881544351674,794590,337,40,1824160427,64,725040728
1717881544453949,794590,393,40,1824262669,64,725142970
1717881544610665,794590,393,40,1824419419,64,725299720
1717881544764669,794645,337,40,1824573423,64,725453724
1717881544866936,794645,337,40,1824675659,64,725555960
1717881545021744,794590,337,40,1824830498,64,725710799
1717881545175814,794590,393,40,1824984567,64,725864868
1717881545328681,794590,393,40,1825137434,64,726017735
1717881545480681,794645,393,40,1825289434,64,726169735
1717881545632681,794645,393,40,1825441434,64,726321735
1717881545785681,793987,393,40,1825594434,72,726474735
1717881545938681,789381,393,40,1825747434,72,726627735
1717881546091813,785214,393,40,1825900566,72,726780867
1717881546243804,781924,393,40,1826052556,72,726932857
1717881546345736,780114,393,40,1826154489,72,727034790
1717881546497822,777757,393,40,1826306572,72,727186873
1717881546655681,775728,337,40,1826464434,72,727344735
1717881546808710,773699,337,40,1826617464,72,727497765
1717881546961903,771889,393,40,1826770656,72,727650957
1717881547114703,770244,393,40,1826923457,72,727803758
1717881547271665,768599,393,40,1827080419,72,727960720
1717881547428811,766954,337,40,1827237563,72,728117864
1717881547586174,764926,337,40,1827394895,72,728275196
1717881547739092,763445,337,40,1827547837,72,728428138
1717881547841414,762403,337,40,1827650111,72,728530412
1717881547993039,760978,337,40,1827801791,72,728682092
1717881548145958,759552,337,40,1827954666,72,728834967
1717881548298696,758071,337,40,1828107450,72,728987751
1717881548452688,756646,337,40,1828261441,72,729141742
1717881548554981,755659,337,40,1828363680,72,729243981
1717881548708681,754233,337,40,1828517434,72,729397735
1717881548912815,752204,337,0,1828721569,80,729601870
1717881549069882,750559,337,0,1828878596,80,729758897
1717881549222974,749024,337,0,1829031670,80,729911971
1717881549325985,748037,337,0,1829134697,80,730014998
1717881549480723,746502,337,0,1829289478,80,730169779
1717881549638815,744692,281,0,1829447569,80,730327870
1717881549740890,743650,281,0,1829549586,80,730429887
1717881549893802,741950,281,0,1829702556,80,730582857
1717881550048812,740196,281,0,1829857566,80,730737867
1717881550149810,739209,281,0,1829958564,80,730838865
1717881550300932,737509,281,0,1830109636,80,730989937
1717881550453684,735754,281,0,1830262438,80,731142739
1717881550610668,734054,281,0,1830419419,80,731299720
1717881550763816,732464,281,0,1830572570,80,731452871
1717881550864975,731367,281,0,1830673674,80,731553975
1717881551019812,729558,281,0,1830828564,80,731708865
1717881551177012,727365,281,0,1830985766,80,731866067
1717881551330113,725720,281,0,1831138846,80,732019147
1717881551483132,723910,281,0,1831291862,80,732172163
1717881551635155,722265,281,0,1831443905,80,732324206
1717881551787740,720620,281,0,1831596494,80,732476795
1717881551944745,718920,281,0,1831753500,80,732633801
1717881552101668,717275,281,0,1831910423,80,732790724
1717881552254679,715575,281,0,1832063434,80,732943735
1717881552406665,713930,281,0,1832215420,80,733095721
1717881552559679,712231,281,0,1832368434,80,733248735
1717881552716801,710531,337,0,1832525554,80,733405855
1717881552869663,708886,281,0,1832678418,80,733558719
1717881553022688,707296,337,0,1832831443,80,733711744
1717881553124736,706199,337,0,1832933490,80,733813791
1717881553329807,704006,337,0,1833138561,80,734018862
1717881553483672,702251,281,0,1833292427,80,734172728
1717881553585739,701154,281,0,1833394490,80,734274791
1717881553741808,699509,337,0,1833550562,80,734430863
1717881553899750,697919,281,0,1833708505,80,734588806
1717881554052708,696274,281,0,1833861459,80,734741760
1717881554154965,695232,337,0,1833963660,80,734843961
1717881554308966,693532,281,0,1834117664,80,734997965
1717881554464011,691394,281,0,1834272765,80,735153066
1717881554617164,689749,281,0,1834425916,80,735306217
1717881554770153,688104,281,0,1834578902,80,735459203
1717881554872426,687117,337,0,1834681135,80,735561436
1717881555024315,685417,337,0,1834833025,80,735713326
1717881555181685,683882,337,0,1834990440,80,735870741
1717881555333732,682292,281,0,1835142486,80,736022787
1717881555485820,680701,281,0,1835294571,80,736174872
1717881555639777,679166,281,0,1835448530,80,736328831
1717881555742731,678069,281,0,1835551485,80,736431786
1717881555895685,676424,281,0,1835704439,64,736584740
1717881556051671,674944,281,0,1835860419,64,736740720
1717881556152820,673847,281,0,1835961574,64,736841875
1717881556305897,672257,281,0,1836114650,96,736994951
1717881556463808,229971,281,0,1836272562,96,737152863
1717881556615663,-33777,281,0,1836424418,96,737304719
1717881556767711,613147,337,0,1836576465,96,737456766
1717881556919818,763116,337,0,1836728572,96,737608873
1717881557072679,293578,393,0,1836881434,96,737761735
1717881557228679,233645,450,0,1837037434,96,737917735
1717881557386742,20946,393,0,1837195497,96,738075798
1717881557539822,877,393,0,1837348519,96,738228820
1717881557690834,-932,393,0,1837499576,96,738379877
1717881557792976,-32351,393,0,1837601694,96,738481995
1717881557946982,-51214,337,0,1837755677,96,738635978
1717881558101812,-16175,337,0,1837910566,96,738790867
1717881558259001,-1151,281,0,1838067753,96,738948054
1717881558412140,15408,281,0,1838220882,96,739101183
1717881558514356,13598,225,0,1838323090,96,739203391
1717881558675811,11789,225,0,1838484565,96,739364866
1717881558828663,-17766,225,0,1838637418,96,739517719
1717881558980737,8170,225,0,1838789491,96,739669792
1717881559134682,10911,281,0,1838943437,96,739823738
1717881559284819,16121,281,0,1839093569,96,739973870
1717881559441809,23633,281,0,1839250563,96,740130864
1717881559598679,21878,281,0,1839407434,96,740287735
1717881559751738,19904,281,0,1839560493,96,740440794
1717881559904846,11350,281,0,1839713539,96,740593840
1717881560058675,16504,281,0,1839867429,96,740747730
1717881560214813,18588,281,0,1840023567,96,740903868
1717881560315925,22426,337,0,1840124640,96,741004941
1717881560467891,24017,337,0,1840276597,96,741156898
1717881560619977,22152,281,0,1840428673,96,741308974
1717881560776667,20288,337,0,1840585421,96,741465722
1717881560928679,17217,337,0,1840737434,96,741617735
1717881561081663,17656,337,0,1840890418,96,741770719
1717881561234665,21823,337,0,1841043420,96,741923721
1717881561388668,25004,337,0,1841197420,96,742077721
1717881561541808,23688,337,0,1841350561,96,742230862
1717881561648231,24784,337,0,1841456983,96,742337284
1717881561852022,24894,281,0,1841660777,96,742541078
1717881562006791,22207,281,0,1841815544,96,742695845
1717881562163828,23852,281,0,1841972581,96,742852882
1717881562316665,26484,281,0,1842125419,96,743005720
1717881562469817,26649,281,0,1842278571,96,743158872
1717881562626817,25113,281,0,1842435568,96,743315869
1717881562728738,25826,281,0,1842537491,96,743417792
1717881562882748,20727,281,0,1842691502,96,743571803
1717881563040680,19575,281,0,1842849434,96,743729735
1717881563193757,24291,281,0,1843002504,96,743882805
1717881563350669,25058,281,0,1843159423,96,744039724
1717881563507917,27581,281,0,1843316654,96,744196955
1717881563661885,31090,281,0,1843470619,96,744350920
1717881563815679,24675,281,0,1843624434,96,744504735
1717881563967679,21275,281,0,1843776434,96,744656735
1717881564120808,20178,281,0,1843929562,96,744809863
1717881564227370,26155,337,0,1844036071,96,744916372
1717881564380364,25771,337,0,1844189097,96,745069398
1717881564533079,26703,337,0,1844341829,96,745222130
1717881564685024,28458,337,0,1844493777,96,745374078
1717881564787684,26265,337,0,1844596439,96,745476740
1717881564944699,20507,337,0,1844753454,96,745633755
1717881565097811,19794,337,0,1844906564,96,745786865
1717881565198971,23962,337,0,1845007664,96,745887965
1717881565351905,28568,281,0,1845160603,96,746040904
1717881565509811,29061,281,0,1845318565,96,746198866
1717881565667664,29829,281,0,1845476419,96,746356720
1717881565768939,25004,281,0,1845577649,96,746457950
1717881565920711,27581,281,0,1845729464,96,746609765
1717881566073673,21385,281,0,1845882428,96,746762729
1717881566226812,23030,281,0,1846035566,96,746915867
1717881566329007,25716,281,0,1846137715,96,747018016
1717881566481846,25278,281,0,1846290558,96,747170859
1717881566634715,30322,281,0,1846443470,96,747323771
1717881566787663,24949,281,0,1846596418,96,747476719
1717881566888816,22043,281,0,1846697570,96,747577871
1717881567041935,19740,281,0,1846850668,96,747730969
1717881567200916,22701,281,0,1847009631,96,747889932
1717881567353799,25662,281,0,1847162551,96,748042852
1717881567455675,27965,281,0,1847264430,96,748144731
1717881567606883,31913,281,0,1847415636,96,748295937
1717881567762918,24510,281,0,1847571634,96,748451935
1717881567914954,22920,281,0,1847723663,96,748603964
1717881568067876,21001,281,0,1847876574,96,748756875
1717881568225060,20014,281,0,1848033814,96,748914115
1717881568328008,22646,281,0,1848136708,96,749017009
1717881568484716,23084,225,0,1848293469,96,749173770
1717881568640666,27910,225,0,1848449421,96,749329722
1717881568792663,28842,225,0,1848601418,96,749481719
1717881568949679,24510,225,0,1848758434,96,749638735
1717881569101679,25387,225,0,1848910434,96,749790735
1717881569253864,22701,225,0,1849062583,96,749942884
1717881569409822,29116,281,0,1849218518,96,750098819
1717881569561985,27855,281,0,1849370704,96,750251005
1717881569766680,28074,281,0,1849575435,96,750455736
1717881569868959,27910,281,0,1849677694,96,750557995
1717881570022679,23413,281,0,1849831434,96,750711735
1717881570177862,23468,281,0,1849986560,96,750866861
1717881570330679,23359,281,0,1850139434,96,751019735
1717881570430956,24839,281,0,1850239695,96,751119996
1717881570633673,28074,281,0,1850442421,96,751322722
1717881570785679,27745,281,0,1850594434,96,751474735
1717881570937668,22591,281,0,1850746423,96,751626724
1717881571091817,17437,281,0,1850900567,96,751780868
1717881571245731,23413,281,0,1851054485,96,751934786
1717881571397680,23304,337,0,1851206434,96,752086735
1717881571498788,23578,337,0,1851307542,96,752187843
1717881571702679,30268,281,0,1851511434,96,752391735
1717881571859006,22536,281,0,1851667702,96,752548003
1717881572067993,23359,281,0,1851876747,96,752757048
1717881572221029,21330,337,0,1852029782,96,752910083
1717881572323998,22152,337,0,1852132707,96,753013008
1717881572531780,24291,337,0,1852340535,96,753220836
1717881572687667,25826,337,0,1852496422,96,753376723
1717881572845695,26813,337,0,1852654450,96,753534751
1717881572995819,22591,337,0,1852804572,96,753684873
1717881573146817,18807,337,0,1852955571,96,753835872
1717881573251824,21385,337,0,1853060524,96,753940825
1717881573408679,21165,337,0,1853217434,96,754097735
1717881573568668,29500,337,0,1853377419,96,754257720
1717881573719668,28842,281,0,1853528419,96,754408720
1717881573872679,23633,281,0,1853681434,96,754561735
1717881573972886,21878,281,0,1853781584,96,754661885
1717881574177883,20069,281,0,1853986591,96,754866892
1717881574279791,20069,281,0,1854088495,96,754968796
1717881574432822,26374,281,0,1854241576,96,755121877
1717881574590813,26374,281,0,1854399566,96,755279867
1717881574747998,26868,281,0,1854556751,96,755437052
1717881574901173,23468,281,0,1854709882,96,755590183
1717881575054371,25168,281,0,1854863061,96,755743362
1717881575211683,16833,281,0,1855020438,96,755900739
1717881575364969,22317,281,0,1855173682,96,756053983
1717881575517731,25552,281,0,1855326486,96,756206787
1717881575673768,29171,281,0,1855482522,96,756362823
1717881575830679,26210,281,0,1855639434,96,756519735
1717881575983008,24455,281,0,1855791709,96,756672010
1717881576136809,22920,281,0,1855945562,96,756825863
1717881576293854,16943,281,0,1856102563,96,756982864
1717881576446817,21823,281,0,1856255570,96,757135871
1717881576598811,23852,281,0,1856407564,96,757287865
1717881576699933,26923,281,0,1856508657,96,757388958
1717881576856744,24620,281,0,1856665499,96,757545800
1717881577009900,22701,281,0,1856818645,96,757698946
1717881577166812,21220,281,0,1856975566,96,757855867
1717881577317737,23523,281,0,1857126491,96,758006792
1717881577469808,21330,281,0,1857278562,96,758158863
1717881577621819,24784,281,0,1857430572,96,758310873
1717881577727740,27581,225,0,1857536494,96,758416795
1717881577929841,26649,281,0,1857738595,96,758618896
1717881578087257,21988,225,0,1857896010,96,758776311
1717881578240356,21385,281,0,1858049048,96,758929349
1717881578394713,19685,281,0,1858203467,96,759083768
1717881578497748,22536,281,0,1858306503,96,759186804
1717881578655952,23688,281,0,1858464674,96,759344975
1717881578807821,26868,281,0,1858616575,96,759496876
1717881578968729,21604,281,0,1858777484,96,759657785
1717881579121808,21110,281,0,1858930563,96,759810864
1717881579282719,18095,281,0,1859091474,96,759971775
1717881579433714,20123,281,0,1859242440,96,760122741
1717881579585816,24291,281,0,1859394568,96,760274869
1717881579695940,26320,281,0,1859504658,96,760384959
1717881579848982,24346,281,0,1859657688,96,760537989
1717881580001744,24784,281,0,1859810499,96,760690800
1717881580159136,23139,281,0,1859967877,96,760848178
1717881580312011,19246,281,0,1860120764,96,761001065
1717881580465026,20507,281,0,1860273779,96,761154080
1717881580566687,21933,281,0,1860375442,96,761255743
1717881580718372,25442,281,0,1860527082,96,761407383
1717881580872999,23688,281,0,1860681690,96,761561991
1717881581030772,23797,281,0,1860839485,96,761719786
1717881581131820,23962,281,0,1860940573,96,761820874
1717881581288677,17875,281,0,1861097431,96,761977732
1717881581445806,22317,281,0,1861254559,96,762134860
1717881581605872,21165,225,0,1861414585,96,762294886
1717881581758710,22810,225,0,1861567462,96,762447763
1717881581858739,23468,225,0,1861667492,96,762547793
1717881582019010,25552,225,0,1861827715,96,762708016
1717881582171671,19849,225,0,1861980426,96,762860727
1717881582322679,17930,225,0,1862131434,96,763011735
1717881582474907,21933,281,0,1862283661,96,763163962
1717881582580810,25004,281,0,1862389564,96,763269865
1717881582735806,23523,281,0,1862544560,96,763424861
1717881582887819,26429,225,0,1862696572,96,763576873
1717881582988961,23413,225,0,1862797697,96,763677998
1717881583142362,19246,281,0,1862951048,96,763831349
1717881583294999,20452,281,0,1863103752,96,763984053
1717881583448015,18478,281,0,1863256766,96,764137067
1717881583601017,22426,225,0,1863409770,96,764290071
1717881583752999,28348,225,0,1863561752,96,764442053
1717881583854732,29281,225,0,1863663486,96,764543787
1717881584006673,22975,225,0,1863815428,96,764695729
1717881584160738,19301,225,0,1863969489,96,764849790
1717881584317817,18095,225,0,1864126569,96,765006870
1717881584474824,19575,225,0,1864283574,96,765163875
1717881584576960,20507,225,0,1864385691,96,765265992
1717881584731809,23742,225,0,1864540562,96,765420863
1717881584887871,26045,225,0,1864696576,96,765576877
1717881584994766,23359,225,0,1864803520,96,765683821
1717881585146776,22152,225,0,1864955530,96,765835831
1717881585252739,17053,225,0,1865061492,96,765941793
1717881585418164,19520,225,0,1865226878,96,766107179
1717881585571046,19027,225,0,1865379799,96,766260100
1717881585724148,25278,225,0,1865532892,96,766413193
1717881585877139,26100,225,0,1865685889,96,766566190
1717881586034688,24181,225,0,1865843443,96,766723744
1717881586187749,20343,225,0,1865996497,96,766876798
1717881586289661,22097,225,4,1866098419,0,766978720
1717881586445709,17108,225,4,1866254468,0,767134769
1717881586551804,20727,225,4,1866360561,0,767240862
1717881586707664,26978,225,4,1866516423,0,767396724
1717881586860676,24839,225,4,1866669434,0,767549735
1717881587012806,21714,225,4,1866821561,0,767701862
1717881587114724,21220,225,4,1866923482,0,767803783
1717881587266794,19685,168,4,1867075552,0,767955853
1717881587420787,18972,168,4,1867229545,0,768109846
1717881587522883,20617,168,4,1867331613,0,768211914
1717881587674889,20123,168,4,1867483589,0,768363890
1717881587828783,27581,168,4,1867637536,0,768517837
1717881587986840,25881,168,4,1867795597,0,768675898
1717881588091743,21385,168,4,1867900444,0,768780745
1717881588242797,21330,168,4,1868051555,0,768931856
1717881588395765,19520,168,4,1868204524,0,769084825
1717881588547837,14366,168,4,1868356594,0,769236895
1717881588653698,17053,168,4,1868462457,0,769342758
1717881588807132,25004,168,4,1868615862,0,769496163
1717881588960069,26100,168,4,1868768826,0,769649127
1717881589113211,23907,168,4,1868921911,0,769802212
1717881589266204,17656,168,4,1869074951,0,769955252
1717881589423743,21330,225,4,1869232500,0,770112801
1717881589588803,17766,225,4,1869397556,0,770277857
1717881589749676,22920,225,4,1869558434,0,770438735
1717881589855807,23633,225,4,1869664564,0,770544865
1717881590010765,25442,225,4,1869819523,0,770699824
1717881590167793,23962,225,4,1869976551,0,770856852
1717881590320693,20178,225,4,1870129450,0,771009751
1717881590421990,19740,225,4,1870230697,0,771110998
1717881590580072,19136,225,4,1870388827,0,771269128
1717881590733057,20343,225,4,1870541814,0,771422115
1717881590890676,25771,225,4,1870699434,0,771579735
1717881591043716,24620,225,4,1870852474,0,771732775
1717881591195809,18424,225,4,1871004563,0,771884864
1717881591347803,18917,225,4,1871156560,0,772036861
1717881591503667,15517,225,4,1871312425,0,772192726
1717881591659676,20507,225,4,1871468434,0,772348735
1717881591765885,21110,225,4,1871574601,0,772454902
1717881591919659,25278,225,4,1871728418,0,772608719
1717881592076665,25058,225,4,1871885419,0,772765720
1717881592177938,23413,225,4,1871986676,0,772866977
1717881592334758,23030,225,4,1872143481,0,773023782
1717881592487677,17053,225,4,1872296434,0,773176735
1717881592639679,18314,225,4,1872448436,0,773328737
1717881592740661,20288,225,4,1872549419,0,773429720
1717881592896797,20672,225,4,1872705554,0,773585855
1717881593052819,25442,168,4,1872861577,0,773741878
1717881593210208,24675,168,4,1873018944,0,773899245
1717881593363142,19411,168,4,1873171869,0,774052170
1717881593515751,15463,168,4,1873324508,0,774204809
1717881593667716,18259,168,4,1873476474,0,774356775
1717881593827703,19575,168,4,1873636436,0,774516737
1717881593979747,22043,168,4,1873788502,0,774668803
1717881594080823,23797,168,4,1873889532,0,774769833
1717881594289676,19630,168,4,1874098435,0,774978736
1717881594446838,18533,168,4,1874255595,0,775135896
1717881594599691,14750,225,4,1874408448,0,775288749
1717881594705719,19246,225,4,1874514477,0,775394778
1717881594857664,18369,225,4,1874666421,0,775546722
1717881595013805,21439,225,4,1874822563,0,775702864
1717881595116733,22920,225,4,1874925490,0,775805791
1717881595268805,18095,225,4,1875077563,0,775957864
1717881595428844,17711,225,4,1875237544,0,776117845
1717881595582797,19849,225,4,1875391554,0,776271855
1717881595740131,16121,225,4,1875548883,0,776429184
1717881595892145,24071,168,4,1875700902,0,776581203
1717881596046919,22262,168,4,1875855639,0,776735940
1717881596203659,19959,168,4,1876012418,0,776892719
1717881596356949,20343,168,4,1876165669,0,777045970
1717881596513659,14201,112,4,1876322418,0,777202719
1717881596668799,16175,112,4,1876477552,0,777357853
1717881596824659,19794,112,4,1876633418,0,777513719
1717881596925879,22152,112,4,1876734598,0,777614899
1717881597079677,25333,112,4,1876888434,0,777768735
1717881597231676,22865,112,4,1877040434,0,777920735
1717881597384718,20836,112,4,1877193475,0,778073776
1717881597537769,19136,112,4,1877346528,0,778226829
1717881597690732,18424,112,4,1877499444,0,778379745
1717881597843659,19740,112,4,1877652418,0,778532719
1717881597999800,22755,112,4,1877808558,0,778688859
1717881598151665,22152,112,4,1877960419,0,778840720
1717881598303845,21878,112,4,1878112561,0,778992862
1717881598408978,21494,112,4,1878217677,0,779097978
1717881598564676,14201,112,4,1878373434,0,779253735
1717881598664940,14256,112,4,1878473650,0,779353951
1717881598818936,15024,112,4,1878627651,0,779507952
1717881598970946,21988,112,4,1878779689,0,779659990
1717881599122887,20617,112,4,1878931618,0,779811919
1717881599276996,19520,168,4,1879085753,0,779966054
1717881599379416,19191,168,4,1879188127,0,780068428
1717881599532402,18259,112,4,1879341112,0,780221413
1717881599685179,14476,112,4,1879493928,0,780374229
1717881599837340,17491,168,4,1879646074,0,780526375
1717881599988997,19027,168,4,1879797754,0,780678055
1717881600146740,20891,168,4,1879955499,0,780835800
1717881600249806,23907,168,4,1880058563,0,780938864
1717881600406719,22810,168,4,1880215475,0,781095776
1717881600558718,15024,168,4,1880367475,0,781247776
1717881600709676,16011,112,4,1880518434,0,781398735
1717881600864804,22536,112,4,1880673561,0,781553862
1717881600970953,21933,112,4,1880779662,0,781659963
1717881601123659,23194,112,4,1880932418,0,781812719
1717881601274743,21768,112,4,1881083501,0,781963802
1717881601426676,20288,112,4,1881235434,0,782115735
1717881601531748,16230,112,4,1881340504,0,782220805
1717881601682983,17820,112,4,1881491697,0,782371998
1717881601839676,16340,112,4,1881648434,0,782528735
1717881601941731,20781,168,4,1881750432,0,782630733
1717881602092716,22536,168,4,1881901474,0,782781775
1717881602295796,19849,112,4,1882104553,0,782984854
1717881602447659,20452,112,4,1882256418,0,783136719
1717881602604665,16175,168,4,1882413419,0,783293720
1717881602756684,15682,112,4,1882565443,0,783445744
1717881602912659,16998,112,4,1882721418,0,783601719
1717881603017968,21056,112,4,1882826683,0,783706984
1717881603171994,23523,168,4,1882980751,0,783861052
1717881603325330,17601,168,4,1883134039,0,784014340
1717881603528989,19520,168,4,1883337746,0,784218047
1717881603630719,15737,168,4,1883439476,0,784319777
1717881603781992,15901,168,4,1883590749,0,784471050
1717881603935676,18259,168,4,1883744431,0,784624732
1717881604092879,22536,168,4,1883901596,0,784781897
1717881604249676,24455,168,4,1884058434,0,784938735
1717881604410664,18698,168,4,1884219419,0,785099720
1717881604567803,13543,168,4,1884376560,0,785256861
1717881604672979,15188,168,4,1884481689,0,785361990
1717881604831696,18149,168,4,1884640454,0,785520755
1717881604988676,18807,168,4,1884797434,0,785677735
1717881605141659,21056,168,4,1884950418,0,785830719
1717881605293803,22481,168,4,1885102558,0,785982859
1717881605451051,16230,168,4,1885259810,0,786140111
1717881605603119,18698,168,4,1885411870,0,786292171
1717881605704237,15353,168,4,1885512994,0,786393295
1717881605857698,16943,168,4,1885666456,0,786546757
1717881606008803,18424,168,4,1885817561,0,786697862
1717881606165767,21385,168,4,1885974526,0,786854827
1717881606318952,18917,168,4,1886127677,0,787007978
1717881606470797,21823,112,4,1886279555,0,787159856
1717881606626677,17162,112,4,1886435434,0,787315735
1717881606782800,13160,112,4,1886591558,0,787471859
1717881606887792,16066,168,4,1886696549,0,787576850
1717881607038810,19740,112,4,1886847564,0,787727865
1717881607143961,23194,168,4,1886952671,0,787832972
1717881607295930,25497,112,4,1887104639,0,787984940
1717881607503676,19520,112,4,1887312435,0,788192736
1717881607655794,17491,112,4,1887464551,0,788344852
1717881607811676,18588,112,4,1887620434,0,788500735
1717881607962902,16724,112,4,1887771643,0,788651944
1717881608114659,22920,112,4,1887923418,0,788803719
1717881608267676,21056,112,4,1888076434,0,788956735
1717881608420794,21220,112,4,1888229552,0,789109853
1717881608527807,20727,112,4,1888336524,0,789216825
1717881608684095,16340,112,4,1888492840,0,789373141
1717881608837104,17327,112,4,1888645859,0,789526160
1717881608939416,16724,168,4,1888748116,0,789628417
1717881609092378,17875,168,4,1888901081,0,789781382
1717881609244671,21165,168,4,1889053429,0,789933730
1717881609396672,21220,112,4,1889205426,0,790085727
1717881609498802,23249,112,4,1889307559,0,790187860
1717881609663797,14037,112,4,1889472556,0,790352857
1717881609819812,18204,112,4,1889628570,0,790508871
1717881609924910,18533,112,4,1889733642,0,790613943
1717881610076953,15517,112,4,1889885655,0,790765956
1717881610230897,22426,112,4,1890039655,0,790919956
1717881610391744,25058,112,4,1890200502,0,791080803
1717881610548676,21001,112,4,1890357434,0,791237735
1717881610699683,19301,112,4,1890508442,0,791388743
1717881610851662,16340,112,4,1890660419,0,791540720
1717881611002802,18917,112,4,1890811559,0,791691860
1717881611107958,20562,112,4,1890916672,0,791796973
1717881611259742,21110,112,4,1891068501,0,791948802
1717881611416149,20836,168,4,1891224880,0,792105181
1717881611569133,19301,112,4,1891377887,0,792258188
1717881611721996,15956,168,4,1891530753,0,792411054
1717881611824434,15408,112,4,1891633138,0,792513439
1717881611977805,12995,168,4,1891786561,0,792666862
1717881612139676,14805,168,4,1891948434,0,792828735
1717881612291744,20672,112,4,1892100501,0,792980802
1717881612447677,22701,112,4,1892256434,0,793136735
1717881612600659,20507,112,4,1892409418,0,793289719
1717881612757670,18095,112,4,1892566424,0,793446725
1717881612909711,13818,112,4,1892718464,0,793598765
1717881613060847,17985,112,4,1892869558,0,793749859
1717881613162845,17546,112,4,1892971599,0,793851900
1717881613323748,19794,112,4,1893132506,0,794012807
1717881613475792,22865,112,4,1893284549,0,794164850
1717881613627684,18040,112,4,1893436441,0,794316742
1717881613779695,14859,112,4,1893588453,0,794468754
1717881613931743,18424,112,4,1893740501,0,794620802
1717881614084659,16669,112,4,1893893418,0,794773719
1717881614236693,22262,112,4,1894045442,0,794925743
1717881614342804,21823,112,4,1894151561,0,795031862
1717881614493725,21275,112,4,1894302483,0,795182784
1717881614654991,18753,112,4,1894463749,0,795344050
1717881614808218,13543,112,4,1894616973,0,795497274
1717881614960799,16395,112,4,1894769500,0,795649801
1717881615112720,18917,112,4,1894921478,0,795801779
1717881615265749,23742,112,4,1895074506,0,795954807
1717881615371661,22207,112,4,1895180419,0,796060720
1717881615528676,20946,112,4,1895337434,0,796217735
1717881615688667,20452,112,4,1895497419,0,796377720
1717881615794884,15353,112,4,1895603603,0,796483904
1717881615948942,15517,112,4,1895757655,0,796637956
1717881616100719,15408,112,4,1895909477,0,796789778
1717881616251876,19356,112,4,1896060633,0,796940934
1717881616409694,22262,56,4,1896218453,0,797098754
1717881616560804,22097,56,4,1896369557,0,797249858
1717881616666800,16559,56,4,1896475558,0,797355859
1717881616817797,13324,56,4,1896626512,0,797506813
1717881617022676,13872,56,4,1896831434,0,797711735
1717881617176791,20891,56,4,1896985548,0,797865849
1717881617334115,19356,56,4,1897142851,0,798023152
1717881617436411,21549,56,4,1897245120,0,798125421
1717881617589357,18643,56,4,1897398062,0,798278363
1717881617742256,16121,56,4,1897551011,0,798431312
1717881617894698,17382,56,4,1897703456,0,798583757
1717881618045984,14037,56,4,1897854741,0,798735042
1717881618198018,20672,56,4,1898006776,0,798887077
1717881618351747,19904,56,4,1898160505,0,799040806
1717881618507803,17491,56,4,1898316560,0,799196861
1717881618609718,19849,56,4,1898418475,0,799298776
1717881618760783,18972,56,4,1898569540,0,799449841
1717881618912854,16504,56,4,1898721557,0,799601858
1717881619070659,14311,56,4,1898879418,0,799759719
1717881619223844,15353,56,4,1899032552,0,799912853
1717881619326950,19465,56,4,1899135692,0,800015993
1717881619478690,17546,56,4,1899287448,0,800167749
1717881619684799,18040,56,4,1899493556,0,800373857
1717881619790719,17491,56,4,1899599476,0,800479777
1717881619996803,15901,56,4,1899805560,0,800685861
1717881620149804,18095,56,4,1899958560,0,800838861
1717881620301676,16559,56,4,1900110435,0,800990736
1717881620403793,20233,56,4,1900212550,0,801092851
1717881620606689,23359,56,4,1900415447,0,801295748
1717881620758676,18643,56,4,1900567434,0,801447735
1717881620910883,19575,56,4,1900719603,0,801599904
1717881621067676,13214,56,4,1900876434,0,801756735
1717881621167814,15353,56,4,1900976525,0,801856826
1717881621324659,21330,56,4,1901133418,0,802013719
1717881621477676,21110,56,4,1901286435,0,802166736
1717881621584103,19411,56,4,1901392846,0,802273147
1717881621737047,18369,56,4,1901545805,0,802426106
1717881621890170,12940,56,4,1901698925,0,802579226
1717881622042210,14530,56,4,1901850911,0,802731212
1717881622193723,14037,56,4,1902002478,0,802882779
1717881622345723,18424,56,4,1902154480,0,803034781
1717881622497041,22317,56,4,1902305797,0,803186098
1717881622598839,20507,56,4,1902407545,0,803287846
1717881622755763,16285,56,4,1902564522,0,803444823
1717881622907659,16230,56,4,1902716418,0,803596719
1717881623064795,11953,56,4,1902873554,0,803753855
1717881623221695,17162,56,4,1903030453,0,803910754
1717881623372660,19246,56,4,1903181419,0,804061720
1717881623528688,18314,56,4,1903337447,0,804217748
1717881623688679,20233,56,4,1903497438,0,804377739
1717881623788986,21165,56,4,1903597689,0,804477990
1717881623941742,14750,56,4,1903750500,0,804630801
1717881624094925,13160,56,4,1903903629,0,804783930
1717881624195861,14640,56,4,1904004618,0,804884919
1717881624353676,19520,56,4,1904162434,0,805042735
1717881624506798,16559,56,4,1904315554,0,805195855
1717881624664805,21220,56,4,1904473558,0,805353859
1717881624821998,18807,56,4,1904630755,0,805511056
1717881624975115,10308,56,4,1904783867,0,805664168
1717881625132798,13434,56,4,1904941556,0,805821857
1717881625284926,17053,56,4,1905093683,0,805973984
1717881625436803,19740,56,4,1905245560,0,806125861
1717881625592661,21275,56,4,1905401420,0,806281721
1717881625745683,17327,56,4,1905554441,0,806434742
1717881625898659,18533,56,4,1905707418,0,806587719
1717881626050677,11186,56,4,1905859436,0,806739737
1717881626202711,12611,56,4,1906011464,0,806891765
1717881626359843,17272,56,4,1906168547,0,807048848
1717881626517693,19356,56,4,1906326451,0,807206752
1717881626618966,23742,56,4,1906427686,0,807307987
1717881626775764,18204,56,4,1906584522,0,807464823
1717881626926742,15353,56,4,1906735500,0,807615801
1717881627084663,12776,56,4,1906893419,0,807773720
1717881627241676,13598,56,4,1907050434,0,807930735
1717881627394676,19904,0,4,1907203434,0,808083735
1717881627546664,16340,0,4,1907355419,0,808235720
1717881627646922,18862,0,4,1907455668,0,808335969
1717881627799875,18698,0,4,1907608632,0,808488933
1717881627957232,16614,0,4,1907765940,0,808646241
1717881628059169,14859,0,4,1907867889,0,808748190
1717881628212164,12556,0,4,1908020881,0,808901182
1717881628365800,21001,0,4,1908174556,0,809054857
1717881628525907,19411,0,4,1908334605,0,809214906
1717881628683789,19630,0,4,1908492546,0,809372847
1717881628785743,16175,0,4,1908594501,0,809474802
1717881628942795,11734,0,4,1908751553,0,809631854
1717881629099792,12282,0,4,1908908549,0,809788850
1717881629256800,11844,0,4,1909065558,0,809945859
1717881629409805,16669,0,4,1909218561,0,810098862
1717881629565789,22646,0,4,1909374546,0,810254847
1717881629716692,20014,0,4,1909525449,0,810405750
1717881629818867,20672,0,4,1909627625,0,810507926
1717881629970818,16724,0,4,1909779575,0,810659876
1717881630122805,13927,0,4,1909931563,0,810811864
1717881630278676,15079,0,4,1910087434,0,810967735
1717881630430702,16833,0,4,1910239459,0,811119760
1717881630530798,16614,56,4,1910339555,0,811219856
1717881630687959,23907,0,4,1910496716,0,811377017
1717881630790288,20288,0,4,1910598993,0,811479294
1717881630943053,14695,0,4,1910751811,0,811632112
1717881631096185,13708,0,4,1910904895,0,811785196
1717881631197246,16450,0,4,1911006001,0,811886302
1717881631400780,16066,0,4,1911209538,0,812089839
1717881631501723,19630,0,4,1911310481,0,812190782
1717881631657967,23139,0,4,1911466674,0,812346975
1717881631811715,19027,0,4,1911620472,0,812500773
1717881631967689,17108,0,4,1911776448,0,812656749
1717881632119799,13927,0,4,1911928556,0,812808857
1717881632272796,16121,0,4,1912081553,0,812961854
1717881632424716,18643,0,4,1912233474,0,813113775
1717881632577793,20672,0,4,1912386551,0,813266852
1717881632729712,22646,0,4,1912538470,0,813418771
1717881632885851,18917,0,4,1912694563,0,813574864
1717881632986883,16175,0,4,1912795631,0,813675932
1717881633200659,12447,0,4,1913009418,0,813889719
1717881633357697,16395,0,4,1913166456,0,814046757
1717881633511701,18424,0,4,1913320459,0,814200760
1717881633611806,21275,0,4,1913420561,0,814300862
1717881633769743,18314,0,4,1913578501,0,814458802
1717881633926955,14914,0,4,1913735713,0,814616014
1717881634079977,12831,0,4,1913888734,0,814769035
1717881634233716,13160,0,4,1914042474,0,814922775
1717881634390804,15627,0,4,1914199559,0,815079860
1717881634543781,21714,0,4,1914352538,0,815232839
1717881634694785,20452,0,4,1914503542,0,815383843
1717881634795820,22701,0,4,1914604577,0,815484878
1717881634951676,16450,0,4,1914760434,0,815640735
1717881635103677,15243,0,4,1914912434,0,815792735
1717881635263809,14147,0,4,1915072562,0,815952863
1717881635416945,14695,0,4,1915225664,0,816105965
1717881635518805,16066,0,4,1915327563,0,816207864
1717881635674864,19411,0,4,1915483621,0,816363922
1717881635835660,19849,-56,4,1915644418,0,816524719
1717881635987791,14695,-56,4,1915796550,0,816676851
1717881636143794,14640,-56,4,1915952551,0,816832852
1717881636296796,14421,-56,4,1916105553,0,816985854
1717881636454054,19082,-56,4,1916262812,0,817143113
1717881636607012,18259,-56,4,1916415771,0,817296072
1717881636760129,19794,-56,4,1916568865,0,817449166
1717881636913120,19630,-56,4,1916721867,0,817602168
1717881637069805,15463,-56,4,1916878561,0,817758862
1717881637226665,11240,-56,4,1917035423,0,817915724
1717881637380718,15846,-56,4,1917189477,0,818069778
1717881637540659,16395,0,4,1917349418,0,818229719
1717881637693840,19301,0,4,1917502542,0,818382843
1717881637795948,23139,0,4,1917604656,0,818484957
1717881637952913,20398,-56,4,1917761659,0,818641960
1717881638104676,18204,0,4,1917913434,0,818793735
1717881638257677,12885,0,4,1918066434,0,818946735
1717881638363844,14256,0,4,1918172600,0,819052901
1717881638516742,15243,0,4,1918325500,0,819205801
1717881638676799,18753,0,4,1918485556,0,819365857
1717881638829659,21933,0,4,1918638418,0,819518719
1717881638983105,18478,0,4,1918791852,0,819672153
1717881639136090,12776,0,4,1918944838,0,819825139
1717881639288960,12282,0,4,1919097717,0,819978018
1717881639441728,15243,0,4,1919250478,0,820130779
1717881639592966,17327,0,4,1919401723,0,820282024
1717881639745002,20891,0,4,1919553760,0,820434061
1717881639897684,19136,0,4,1919706443,0,820586744
1717881640049665,17656,0,4,1919858423,0,820738724
1717881640209804,11186,-56,4,1920018557,0,820898858
1717881640315948,12282,-56,4,1920124652,0,821004953
1717881640476676,14037,0,4,1920285434,0,821165735
1717881640631799,17108,0,4,1920440556,0,821320857
1717881640783951,18917,-56,4,1920592653,0,821472954
1717881640885836,18643,0,4,1920694593,0,821574894
1717881641041792,19356,0,4,1920850551,0,821730852
1717881641198666,14695,-56,4,1921007424,0,821887725
1717881641359009,12282,-56,4,1921167766,0,822048067
1717881641512014,13324,-56,4,1921320765,0,822201066
1717881641665104,19027,-56,4,1921473859,0,822354160
1717881641818014,19575,-56,4,1921626772,0,822507073
1717881641970223,19630,-56,4,1921778980,0,822659281
1717881642121997,14530,-56,4,1921930754,0,822811055
1717881642476048,12556,-56,4,1922284805,0,823165106
1717881642577283,15134,-56,4,1922386038,0,823266339
1717881642729804,17820,0,4,1922538563,0,823418864
1717881642886854,18424,0,4,1922695612,0,823575913
1717881643042915,18807,0,4,1922851673,0,823731974
1717881643195737,15627,0,4,1923004495,0,823884796
1717881643352937,16066,0,4,1923161691,0,824041992
1717881643510659,15024,0,4,1923319418,0,824199719
1717881643662662,17601,0,4,1923471421,0,824351722
1717881643764792,19740,0,4,1923573506,0,824453807
1717881643922659,19794,0,4,1923731418,0,824611719
1717881644079679,17546,0,4,1923888438,0,824768739
1717881644180939,18588,-56,4,1923989646,0,824869947
1717881644332973,13214,-56,4,1924141681,0,825021982
1717881644483966,14256,-56,4,1924292680,0,825172981
1717881644636689,13324,0,4,1924445447,0,825325748
1717881644793677,20507,-56,4,1924602434,0,825482735
1717881644949996,21220,-56,4,1924758753,0,825639054
1717881645103057,16175,-56,4,1924911814,0,825792115
1717881645307353,15956,-56,4,1925116090,0,825996391
1717881645409015,14969,-56,4,1925217772,0,826098073
1717881645561668,14695,-56,4,1925370427,0,826250728
1717881645713704,20014,-56,4,1925522463,0,826402764
1717881645865371,22810,-56,4,1925674080,0,826554381
1717881646017309,16340,-56,4,1925826015,0,826706316
1717881646170753,16779,-56,4,1925979507,0,826859808
1717881646330797,11844,-56,4,1926139555,0,827019856
1717881646487891,13872,-56,4,1926296646,0,827176947
1717881646591977,15737,-56,4,1926400680,0,827280981
1717881646743879,20343,-56,4,1926552636,0,827432937
1717881646904676,22591,-56,4,1926713434,0,827593735
1717881647057686,19959,-56,4,1926866445,0,827746746
1717881647212796,15737,-56,4,1927021553,0,827901854
1717881647368716,15846,-56,4,1927177474,0,828057775
1717881647522782,13653,-56,4,1927331541,0,828211842
1717881647681992,17985,-56,4,1927490749,0,828371050
1717881647784278,19136,-56,4,1927592989,0,828473290
1717881647988011,20398,-56,4,1927796766,0,828677067
1717881648141105,17820,-56,4,1927949860,0,828830161
1717881648242677,19411,-56,4,1928051435,0,828931736
1717881648394339,17327,-56,4,1928203058,0,829083359
1717881648546674,15572,-56,4,1928355431,0,829235732
1717881648703701,15517,-56,4,1928512445,0,829392746
1717881648855662,18972,-56,4,1928664421,0,829544722
1717881648957805,24181,-56,4,1928766563,0,829646864
1717881649115714,16340,0,4,1928924472,0,829804773
1717881649271807,15682,-56,4,1929080562,0,829960863
1717881649474797,11789,-56,4,1929283554,0,830163855
1717881649576799,13269,-56,4,1929385556,0,830265857
1717881649733801,18862,-56,4,1929542514,0,830422815
1717881649944803,19136,-56,4,1929753560,0,830633861
1717881650046961,21110,-56,4,1929855672,0,830735973
1717881650253696,16669,-56,4,1930062454,0,830942755
1717881650409798,13982,-56,4,1930218555,0,831098856
1717881650511676,14037,-56,4,1930320434,0,831200735
1717881650667989,17656,-56,4,1930476748,0,831357049
1717881650820979,18698,0,4,1930629737,0,831510038
1717881650974730,22810,0,4,1930783489,0,831663790
1717881651131685,21549,0,4,1930940443,0,831820744
1717881651283801,14969,-56,4,1931092557,0,831972858
1717881651444798,16395,-56,4,1931253555,0,832133856
1717881651546839,13269,-56,4,1931355597,0,832235898
1717881651704792,14640,-56,4,1931513549,0,832393850
1717881651861787,16395,-56,4,1931670545,0,832550846
1717881651963884,19411,-56,4,1931772640,0,832652941
1717881652117715,20178,-56,4,1931926472,0,832806773
1717881652319698,16888,-56,4,1932128456,0,833008757
1717881652424768,17985,-56,4,1932233527,0,833113828
1717881652576736,12666,-56,4,1932385495,0,833265796
1717881652736803,13708,-56,4,1932545562,0,833425863
1717881652887946,19520,-56,4,1932696656,0,833576957
1717881653046058,22701,-56,4,1932854814,0,833735115
1717881653199056,18259,-56,4,1933007815,0,833888116
1717881653352771,17382,-56,4,1933161529,0,834041830
1717881653509799,13379,-56,4,1933318556,0,834198857
1717881653614956,12940,-56,4,1933423675,0,834303976
1717881653775676,14750,-56,4,1933584434,0,834464735
1717881653927667,18588,-56,4,1933736426,0,834616727
1717881654084735,18533,-56,4,1933893494,0,834773795
1717881654241676,18314,-56,4,1934050434,0,834930735
1717881654398702,15846,-56,4,1934207461,0,835087762
1717881654552795,12502,-56,4,1934361553,0,835241854
1717881654706679,14092,-56,4,1934515438,0,835395739
1717881654861676,15627,-56,4,1934670434,0,835550735
1717881655019004,18149,-56,4,1934827757,0,835708058
1717881655171995,20452,-56,4,1934980752,0,835861053
1717881655324302,17820,-56,4,1935133008,0,836013309
1717881655430851,15682,-56,4,1935239608,0,836119909
1717881655586691,12666,-56,4,1935395449,0,836275750
1717881655741806,14969,-56,4,1935550559,0,836430860
1717881655945659,18149,-56,4,1935754418,0,836634719
1717881656101916,18588,-56,4,1935910646,0,836790947
1717881656258767,21001,-56,4,1936067525,0,836947826
1717881656411808,15572,-56,4,1936220560,0,837100861
1717881656563792,13653,-56,4,1936372550,0,837252851
1717881656716810,14695,-56,4,1936525562,0,837405863
1717881656868798,15737,-56,4,1936677556,0,837557857
1717881657024891,20014,-56,4,1936833630,0,837713931
1717881657181687,17108,-56,4,1936990446,0,837870747
1717881657339677,19630,-56,4,1937148436,0,838028737
1717881657491659,16833,-56,4,1937300418,0,838180719
1717881657592802,10911,-56,4,1937401560,0,838281861
1717881657747059,14311,-56,4,1937555817,0,838436118
1717881657899991,14750,-56,4,1937708749,0,838589050
1717881658052991,20178,-56,4,1937861748,0,838742049
1717881658206008,21330,-56,4,1938014765,0,838895066
1717881658308805,18917,-56,4,1938117563,0,838997864
1717881658465796,14147,-56,4,1938274553,0,839154854
1717881658626676,13269,-56,4,1938435434,0,839315735
1717881658779828,12885,-56,4,1938588583,0,839468884
1717881658935676,18204,-56,4,1938744434,0,839624735
1717881659091676,15682,-56,4,1938900434,0,839780735
1717881659247797,21165,-56,4,1939056554,0,839936855
1717881659357770,20507,-56,4,1939166527,0,840046828
1717881659509676,16779,-56,4,1939318434,0,840198735
1717881659665677,13434,-56,4,1939474434,0,840354735
1717881659817882,13379,-56,4,1939626584,0,840506885
1717881659925197,14914,-56,4,1939733940,0,840614241
1717881660078942,18972,-56,4,1939887648,0,840767949
1717881660239677,22810,-56,4,1940048434,0,840928735
1717881660391676,21933,-56,4,1940200434,0,841080735
1717881660543662,13927,-56,4,1940352421,0,841232722
1717881660645884,18533,-56,4,1940454607,0,841334908
1717881660806678,14914,-56,4,1940615436,0,841495737
1717881660962676,15956,-56,4,1940771434,0,841651735
1717881661119799,15901,-56,4,1940928556,0,841808857
1717881661224798,17711,-56,4,1941033556,0,841913857
1717881661378664,20343,-56,4,1941187419,0,842067720
1717881661483925,17382,-56,4,1941292662,0,842172963
1717881661637659,14530,-56,4,1941446418,0,842326719
1717881661840663,15353,0,4,1941649419,0,842529720
1717881661992805,15956,0,4,1941801561,0,842681862
1717881662148962,19959,0,4,1941957717,0,842838018
1717881662302082,21768,0,4,1942110834,0,842991135
1717881662454999,18314,-56,4,1942263756,0,843144057
1717881662616802,13982,-56,4,1942425556,0,843305857
1717881662718805,13214,-56,4,1942527563,0,843407864
1717881662871809,15956,-56,4,1942680561,0,843560862
1717881663073691,19740,-56,4,1942882448,0,843762749
1717881663226662,17930,-56,4,1943035420,0,843915721
1717881663328792,21056,-56,4,1943137550,0,844017851
1717881663535803,15792,-56,4,1943344560,0,844224861
1717881663687857,13489,-56,4,1943496573,0,844376874
1717881663844803,13872,-56,4,1943653560,0,844533861
1717881664001784,12885,-56,4,1943810542,0,844690843
1717881664111794,18149,-56,4,1943920553,0,844800854
1717881664269665,19520,-56,4,1944078424,0,844958725
1717881664423370,14585,-56,4,1944232070,0,845112371
1717881664576120,17272,-56,4,1944384825,0,845265126
1717881664728989,13434,-56,4,1944537746,0,845418047
1717881664831007,11021,-56,4,1944639766,0,845520067
1717881664983666,15846,-56,4,1944792424,0,845672725
1717881665136752,16121,-56,4,1944945510,0,845825811
1717881665293803,21056,0,4,1945102560,0,845982861
1717881665395865,22097,-56,4,1945204623,0,846084924
1717881665556935,19082,0,4,1945365644,0,846245945
1717881665709927,14147,-56,4,1945518650,0,846398951
1717881665862797,13763,-56,4,1945671555,0,846551856
1717881666016831,15024,-56,4,1945825535,0,846705836
1717881666170690,20398,-56,4,1945979448,0,846859749
1717881666322793,19959,-56,4,1946131550,0,847011851
1717881666474864,19959,-56,4,1946283621,0,847163922
1717881666575931,18588,-56,4,1946384645,0,847264946
1717881666727753,13763,-56,4,1946536480,0,847416781
1717881666885804,11953,-56,4,1946694558,0,847574859
1717881667037662,15353,-56,4,1946846419,0,847726720
1717881667138724,17491,-56,4,1946947482,0,847827783
1717881667295689,19575,-56,4,1947104447,0,847984748
1717881667451740,21768,-56,4,1947260499,0,848140800
1717881667603691,19465,-56,4,1947412449,0,848292750
1717881667754753,16230,-56,4,1947563467,0,848443768
1717881667910794,16230,-56,4,1947719551,0,848599852
1717881668017255,16724,-56,4,1947825995,0,848706296
1717881668170060,21330,-56,4,1947978817,0,848859118
1717881668322682,18862,-56,4,1948131441,0,849011742
1717881668479658,18533,-56,4,1948288417,0,849168718
1717881668632676,16888,-56,4,1948441434,0,849321735
1717881668785743,12666,-56,4,1948594455,0,849474756
1717881668936732,12556,-56,4,1948745490,0,849625791
1717881669092805,15463,-56,4,1948901560,0,849781861
1717881669248877,17985,-56,4,1949057596,0,849937897
1717881669406816,19246,-56,4,1949215573,0,850095874
1717881669511864,19191,-56,4,1949320594,0,850200895
1717881669664784,18478,-56,4,1949473542,0,850353843
1717881669822790,19136,-56,4,1949631547,0,850511848
1717881669979801,10911,-56,4,1949788559,0,850668860
1717881670090054,16011,-56,4,1949898812,0,850779113
1717881670192111,14859,-56,4,1950000852,0,850881153
1717881670345369,20452,-56,4,1950154082,0,851034383
1717881670497797,18643,0,4,1950306555,0,851186856
1717881670658807,17327,0,4,1950467530,0,851347831
1717881670815820,14311,-56,4,1950624578,0,851504879
1717881670972856,12995,-56,4,1950781566,0,851661867
1717881671078677,15901,-56,4,1950887436,0,851767737
1717881671230666,18588,-56,4,1951039424,0,851919725
1717881671382677,19027,-56,4,1951191434,0,852071735
1717881671534795,19356,-56,4,1951343553,0,852223854
1717881671636868,16450,-56,4,1951445590,0,852325891
1717881671788797,15243,-56,4,1951597555,0,852477856
1717881671939766,12227,-56,4,1951748525,0,852628826
1717881672096689,17656,-56,4,1951905447,0,852785748
1717881672299669,19082,-56,4,1952108419,0,852988720
1717881672399925,18533,-56,4,1952208637,0,853088938
1717881672551722,20507,-56,4,1952360479,0,853240780
1717881672707792,20507,0,4,1952516550,0,853396851
1717881672812820,17437,-56,4,1952621578,0,853501879
1717881672964977,11898,-56,4,1952773679,0,853653980
1717881673115931,13379,-56,4,1952924648,0,853804949
1717881673268713,15353,-56,4,1953077472,0,853957773
1717881673425993,21275,-56,4,1953234750,0,854115051
1717881673528318,21110,-56,4,1953337072,0,854217373
1717881673681089,16450,0,4,1953489842,0,854370143
1717881673833991,16724,-56,4,1953642748,0,854523049
1717881673986665,11405,-56,4,1953795423,0,854675724
1717881674138013,15079,-56,4,1953946761,0,854827062
1717881674240724,18149,-56,4,1954049481,0,854929782
1717881674397801,18095,-56,4,1954206560,0,855086861
1717881674503091,19630,-56,4,1954311793,0,855192094
1717881674659798,17711,-56,4,1954468557,0,855348858
1717881674811795,18533,-56,4,1954620552,0,855500853
1717881674969844,15024,-56,4,1954778555,0,855658856
1717881675070805,13489,-56,4,1954879562,0,855759863
1717881675231744,13379,-56,4,1955040501,0,855920802
1717881675388660,19027,-56,4,1955197419,0,856077720
1717881675544676,19136,-56,4,1955353434,0,856233735
1717881675697690,19575,-56,4,1955506449,0,856386750
1717881675854998,18314,-56,4,1955663756,0,856544057
1717881676008138,10637,-56,4,1955816888,0,856697189
1717881676161117,11295,-56,4,1955969868,0,856850169
1717881676263799,14476,-56,4,1956072555,0,856952856
1717881676423703,20727,0,4,1956232462,0,857112763
1717881676575795,18972,-56,4,1956384552,0,857264853
1717881676676738,18095,0,4,1956485495,0,857365796
1717881676832676,17272,0,4,1956641434,0,857521735
1717881676984689,15079,0,4,1956793447,0,857673748
1717881677141664,12337,0,4,1956950419,0,857830720
1717881677293847,17546,0,4,1957102547,0,857982848
1717881677446708,16833,0,4,1957255428,0,858135729
1717881677548817,17985,0,4,1957357528,0,858237829
1717881677701676,20452,-56,4,1957510434,0,858390735
1717881677852692,17162,-56,4,1957661451,0,858541752
1717881678008679,15079,-56,4,1957817437,0,858697738
1717881678160676,13269,-56,4,1957969434,0,858849735
1717881678318795,13708,0,4,1958127552,0,859007853
1717881678472660,17217,0,4,1958281418,0,859161719
1717881678622799,18369,0,4,1958431557,0,859311858
1717881678723804,19356,0,4,1958532562,0,859412863
1717881678884964,16614,0,4,1958693668,0,859573969
1717881679036785,13434,0,4,1958845517,0,859725818
1717881679193199,12885,0,4,1959001934,0,859882235
1717881679346061,15134,0,4,1959154819,0,860035120
1717881679499055,20946,0,4,1959307814,0,860188115
1717881679651262,21823,0,4,1959459974,0,860340275
1717881679802977,14311,0,4,1959611729,0,860492030
1717881679905707,14421,0,4,1959714466,0,860594767
1717881680065739,12173,0,4,1959874498,0,860754799
1717881680218848,12995,0,4,1960027605,0,860907906
1717881680371795,13763,0,4,1960180552,0,861060853
1717881680573802,18588,0,4,1960382559,0,861262860
1717881680678921,16559,-56,4,1960487666,0,861367967
1717881680831659,15792,-56,4,1960640418,0,861520719
1717881680982799,13489,-56,4,1960791556,0,861671857
1717881681134676,11789,-56,4,1960943434,0,861823735
1717881681287694,15627,-56,4,1961096453,0,861976754
1717881681388835,16888,-56,4,1961197592,0,862077893
1717881681550664,17437,-56,4,1961359419,0,862239720
1717881681702659,22920,-56,4,1961511418,0,862391719
1717881681807804,20617,-56,4,1961616561,0,862496862
1717881681964700,13872,-56,4,1961773459,0,862653760
1717881682115808,14366,-56,4,1961924562,0,862804863
1717881682268830,15408,-56,4,1962077588,0,862957889
1717881682424680,16011,-56,4,1962233438,0,863113739
1717881682582057,20946,-56,4,1962390815,0,863271116
1717881682734990,21604,-56,4,1962543748,0,863424049
1717881682887990,16724,-56,4,1962696747,0,863577048
1717881683040667,14092,-56,4,1962849426,0,863729727
1717881683194782,15901,-56,4,1963003540,0,863883841
1717881683299804,15408,-56,4,1963108561,0,863988862
1717881683455798,14421,-56,4,1963264556,0,864144857
1717881683561774,17985,-56,4,1963370493,0,864250794
1717881683713804,18424,0,4,1963522561,0,864402862
1717881683865794,19082,0,4,1963674551,0,864554852
1717881684026737,15901,0,4,1963835495,0,864715796
1717881684181789,16285,0,4,1963990546,0,864870847
1717881684288803,15846,0,4,1964097557,0,864977858
1717881684499792,16121,0,4,1964308549,0,865188850
1717881684606237,19356,0,4,1964414953,0,865295254
1717881684759258,21714,0,4,1964567971,0,865448272
1717881684911696,17108,0,4,1964720454,0,865600755
1717881685063667,14859,0,4,1964872426,0,865752727
1717881685216796,18095,-56,4,1965025553,0,865905854
1717881685368716,14256,-56,4,1965177474,0,866057775
1717881685470838,12831,-56,4,1965279557,0,866159858
1717881685622665,15956,0,4,1965431423,0,866311724
1717881685779684,18807,-56,4,1965588442,0,866468743
1717881685930731,14914,-56,4,1965739476,0,866619777
1717881686031808,15572,-56,4,1965840565,0,866720866
1717881686239803,16559,-56,4,1966048560,0,866928861
1717881686342964,12611,-56,4,1966151668,0,867031969
1717881686501676,14914,-56,4,1966310434,0,867190735
1717881686652881,20452,-56,4,1966461599,0,867341900
1717881686804661,20672,-56,4,1966613420,0,867493721
1717881686906940,19411,-56,4,1966715651,0,867595952
1717881687058690,13324,0,4,1966867448,0,867747749
1717881687209758,12337,0,4,1967018516,0,867898817
1717881687366715,14311,0,4,1967175474,0,868055775
1717881687471881,16011,0,4,1967280597,0,868160898
1717881687626722,18040,0,4,1967435479,0,868315780
1717881687787676,18314,0,4,1967596434,0,868476735
1717881687943093,17162,0,4,1967751839,0,868632140
1717881688045051,14750,0,4,1967853806,0,868734107
1717881688198236,13105,0,4,1968006991,0,868887292
1717881688350962,15188,0,4,1968159719,0,869040020
1717881688503082,15353,0,4,1968311833,0,869192134
1717881688656679,16779,-56,4,1968465438,0,869345739
1717881688808668,18698,-56,4,1968617426,0,869497727
1717881688910819,15024,-56,4,1968719547,0,869599848
1717881689067898,19575,-56,4,1968876636,0,869756937
1717881689224676,11734,-56,4,1969033434,0,869913735
1717881689380807,15682,0,4,1969189559,0,870069860
1717881689531676,18040,0,4,1969340434,0,870220735
1717881689681792,18698,0,4,1969490548,0,870370849
1717881689833790,20233,0,4,1969642547,0,870522848
1717881689934930,18972,0,4,1969743648,0,870623949
1717881690088963,11953,0,4,1969897665,0,870777966
1717881690241676,13269,0,4,1970050434,0,870930735
1717881690393676,10528,0,4,1970202434,0,871082735
1717881690545689,17985,0,4,1970354448,0,871234749
1717881690698825,16888,0,4,1970507582,0,871387883
1717881690855659,18204,0,4,1970664418,0,871544719
1717881691008676,20727,0,4,1970817434,0,871697735
1717881691164793,13763,0,4,1970973550,0,871853851
1717881691265946,13982,-56,4,1971074652,0,871954953
1717881691417979,11734,-56,4,1971226686,0,872106987
1717881691574747,16285,0,4,1971383504,0,872263805
1717881691736987,20288,0,4,1971545745,0,872426046
1717881691839091,20343,0,4,1971647838,0,872528139
1717881692043016,15737,-56,4,1971851775,0,872732076
1717881692196776,11953,-56,4,1972005534,0,872885835
1717881692301958,15737,-56,4,1972110662,0,872990963
1717881692454763,12282,0,4,1972263520,0,873143821
1717881692609747,19191,0,4,1972418502,0,873298803
1717881692765659,18040,0,4,1972574418,0,873454719
1717881692925664,16779,0,4,1972734419,0,873614720
1717881693078660,16669,0,4,1972887418,0,873767719
1717881693230696,11624,0,4,1973039453,0,873919754
1717881693331905,12940,0,4,1973140662,0,874020963
1717881693484803,17217,0,4,1973293557,0,874173858
1717881693640791,15463,0,4,1973449549,0,874329850
1717881693793676,19685,0,4,1973602434,0,874482735
1717881693945677,22262,0,4,1973754434,0,874634735
1717881694096803,17601,0,4,1973905560,0,874785861
1717881694201792,14585,0,4,1974010549,0,874890850
1717881694413799,10199,0,4,1974222557,0,875102858
1717881694565693,12721,0,4,1974374450,0,875254751
1717881694666723,20233,0,4,1974475480,0,875355781
1717881694818716,19740,0,4,1974627474,0,875507775
1717881694970967,19082,-56,4,1974779669,0,875659970
1717881695124960,15243,0,4,1974933717,0,875814018
1717881695277958,16175,0,4,1975086714,0,875967015
1717881695380331,11131,-56,4,1975189059,0,876069360
1717881695533049,15353,-56,4,1975341807,0,876222108
1717881695686787,19082,-56,4,1975495544,0,876375845
1717881695847805,19904,-56,4,1975656556,0,876536857
1717881695953793,20891,-56,4,1975762551,0,876642852
1717881696111805,16614,-56,4,1975920563,0,876800864
1717881696267799,15243,-56,4,1976076558,0,876956859
1717881696420851,10308,-56,4,1976229578,0,877109879
1717881696576737,13872,-56,4,1976385451,0,877265752
1717881696729746,18369,-56,4,1976538461,0,877418762
1717881696839743,21494,-56,4,1976648501,0,877528802
1717881696992720,21768,-56,4,1976801478,0,877681779
1717881697093954,22536,-56,4,1976902655,0,877782956
1717881697246676,17108,-56,4,1977055434,0,877935735
1717881697399804,12666,-56,4,1977208556,0,878088857
1717881697552149,14750,-56,4,1977360902,0,878241203
1717881697705208,17491,-56,4,1977513964,0,878394265
1717881697807198,17601,-56,4,1977615915,0,878496216
1717881697960252,20507,-56,4,1977768978,0,878649279
1717881698113095,17437,-56,4,1977921842,0,878802143
1717881698316665,14640,0,4,1978125423,0,879005724
1717881698473802,15079,0,4,1978282559,0,879162860
1717881698575958,13489,0,4,1978384672,0,879264973
1717881698727804,14969,0,4,1978536561,0,879416862
1717881698888676,21056,0,4,1978697434,0,879577735
1717881699040665,19520,0,4,1978849419,0,879729720
1717881699191802,14640,56,4,1979000559,0,879880860
1717881699343699,15298,56,4,1979152456,0,880032757
1717881699445794,12831,56,4,1979254552,0,880134853
1717881699603701,11898,0,4,1979412460,0,880292761
1717881699759659,16011,0,4,1979568418,0,880448719
1717881699916878,20233,0,4,1979725612,0,880605913
1717881700018847,21439,0,4,1979827564,0,880707865
1717881700172660,18314,0,4,1979981419,0,880861720
1717881700375786,12502,0,4,1980184544,0,881064845
1717881700532803,14421,0,4,1980341556,0,881221857
1717881700685784,14256,0,4,1980494541,0,881374842
1717881700792165,17437,0,4,1980600890,0,881481191
1717881700944759,18478,0,4,1980753516,0,881633817
1717881701097722,19794,0,4,1980906480,0,881786781
1717881701253795,15353,0,4,1981062552,0,881942853
1717881701406768,13927,0,4,1981215526,0,882095827
1717881701567798,15024,0,4,1981376555,0,882256856
1717881701673743,15682,0,4,1981482496,0,882362797
1717881701829958,14585,0,4,1981638693,0,882518994
1717881701981932,20891,0,4,1981790643,0,882670944
1717881702139659,20507,0,4,1981948418,0,882828719
1717881702291667,14201,0,4,1982100419,0,882980720
1717881702446700,14914,0,4,1982255457,0,883135758
1717881702599659,12173,0,4,1982408418,0,883288719
1717881702755659,15517,0,4,1982564418,0,883444719
1717881702855920,18369,0,4,1982664638,0,883544939
1717881703012771,19849,0,4,1982821528,0,883701829
1717881703168992,20014,-56,4,1982977749,0,883858050
1717881703322017,17272,-56,4,1983130771,0,884011072
1717881703425958,13818,-56,4,1983234671,0,884114972
1717881703583724,14201,-56,4,1983392482,0,884272783
1717881703735928,11021,-56,4,1983544644,0,884424945
1717881703889723,16121,-56,4,1983698480,0,884578781
1717881704096676,18972,-56,4,1983905434,0,884785735
1717881704196793,19411,-56,4,1984005551,0,884885852
1717881704349737,14256,-56,4,1984158495,0,885038796
1717881704502660,12940,-56,4,1984311419,0,885191720
1717881704656912,14311,-56,4,1984465626,0,885345927
1717881704814846,14476,-56,4,1984623557,0,885503858
1717881704916810,15901,-56,4,1984725519,0,885605820
1717881705069873,19794,-56,4,1984878630,0,885758931
1717881705225795,19849,0,4,1985034553,0,885914854
1717881705381676,16614,0,4,1985190434,0,886070735
1717881705533940,15792,-56,4,1985342677,0,886222978
1717881705690676,12337,-56,4,1985499434,0,886379735
1717881705846961,15846,0,4,1985655717,0,886536018
1717881705949105,18314,0,4,1985757848,0,886638149
1717881706102261,22701,0,4,1985911018,0,886791319
1717881706254976,19027,0,4,1986063735,0,886944036
1717881706406994,14037,-56,4,1986215751,0,887096052
1717881706513796,15079,0,4,1986322553,0,887202854
1717881706665682,13050,-56,4,1986474441,0,887354742
1717881706818669,14969,-56,4,1986627427,0,887507728
1717881706975676,18917,0,4,1986784434,0,887664735
1717881707128676,19411,0,4,1986937434,0,887817735
1717881707280699,18753,-56,4,1987089457,0,887969758
1717881707437659,18643,-56,4,1987246418,0,888126719
1717881707589664,14201,-56,4,1987398419,0,888278720
1717881707690936,10528,0,4,1987499646,0,888379947
1717881707842807,11734,0,4,1987651564,0,888531865
1717881707999660,19904,0,4,1987808418,0,888688719
1717881708151799,21001,0,4,1987960556,0,888840857
1717881708304659,21056,0,4,1988113418,0,888993719
1717881708405758,19740,0,4,1988214515,0,889094816
1717881708559873,14476,0,4,1988368574,0,889248875
1717881708713667,12173,0,4,1988522424,0,889402725
1717881708867663,13763,0,4,1988676422,0,889556723
1717881708969966,14859,0,4,1988778686,0,889658987
1717881709125956,18369,-56,4,1988934659,0,889814960
1717881709278687,20069,-56,4,1989087446,0,889967747
1717881709430808,15682,-56,4,1989239565,0,890119866
1717881709587687,12447,-56,4,1989396446,0,890276747
1717881709739890,14201,-56,4,1989548647,0,890428948
1717881709893135,16066,-56,4,1989701865,0,890582166
1717881710046315,18533,-56,4,1989855037,0,890735338
1717881710199260,21385,-56,4,1990007967,0,890888268
1717881710352120,15956,-56,4,1990160856,0,891041157
1717881710503999,13763,-56,4,1990312756,0,891193057
1717881710706719,10199,-56,4,1990515476,0,891395777
1717881710807722,11405,-56,4,1990616480,0,891496781
1717881710959389,17272,-56,4,1990768127,0,891648428
1717881711110990,16395,-56,4,1990919746,0,891800047
1717881711212723,17656,-56,4,1991021480,0,891901781
1717881711374891,19082,-56,4,1991183605,0,892063906
1717881711481962,16175,-56,4,1991290671,0,892170972
1717881711683846,16504,-56,4,1991492604,0,892372905
1717881711835803,13982,-56,4,1991644560,0,892524861
1717881711936662,12392,-56,4,1991745421,0,892625722
1717881712088724,19520,0,4,1991897482,0,892777783
1717881712241753,18314,0,4,1992050512,0,892930813
1717881712394663,19136,0,4,1992203422,0,893083723
1717881712600803,12447,0,4,1992409560,0,893289861
1717881712752783,13872,0,4,1992561540,0,893441841
1717881712854675,12776,-56,4,1992663434,0,893543735
1717881713010718,16669,-56,4,1992819475,0,893699776
1717881713168804,18643,-56,4,1992977557,0,893857858
1717881713329662,21385,0,4,1993138419,0,894018720
1717881713481676,20781,-56,4,1993290434,0,894170735
1717881713635991,15079,-56,4,1993444749,0,894325050
1717881713788960,11953,0,4,1993597717,0,894478018
1717881713941964,14585,0,4,1993750721,0,894631022
1717881714095049,20672,0,4,1993903806,0,894784107
1717881714246958,21056,0,4,1994055715,0,894936016
1717881714399704,20398,0,4,1994208462,0,895088763
1717881714556796,14969,0,4,1994365554,0,895245855
1717881714708805,14695,0,4,1994517563,0,895397864
1717881714865799,13653,0,4,1994674556,0,895554857
1717881714971882,14366,0,4,1994780639,0,895660940
1717881715127804,19740,0,4,1994936561,0,895816862
1717881715279723,20946,0,4,1995088481,0,895968782
1717881715432798,18424,0,4,1995241555,0,896121856
1717881715588676,16504,0,4,1995397434,0,896277735
1717881715741696,12008,-56,4,1995550455,0,896430756
1717881715893817,12776,-56,4,1995702574,0,896582875
1717881716046790,14311,-56,4,1995855548,0,896735849
1717881716199738,14805,-56,4,1996008497,0,896888798
1717881716352743,22755,-56,4,1996161501,0,897041802
1717881716505796,18753,-56,4,1996314554,0,897194855
1717881716661785,15188,-56,4,1996470542,0,897350843
1717881716766936,12995,0,4,1996575651,0,897455952
1717881716925386,15298,-56,4,1996734106,0,897614407
1717881717078132,17491,-56,4,1996886883,0,897767184
1717881717231157,14859,-56,4,1997039875,0,897920176
1717881717333927,21714,-56,4,1997142638,0,898022939
1717881717488971,18862,0,4,1997297673,0,898177974
1717881717641812,17820,0,4,1997450518,0,898330819
1717881717802858,12776,0,4,1997611581,0,898491882
1717881717960791,17108,-56,4,1997769549,0,898649850
1717881718112803,15243,-56,4,1997921560,0,898801861
1717881718214802,19411,-56,4,1998023559,0,898903860
1717881718365976,20507,-56,4,1998174681,0,899054982
1717881718518948,21878,-56,4,1998327661,0,899207962
1717881718676798,12885,-56,4,1998485556,0,899365857
1717881718829803,14530,-56,4,1998638560,0,899518861
1717881718982803,12831,-56,4,1998791560,0,899671861
1717881719138803,16614,-56,4,1998947561,0,899827862
1717881719243977,20178,-56,4,1999052679,0,899932980
1717881719402056,20123,-56,4,1999210815,0,900091116
1717881719555280,16888,-56,4,1999363980,0,900244281
1717881719708145,12666,-56,4,1999516874,0,900397175
1717881719861077,16066,0,4,1999669829,0,900550130
1717881720012991,14695,-56,4,1999821748,0,900702049
1717881720165093,22372,0,4,1999973839,0,900854140
1717881720321676,20343,0,4,2000130434,0,901010735
1717881720473875,15901,0,4,2000282588,0,901162889
1717881720631856,14969,0,4,2000440613,0,901320914
1717881720787804,13543,0,4,2000596548,0,901476849
1717881720944659,11789,0,4,2000753418,0,901633719
1717881721046715,16395,0,4,2000855473,0,901735774
1717881721200793,16943,0,4,2001009551,0,901889852
1717881721352676,19356,0,4,2001161434,0,902041735
1717881721505788,19082,0,4,2001314545,0,902194846
1717881721606944,12721,0,4,2001415651,0,902295952
1717881721758723,11789,0,4,2001567480,0,902447781
1717881721914794,11515,0,4,2001723551,0,902603852
1717881722070682,16450,0,4,2001879437,0,902759738
1717881722221795,14256,0,4,2002030553,0,902910854
1717881722372794,20233,0,4,2002181551,0,903061852
1717881722472985,18972,0,4,2002281695,0,903161996
1717881722676693,17162,0,4,2002485450,0,903365751
1717881722778717,11186,-56,4,2002587474,0,903467775
1717881722930903,15408,-56,4,2002739649,0,903619950
1717881723134795,15079,-56,4,2002943552,0,903823853
1717881723237951,20452,-56,4,2003046675,0,903926976
1717881723441790,17272,-56,4,2003250547,0,904130848
1717881723594794,18698,-56,4,2003403552,0,904283853
1717881723753120,15792,-56,4,2003561863,0,904442164
1717881723905998,11350,-56,4,2003714755,0,904595056
1717881724059054,15134,-56,4,2003867811,0,904748112
1717881724212011,15792,-56,4,2004020763,0,904901064
1717881724314807,20288,-56,4,2004123564,0,905003865
1717881724517719,21275,-56,4,2004326476,0,905206777
1717881724619804,20452,-56,4,2004428561,0,905308862
1717881724776668,12611,-56,4,2004585427,0,905465728
1717881724932802,12227,-56,4,2004741555,0,905621856
1717881725033929,13214,-56,4,2004842654,0,905722955
1717881725238804,16175,-56,4,2005047561,0,905927862
1717881725394676,19959,-56,4,2005203434,0,906083735
1717881725494936,22317,-56,4,2005303638,0,906183939
1717881725652689,16669,-56,4,2005461448,0,906341749
1717881725758797,14037,-56,4,2005567556,0,906447857
1717881725919739,14147,-56,4,2005728497,0,906608798
